STATE,CONSTITUENCY,NAME,WINNER,PARTY,SYMBOL,GENDER,"CRIMINAL
CASES",AGE,CATEGORY,EDUCATION,ASSETS,LIABILITIES,"GENERAL
VOTES","POSTAL
VOTES","TOTAL
VOTES","OVER TOTAL ELECTORS 
IN CONSTITUENCY","OVER TOTAL VOTES POLLED 
IN CONSTITUENCY",TOTAL ELECTORS
Andaman & Nicobar Islands,ANDAMAN & NICOBAR ISLANDS,KULDEEP RAI SHARMA,1,INC,Hand,MALE,0,52,GENERAL,Graduate Professional,"Rs 13,22,33,012
 ~ 13 Crore+","Rs 8,04,50,870
 ~ 8 Crore+",95249,59,95308,29.92674372,45.95415578,318471
Andaman & Nicobar Islands,ANDAMAN & NICOBAR ISLANDS,VISHAL JOLLY,0,BJP,Lotus,MALE,1,46,GENERAL,Graduate Professional,"Rs 8,51,40,573
 ~ 8 Crore+","Rs 46,33,914
 ~ 46 Lacs+",93772,129,93901,29.48494525,45.27575001,318471
Andaman & Nicobar Islands,ANDAMAN & NICOBAR ISLANDS,PARITOSH KUMAR HALDAR,0,IND,Helicopter,MALE,0,61,GENERAL,Post Graduate,"Rs 1,99,16,000
 ~ 1 Crore+","Rs 13,11,000
 ~ 13 Lacs+",5339,2,5341,1.677075778,2.575241806,318471
Andaman & Nicobar Islands,ANDAMAN & NICOBAR ISLANDS,SANJAY MESHACK,0,AAP,Broom,MALE,0,49,GENERAL,12th Pass,"Rs 9,98,87,782
 ~ 9 Crore+","Rs 17,91,076
 ~ 17 Lacs+",2837,2,2839,0.891446945,1.368865659,318471
Andaman & Nicobar Islands,ANDAMAN & NICOBAR ISLANDS,PRAKASH MINJ,0,BSP,Elephant,MALE,0,43,SC,Post Graduate,"Rs 12,50,000
 ~ 12 Lacs+","Rs 2,40,000
 ~ 2 Lacs+",2478,8,2486,0.780604827,1.198661511,318471
