STATE,CONSTITUENCY,NAME,WINNER,PARTY,SYMBOL,GENDER,"CRIMINAL
CASES",AGE,CATEGORY,EDUCATION,ASSETS,LIABILITIES,"GENERAL
VOTES","POSTAL
VOTES","TOTAL
VOTES","OVER TOTAL ELECTORS 
IN CONSTITUENCY","OVER TOTAL VOTES POLLED 
IN CONSTITUENCY",TOTAL ELECTORS
Andhra Pradesh,AMALAPURAM,CHINTA ANURADHA,1,YSRCP,Ceiling Fan,FEMALE,0,46,SC,Graduate,"Rs 8,59,93,362
 ~ 8 Crore+","Rs 24,31,407
 ~ 24 Lacs+",482003,3955,485958,33.29491982,39.33710441,1459556
Andhra Pradesh,AMALAPURAM,GANTI HARISH MADHUR (BALAYOGI),0,TDP,Bicycle,MALE,0,28,SC,Graduate Professional,"Rs 7,30,49,918
 ~ 7 Crore+","Rs 15,37,488
 ~ 15 Lacs+",443590,2573,446163,30.56840573,36.11579707,1459556
Andhra Pradesh,AMALAPURAM,D M R SEKHAR,0,JnP,Glass Tumbler,MALE,1,59,SC,Post Graduate,"Rs 2,89,30,012
 ~ 2 Crore+","Rs 0
 ~",253740,1577,255317,17.49278548,20.66728295,1459556
Andhra Pradesh,AMALAPURAM,NOTA,0,NOTA,,,,,,,,,16427,41,16468,1.128288329,1.333044081,1459556
Andhra Pradesh,ANAKAPALLI,Dr.Beesetti Venkata Satyavathi,1,YSRCP,Ceiling Fan,FEMALE,0,52,GENERAL,Graduate Professional,"Rs 9,15,26,244
 ~ 9 Crore+","Rs 1,11,39,279
 ~ 1 Crore+",583210,3016,586226,38.5329471,47.25891124,1521363
Andhra Pradesh,ANAKAPALLI,ADARI ANAND KUMAR,0,TDP,Bicycle,MALE,0,43,GENERAL,10th Pass,"Rs 41,05,47,212
 ~ 41 Crore+","Rs 20,55,91,400
 ~ 20 Crore+",495381,1653,497034,32.67030945,40.06865217,1521363
Andhra Pradesh,ANAKAPALLI,Chintala Partha Sarathi,0,JnP,Glass Tumbler,MALE,0,56,GENERAL,Post Graduate,"Rs 33,53,08,506
 ~ 33 Crore+","Rs 11,09,28,567
 ~ 11 Crore+",82126,462,82588,5.428553212,6.657874201,1521363
Andhra Pradesh,ANAKAPALLI,NOTA,0,NOTA,,,,,,,,,34877,20,34897,2.29379839,2.813239647,1521363
Andhra Pradesh,ANAKAPALLI,Dr. Gandi Venkata Satyanarayana Rao (Dr Vikram),0,BJP,Lotus,MALE,0,65,GENERAL,Post Graduate,"Rs 5,76,88,924
 ~ 5 Crore+","Rs 94,97,894
 ~ 94 Lacs+",12888,388,13276,0.872638548,1.070251585,1521363
Andhra Pradesh,ANANTAPUR,TALARI RANGAIAH,1,YSRCP,Ceiling Fan,MALE,2,48,GENERAL,Doctorate,"Rs 1,17,73,091
 ~ 1 Crore+","Rs 11,35,547
 ~ 11 Lacs+",690901,4307,695208,41.77531007,51.5689326,1664160
Andhra Pradesh,ANANTAPUR,J.C. PAVAN REDDY,0,TDP,Bicycle,MALE,0,45,GENERAL,Graduate,"Rs 37,38,87,429
 ~ 37 Crore+","Rs 8,45,50,726
 ~ 8 Crore+",550597,3183,553780,33.27684838,41.07812841,1664160
Andhra Pradesh,ANANTAPUR,K.RAJIV REDDY,0,INC,Hand,MALE,0,29,GENERAL,Graduate Professional,"Rs 72,64,263
 ~ 72 Lacs+","Rs 17,00,000
 ~ 17 Lacs+",29994,85,30079,1.807458417,2.231191131,1664160
Andhra Pradesh,ANANTAPUR,D.JAGADEESH,0,CPI(M),Ears of Corn And Sickle,MALE,9,58,GENERAL,8th Pass,"Rs 2,56,13,277
 ~ 2 Crore+","Rs 27,61,973
 ~ 27 Lacs+",20192,102,20294,1.219474089,1.505362306,1664160
Andhra Pradesh,ANANTAPUR,NOTA,0,NOTA,,,,,,,,,16406,60,16466,0.98944813,1.221410059,1664160
Andhra Pradesh,ARUKU,GODDETI. MADHAVI,1,YSRCP,Ceiling Fan,FEMALE,0,26,ST,Graduate Professional,"Rs 1,41,179
 ~ 1 Lacs+","Rs 0
 ~",557561,4629,562190,38.73384511,52.13983965,1451418
Andhra Pradesh,ARUKU,KISHORE CHANDRA DEO,0,TDP,Bicycle,MALE,0,72,ST,Post Graduate,"Rs 6,57,29,020
 ~ 6 Crore+","Rs 0
 ~",336163,1938,338101,23.2945299,31.35689344,1451418
Andhra Pradesh,ARUKU,NOTA,0,NOTA,,,,,,,,,47955,22,47977,3.305526044,4.449586593,1451418
Andhra Pradesh,ARUKU,GANGULAIAH VAMPURU.,0,JnP,Glass Tumbler,MALE,3,49,ST,10th Pass,"Rs 25,67,059
 ~ 25 Lacs+","Rs 3,20,000
 ~ 3 Lacs+",42245,549,42794,2.948426987,3.968893609,1451418
Andhra Pradesh,ARUKU,Dr. KOSURI KASI VISWANADHA VEERA VENKATA SATYANARAYANA REDDY,0,BJP,Lotus,MALE,0,54,ST,Doctorate,"Rs 1,14,43,485
 ~ 1 Crore+","Rs 22,00,000
 ~ 22 Lacs+",17578,289,17867,1.23100306,1.657059917,1451418
Andhra Pradesh,ARUKU,SHRUTI DEVI VYRICHERLA,0,INC,Hand,FEMALE,0,46,ST,Graduate Professional,"Rs 2,35,92,023
 ~ 2 Crore+","Rs 0
 ~",17656,74,17730,1.221564015,1.644353967,1451418
Andhra Pradesh,ARUKU,KANGALA BALUDORA,0,IND,Cup & Saucer,MALE,0,61,ST,Illiterate,"Rs 3,40,500
 ~ 3 Lacs+","Rs 0
 ~",13810,16,13826,0.952585678,1.282280764,1451418
Andhra Pradesh,ARUKU,NARAVA SATYAVATHI,0,IND,Bangles,FEMALE,0,37,ST,10th Pass,"Rs 9,64,000
 ~ 9 Lacs+","Rs 0
 ~",11231,5,11236,0.774139497,1.042073388,1451418
Andhra Pradesh,BAPATLA,NANDIGAM SURESH,1,YSRCP,Ceiling Fan,MALE,0,42,SC,8th Pass,"Rs 41,58,610
 ~ 41 Lacs+","Rs 2,69,000
 ~ 2 Lacs+",592250,6007,598257,40.73458249,47.10692458,1468671
Andhra Pradesh,BAPATLA,MALYADRI SRIRAM,0,TDP,Bicycle,MALE,0,65,SC,Post Graduate,"Rs 4,25,20,353
 ~ 4 Crore+","Rs 5,98,794
 ~ 5 Lacs+",577403,4789,582192,39.64073642,45.84196196,1468671
Andhra Pradesh,BAPATLA,K. DEVANAND,0,BSP,Elephant,MALE,0,64,SC,Post Graduate,"Rs 3,44,36,000
 ~ 3 Crore+","Rs 12,00,000
 ~ 12 Lacs+",42262,318,42580,2.899219771,3.352761185,1468671
Andhra Pradesh,BAPATLA,NOTA,0,NOTA,,,,,,,,,13178,40,13218,0.899997345,1.040789041,1468671
Andhra Pradesh,BAPATLA,J.D. SEELAM,0,INC,Hand,MALE,0,65,SC,Post Graduate,"Rs 12,63,97,634
 ~ 12 Crore+","Rs 83,42,498
 ~ 83 Lacs+",12941,214,13155,0.895707752,1.035828403,1468671
Andhra Pradesh,CHITTOOR,N. REDDEPPA,1,YSRCP,Ceiling Fan,MALE,0,68,SC,Post Graduate,"Rs 1,73,55,862
 ~ 1 Crore+","Rs 13,41,542
 ~ 13 Lacs+",681325,5467,686792,43.84247931,52.04408795,1566499
Andhra Pradesh,CHITTOOR,NARAMALLI SIVA PRASAD,0,TDP,Bicycle,MALE,0,67,SC,Graduate Professional,"Rs 6,96,28,816
 ~ 6 Crore+","Rs 0
 ~",545374,4147,549521,35.07956277,41.6418934,1566499
Andhra Pradesh,CHITTOOR,CHEEMALA. RANGAPPA,0,INC,Hand,MALE,0,60,SC,Graduate Professional,"Rs 1,28,32,000
 ~ 1 Crore+","Rs 0
 ~",24497,146,24643,1.573125805,1.867410307,1566499
Andhra Pradesh,CHITTOOR,NOTA,0,NOTA,,,,,,,,,20503,53,20556,1.312225542,1.557703456,1566499
Andhra Pradesh,CHITTOOR,C. PUNYAMURTHY,0,BSP,Elephant,MALE,4,45,SC,Others,"Rs 3,03,23,800
 ~ 3 Crore+","Rs 2,16,35,686
 ~ 2 Crore+",19952,110,20062,1.280690253,1.520268862,1566499
Andhra Pradesh,ELURU,KOTAGIRI SRIDHAR,1,YSRCP,Ceiling Fan,MALE,0,46,GENERAL,Graduate,"Rs 46,28,08,829
 ~ 46 Crore+","Rs 3,35,60,974
 ~ 3 Crore+",672834,3975,676809,42.43449638,50.80347693,1594950
Andhra Pradesh,ELURU,MAGANTTI VENKATESWARA RAO BABU,0,TDP,Bicycle,MALE,1,59,GENERAL,10th Pass,"Rs 19,97,62,023
 ~ 19 Crore+","Rs 3,33,03,902
 ~ 3 Crore+",509549,1335,510884,32.03134895,38.3486087,1594950
Andhra Pradesh,ELURU,PENTAPATI PULLARAO,0,JnP,Glass Tumbler,MALE,Not Available,71,GENERAL,Not Available,Not Available,Not Available,76481,346,76827,4.816890812,5.766883599,1594950
Andhra Pradesh,ELURU,NOTA,0,NOTA,,,,,,,,,23861,19,23880,1.497225618,1.79251019,1594950
Andhra Pradesh,ELURU,JETTI GURUNADHA RAO,0,INC,Hand,MALE,0,55,GENERAL,Graduate,"Rs 6,96,00,598
 ~ 6 Crore+","Rs 24,02,881
 ~ 24 Lacs+",20284,94,20378,1.277657607,1.529638721,1594950
Andhra Pradesh,GUNTUR,Jayadev Galla,1,TDP,Bicycle,MALE,0,53,GENERAL,Graduate,"Rs 3,05,14,85,242
 ~ 305 Crore+","Rs 20,34,52,417
 ~ 20 Crore+",586292,1626,587918,34.45937827,43.50027783,1706119
Andhra Pradesh,GUNTUR,Modugula Venugopala Reddy,0,YSRCP,Ceiling Fan,MALE,3,52,GENERAL,Graduate Professional,"Rs 13,74,66,129
 ~ 13 Crore+","Rs 16,75,274
 ~ 16 Lacs+",580840,2873,583713,34.21291246,43.18914827,1706119
Andhra Pradesh,GUNTUR,Bonaboyina Srinivasa Rao (Bonaboyina Srinivasa Yadav),0,JnP,Glass Tumbler,MALE,1,50,GENERAL,10th Pass,"Rs 3,28,76,690
 ~ 3 Crore+","Rs 1,24,82,935
 ~ 1 Crore+",128746,459,129205,7.573035644,9.559927401,1706119
Andhra Pradesh,GUNTUR,Shaik Mastanvali,0,INC,Hand,MALE,1,53,GENERAL,Post Graduate,"Rs 6,28,06,111
 ~ 6 Crore+","Rs 0
 ~",14124,81,14205,0.832591396,1.051033387,1706119
Andhra Pradesh,HINDUPUR,KURUVA GORANTLA MADHAV,1,YSRCP,Ceiling Fan,MALE,2,50,GENERAL,Graduate,"Rs 17,87,356
 ~ 17 Lacs+","Rs 7,30,332
 ~ 7 Lacs+",699739,6863,706602,44.77214174,52.73043006,1578218
Andhra Pradesh,HINDUPUR,KRISTAPPA . NIMMALA,0,TDP,Bicycle,MALE,4,63,GENERAL,Graduate,"Rs 5,13,75,301
 ~ 5 Crore+","Rs 10,11,804
 ~ 10 Lacs+",561602,4252,565854,35.85398215,42.2270596,1578218
Andhra Pradesh,HINDUPUR,KAMAGANAHALLI THIPPESWAMY SREEDHAR (K.T.SREEDHAR),0,INC,Hand,MALE,1,41,GENERAL,Post Graduate,"Rs 4,34,62,500
 ~ 4 Crore+","Rs 81,28,000
 ~ 81 Lacs+",26973,183,27156,1.720674837,2.026526331,1578218
Andhra Pradesh,HINDUPUR,NOTA,0,NOTA,,,,,,,,,17356,72,17428,1.104283439,1.300570809,1578218
Andhra Pradesh,HINDUPUR,MITTA PARTHASARATHI,0,BJP,Lotus,MALE,2,60,GENERAL,Graduate,"Rs 35,78,49,990
 ~ 35 Crore+","Rs 10,68,20,000
 ~ 10 Crore+",13530,275,13805,0.874720729,1.030203123,1578218
Andhra Pradesh,KADAPA,Y.S.Avinash Reddy,1,YSRCP,Ceiling Fan,MALE,4,34,GENERAL,Post Graduate,"Rs 18,69,69,794
 ~ 18 Crore+","Rs 2,28,33,319
 ~ 2 Crore+",777967,5532,783499,49.89390765,63.41312795,1570330
Andhra Pradesh,KADAPA,Adi Narayana Reddy Chadipirala,0,TDP,Bicycle,MALE,0,61,GENERAL,Post Graduate,"Rs 3,07,42,398
 ~ 3 Crore+","Rs 9,61,319
 ~ 9 Lacs+",400142,2631,402773,25.64894003,32.5987599,1570330
Andhra Pradesh,KADAPA,NOTA,0,NOTA,,,,,,,,,14629,63,14692,0.935599524,1.189108953,1570330
Andhra Pradesh,KAKINADA,VANGA GEETHAVISWANATH,1,YSRCP,Ceiling Fan,FEMALE,0,55,GENERAL,Post Graduate,"Rs 20,25,28,594
 ~ 20 Crore+","Rs 3,44,16,887
 ~ 3 Crore+",534655,2975,537630,34.3768583,43.46894521,1563930
Andhra Pradesh,KAKINADA,CHALAMALASETTY SUNIL,0,TDP,Bicycle,MALE,0,49,GENERAL,Post Graduate,"Rs 25,32,66,524
 ~ 25 Crore+","Rs 1,83,10,000
 ~ 1 Crore+",508361,3531,511892,32.73113247,41.38795324,1563930
Andhra Pradesh,KAKINADA,JYOTHULA VENKATESWARA RAO,0,JnP,Glass Tumbler,MALE,0,62,GENERAL,12th Pass,"Rs 17,34,51,539
 ~ 17 Crore+","Rs 11,50,000
 ~ 11 Lacs+",132124,524,132648,8.481709539,10.72497562,1563930
Andhra Pradesh,KAKINADA,NOTA,0,NOTA,,,,,,,,,17117,36,17153,1.096788219,1.386869812,1563930
Andhra Pradesh,KURNOOL,AYUSHMAN DOCTOR SANJEEV KUMAR,1,YSRCP,Ceiling Fan,MALE,0,52,GENERAL,Post Graduate,"Rs 32,59,14,387
 ~ 32 Crore+","Rs 6,20,70,621
 ~ 6 Crore+",603098,2364,605462,38.49068886,50.85044412,1573009
Andhra Pradesh,KURNOOL,KOTLA JAYA SURYA PRAKASH REDDY,0,TDP,Bicycle,MALE,0,67,GENERAL,Graduate,"Rs 17,47,62,674
 ~ 17 Crore+","Rs 14,50,000
 ~ 14 Lacs+",453071,3324,456395,29.01413787,38.33087534,1573009
Andhra Pradesh,KURNOOL,AHMED ALI KHAN,0,INC,Hand,MALE,0,42,GENERAL,12th Pass,"Rs 15,88,31,414
 ~ 15 Crore+","Rs 0
 ~",36411,89,36500,2.32039359,3.065495787,1573009
Andhra Pradesh,KURNOOL,Dr. PARTHASARATHI VALMIKI,0,BJP,Lotus,MALE,0,48,GENERAL,Post Graduate,"Rs 29,75,10,890
 ~ 29 Crore+","Rs 6,23,28,052
 ~ 6 Crore+",24177,241,24418,1.552311525,2.050774689,1573009
Andhra Pradesh,KURNOOL,K. PRABHAKARA REDDY,0,CPI(M),"Hammer, Sickle and Star",MALE,1,58,GENERAL,Graduate Professional,"Rs 16,59,077
 ~ 16 Lacs+","Rs 85,000
 ~ 85 Thou+",18964,101,19065,1.212008323,1.601196635,1573009
Andhra Pradesh,MACHILIPATNAM,BALASHOWRY VALLABHANENI,1,YSRCP,Ceiling Fan,MALE,2,50,GENERAL,Post Graduate,"Rs 99,05,75,840
 ~ 99 Crore+","Rs 74,63,10,844
 ~ 74 Crore+",567592,5258,572850,38.88086106,45.99165671,1473347
Andhra Pradesh,MACHILIPATNAM,KONAKALLA NARAYANA RAO,0,TDP,Bicycle,MALE,0,68,GENERAL,12th Pass,"Rs 5,86,49,214
 ~ 5 Crore+","Rs 1,68,09,408
 ~ 1 Crore+",509887,2725,512612,34.79234695,41.1554074,1473347
Andhra Pradesh,MACHILIPATNAM,BANDREDDI RAMAKRISHNA,0,JnP,Glass Tumbler,MALE,0,44,GENERAL,Post Graduate,"Rs 10,08,00,000
 ~ 10 Crore+","Rs 3,76,00,000
 ~ 3 Crore+",112566,876,113442,7.699611836,9.107769086,1473347
Andhra Pradesh,MACHILIPATNAM,NOTA,0,NOTA,,,,,,,,,14067,34,14101,0.95707257,1.132108495,1473347
Andhra Pradesh,NANDYAL,POCHA . BRAHMANANDA REDDY,1,YSRCP,Ceiling Fan,MALE,1,60,GENERAL,Post Graduate,"Rs 58,59,32,911
 ~ 58 Crore+","Rs 17,70,35,582
 ~ 17 Crore+",715024,5864,720888,44.96500792,55.46209565,1603220
Andhra Pradesh,NANDYAL,MANDRA SIVANANDA REDDY,0,TDP,Bicycle,MALE,0,57,GENERAL,Graduate Professional,"Rs 34,89,03,562
 ~ 34 Crore+","Rs 6,86,93,655
 ~ 6 Crore+",466869,3900,470769,29.36396752,36.21899006,1603220
Andhra Pradesh,NANDYAL,S.P.Y. REDDY,0,JnP,Glass Tumbler,MALE,1,69,GENERAL,Graduate,"Rs 33,37,60,526
 ~ 33 Crore+","Rs 95,94,811
 ~ 95 Lacs+",38568,303,38871,2.424558077,2.990571518,1603220
Andhra Pradesh,NANDYAL,JANGITE LAKSHMI NARASIMHA YADAV,0,INC,Hand,MALE,0,33,GENERAL,Post Graduate,"Rs 33,05,200
 ~ 33 Lacs+","Rs 8,77,441
 ~ 8 Lacs+",14313,107,14420,0.899439877,1.109414249,1603220
Andhra Pradesh,NARASARAOPET,LAVU SRI KRISHNA DEVARAYALU,1,YSRCP,Ceiling Fan,MALE,0,35,GENERAL,Graduate Professional,"Rs 17,77,10,073
 ~ 17 Crore+","Rs 1,01,42,413
 ~ 1 Crore+",740509,5048,745557,44.63368158,51.74848619,1670391
Andhra Pradesh,NARASARAOPET,RAYAPATI SAMBASIVARAO,0,TDP,Bicycle,MALE,0,75,GENERAL,Graduate,"Rs 43,79,40,180
 ~ 43 Crore+","Rs 12,33,171
 ~ 12 Lacs+",589344,2211,591555,35.41416351,41.0593365,1670391
Andhra Pradesh,NARASARAOPET,NAYUB KAMAL SHAIK,0,JnP,Glass Tumbler,MALE,0,52,GENERAL,12th Pass,"Rs 5,52,64,531
 ~ 5 Crore+","Rs 54,68,120
 ~ 54 Lacs+",50713,295,51008,3.0536563,3.540422507,1670391
Andhra Pradesh,NARASARAOPET,KANNA LAKSHMI NARAYANA,0,BJP,Lotus,MALE,0,64,GENERAL,Graduate,"Rs 39,13,60,844
 ~ 39 Crore+","Rs 2,25,61,506
 ~ 2 Crore+",15255,231,15486,0.927088328,1.074870274,1670391
Andhra Pradesh,NARSAPURAM,KANUMURU RAGHU RAMA KRISHNA RAJU,1,YSRCP,Ceiling Fan,MALE,3,57,GENERAL,Post Graduate,"Rs 3,25,94,05,378
 ~ 325 Crore+","Rs 1,01,44,67,354
 ~ 101 Crore+",444376,4858,449234,31.20350131,38.09773381,1439691
Andhra Pradesh,NARSAPURAM,V.V. SIVA RAMA RAJU (KALAVAPUDI SIVA),0,TDP,Bicycle,MALE,1,48,GENERAL,Graduate,"Rs 6,09,40,339
 ~ 6 Crore+","Rs 0
 ~",414547,2011,416558,28.93384761,35.32661331,1439691
Andhra Pradesh,NARSAPURAM,NAGABABU KONIDELA,0,JnP,Glass Tumbler,MALE,0,58,GENERAL,Graduate Professional,"Rs 36,78,20,773
 ~ 36 Crore+","Rs 2,16,78,798
 ~ 2 Crore+",249188,1614,250802,17.42054371,21.26951174,1439691
Andhra Pradesh,NARSAPURAM,KANUMURU BAPIRAJU,0,INC,Hand,MALE,1,71,GENERAL,10th Pass,"Rs 14,33,19,558
 ~ 14 Crore+","Rs 0
 ~",13809,132,13941,0.968332788,1.182280297,1439691
Andhra Pradesh,NARSAPURAM,PYDIKONDALA MANIKYALA RAO,0,BJP,Lotus,MALE,3,59,GENERAL,12th Pass,"Rs 2,23,92,505
 ~ 2 Crore+","Rs 12,42,976
 ~ 12 Lacs+",12154,260,12414,0.862268362,1.052781552,1439691
Andhra Pradesh,NARSAPURAM,NOTA,0,NOTA,,,,,,,,,12074,35,12109,0.84108326,1.026915725,1439691
Andhra Pradesh,NELLORE,Adala Prabhakara Reddy,1,YSRCP,Ceiling Fan,MALE,0,70,GENERAL,12th Pass,"Rs 2,21,16,63,364
 ~ 221 Crore+","Rs 15,22,81,255
 ~ 15 Crore+",677014,6816,683830,40.87826427,53.04457705,1672845
Andhra Pradesh,NELLORE,Beeda Masthan Rao,0,TDP,Bicycle,MALE,0,60,GENERAL,Graduate,"Rs 1,65,43,92,880
 ~ 165 Crore+","Rs 68,09,73,688
 ~ 68 Crore+",529571,5688,535259,31.99692739,41.5199498,1672845
Andhra Pradesh,NELLORE,Chandra Rajagopal,0,CPI(M),"Hammer, Sickle and Star",MALE,2,67,GENERAL,10th Pass,"Rs 23,53,200
 ~ 23 Lacs+","Rs 2,40,000
 ~ 2 Lacs+",18571,259,18830,1.1256273,1.460639905,1672845
Andhra Pradesh,NELLORE,NOTA,0,NOTA,,,,,,,,,17128,33,17161,1.025857148,1.331175858,1672845
Andhra Pradesh,ONGOLE,MAGUNTA SREENIVASULU REDDY,1,YSRCP,Ceiling Fan,MALE,0,65,GENERAL,Graduate,"Rs 26,65,83,686
 ~ 26 Crore+","Rs 9,13,02,133
 ~ 9 Crore+",729344,9858,739202,47.49224045,55.00002604,1556469
Andhra Pradesh,ONGOLE,SIDDA RAGHAVA RAO,0,TDP,Bicycle,MALE,0,61,GENERAL,Graduate,"Rs 91,68,36,770
 ~ 91 Crore+","Rs 12,94,14,369
 ~ 12 Crore+",516287,8064,524351,33.68849621,39.01412422,1556469
Andhra Pradesh,ONGOLE,BELLAMKONDA SAIBABU,0,JnP,Glass Tumbler,MALE,0,49,GENERAL,Graduate Professional,"Rs 1,38,66,784
 ~ 1 Crore+","Rs 24,72,903
 ~ 24 Lacs+",29054,325,29379,1.887541609,2.185932621,1556469
Andhra Pradesh,ONGOLE,NOTA,0,NOTA,,,,,,,,,20843,22,20865,1.340534248,1.552451892,1556469
Andhra Pradesh,RAJAHMUNDRY,MARGANI BHARAT,1,YSRCP,Ceiling Fan,MALE,2,36,GENERAL,Graduate,"Rs 45,82,05,360
 ~ 45 Crore+","Rs 1,78,14,757
 ~ 1 Crore+",578471,3553,582024,37.93525983,46.54374932,1534256
Andhra Pradesh,RAJAHMUNDRY,MAGANTI ROOPA,0,TDP,Bicycle,FEMALE,0,45,GENERAL,Graduate,"Rs 43,18,48,590
 ~ 43 Crore+","Rs 32,48,74,000
 ~ 32 Crore+",459100,1290,460390,30.00737817,36.81682671,1534256
Andhra Pradesh,RAJAHMUNDRY,AKULA SATYANARAYANA,0,JnP,Glass Tumbler,MALE,0,55,GENERAL,Post Graduate,"Rs 67,39,24,565
 ~ 67 Crore+","Rs 46,19,54,372
 ~ 46 Crore+",155164,643,155807,10.1552153,12.45969573,1534256
Andhra Pradesh,RAJAHMUNDRY,NOTA,0,NOTA,,,,,,,,,18064,23,18087,1.17887758,1.446395327,1534256
Andhra Pradesh,RAJAHMUNDRY,NALLURI VIJAYA SRINIVASA RAO,0,INC,Hand,MALE,0,55,GENERAL,12th Pass,"Rs 5,62,700
 ~ 5 Lacs+","Rs 2,61,693
 ~ 2 Lacs+",12678,47,12725,0.829392227,1.017602728,1534256
Andhra Pradesh,RAJAMPET,P.V.MIDHUN REDDY,1,YSRCP,Ceiling Fan,MALE,3,42,GENERAL,Post Graduate,"Rs 66,50,85,701
 ~ 66 Crore+","Rs 20,54,73,477
 ~ 20 Crore+",695277,6934,702211,45.39360983,57.26949024,1546938
Andhra Pradesh,RAJAMPET,D A SATHYA PRABHA,0,TDP,Bicycle,FEMALE,0,68,GENERAL,12th Pass,"Rs 2,20,48,33,211
 ~ 220 Crore+","Rs 59,32,75,186
 ~ 59 Crore+",429710,4217,433927,28.05070404,35.38933183,1546938
Andhra Pradesh,RAJAMPET,SYED MUKARRAM,0,JnP,Glass Tumbler,MALE,0,42,GENERAL,10th Pass,"Rs 6,00,000
 ~ 6 Lacs+","Rs 12,00,000
 ~ 12 Lacs+",33833,153,33986,2.19698527,2.77176076,1546938
Andhra Pradesh,RAJAMPET,NOTA,0,NOTA,,,,,,,,,21289,50,21339,1.379434728,1.74032257,1546938
Andhra Pradesh,RAJAMPET,M.SHAJAHAN BASHA (JAHA),0,INC,Hand,MALE,2,48,GENERAL,10th Pass,"Rs 2,74,00,500
 ~ 2 Crore+","Rs 56,00,000
 ~ 56 Lacs+",20959,191,21150,1.367217044,1.724908494,1546938
Andhra Pradesh,SRIKAKULAM,KINJARAPU RAM MOHAN NAIDU,1,TDP,Bicycle,MALE,1,32,GENERAL,Post Graduate,"Rs 12,27,91,042
 ~ 12 Crore+","Rs 1,20,00,000
 ~ 1 Crore+",529213,5331,534544,34.40103999,45.91174333,1553860
Andhra Pradesh,SRIKAKULAM,DUVVADA SRINIVAS,0,YSRCP,Ceiling Fan,MALE,13,52,GENERAL,Post Graduate,"Rs 5,28,21,196
 ~ 5 Crore+","Rs 2,58,48,939
 ~ 2 Crore+",520931,6960,527891,33.97288044,45.34032016,1553860
Andhra Pradesh,SRIKAKULAM,METTA RAMARAO,0,JnP,Glass Tumbler,MALE,0,53,GENERAL,Post Graduate,"Rs 6,33,85,326
 ~ 6 Crore+","Rs 0
 ~",31319,637,31956,2.056555932,2.744686443,1553860
Andhra Pradesh,SRIKAKULAM,NOTA,0,NOTA,,,,,,,,,25500,45,25545,1.643970499,2.194048541,1553860
Andhra Pradesh,SRIKAKULAM,DOLA JAGAN,0,INC,Hand,MALE,0,53,GENERAL,Post Graduate,"Rs 1,23,90,000
 ~ 1 Crore+","Rs 38,46,000
 ~ 38 Lacs+",13456,289,13745,0.884571326,1.180551858,1553860
Andhra Pradesh,TIRUPATI,Balli Durga Prasad Rao,1,YSRCP,Ceiling Fan,MALE,0,63,SC,Graduate Professional,"Rs 1,74,26,921
 ~ 1 Crore+","Rs 0
 ~",717924,4953,722877,43.79870254,54.91012729,1650453
Andhra Pradesh,TIRUPATI,Panabaka Lakshmi,0,TDP,Bicycle,FEMALE,0,60,SC,Doctorate,"Rs 9,40,21,818
 ~ 9 Crore+","Rs 0
 ~",490605,3896,494501,29.96153177,37.562563,1650453
Andhra Pradesh,TIRUPATI,NOTA,0,NOTA,,,,,,,,,25750,31,25781,1.562055993,1.958338682,1650453
Andhra Pradesh,TIRUPATI,Chintamohan,0,INC,Hand,MALE,0,64,SC,Graduate Professional,"Rs 2,28,08,300
 ~ 2 Crore+","Rs 20,07,093
 ~ 20 Lacs+",23926,113,24039,1.456509213,1.826015422,1650453
Andhra Pradesh,TIRUPATI,Doctor Daggumati Sreehari Rao,0,BSP,Elephant,MALE,0,52,SC,Graduate Professional,"Rs 60,45,000
 ~ 60 Lacs+","Rs 52,79,699
 ~ 52 Lacs+",20847,124,20971,1.270620854,1.592968485,1650453
Andhra Pradesh,TIRUPATI,Bommi Srihari Rao,0,BJP,Lotus,MALE,0,44,SC,Graduate,"Rs 17,02,000
 ~ 17 Lacs+","Rs 0
 ~",16001,124,16125,0.977004495,1.224863708,1650453
Andhra Pradesh,VIJAYAWADA,KESINENI SRINIVAS (NANI),1,TDP,Bicycle,MALE,0,53,GENERAL,10th Pass,"Rs 80,81,52,415
 ~ 80 Crore+","Rs 51,23,32,955
 ~ 51 Crore+",573929,1569,575498,34.81549237,45.03907182,1652994
Andhra Pradesh,VIJAYAWADA,POTLURI.V.PRASAD ( P V P ),0,YSRCP,Ceiling Fan,MALE,1,48,GENERAL,Post Graduate,"Rs 3,47,76,16,326
 ~ 347 Crore+","Rs 20,95,77,562
 ~ 20 Crore+",564174,2598,566772,34.28760177,44.35616599,1652994
Andhra Pradesh,VIJAYAWADA,Muttamsetty Prasad babu,0,JnP,Glass Tumbler,MALE,0,66,GENERAL,Post Graduate,"Rs 3,31,69,811
 ~ 3 Crore+","Rs 1,37,447
 ~ 1 Lacs+",81416,234,81650,4.939521862,6.390013891,1652994
Andhra Pradesh,VIJAYAWADA,KILARU DILEEP,0,BJP,Lotus,MALE,0,48,GENERAL,Graduate Professional,"Rs 1,36,90,17,847
 ~ 136 Crore+","Rs 42,62,122
 ~ 42 Lacs+",18411,93,18504,1.119423301,1.448142279,1652994
Andhra Pradesh,VIJAYAWADA,NARAHARISETTY. NARASIMHARAO.,0,INC,Hand,MALE,1,58,GENERAL,Graduate Professional,"Rs 1,93,42,702
 ~ 1 Crore+","Rs 67,88,257
 ~ 67 Lacs+",16204,57,16261,0.983730128,1.272602767,1652994
Andhra Pradesh,VISAKHAPATNAM,M V V SATYANARAYANA,1,YSRCP,Ceiling Fan,MALE,1,52,GENERAL,10th Pass,"Rs 2,02,39,05,124
 ~ 202 Crore+","Rs 16,00,30,959
 ~ 16 Crore+",433968,2938,436906,23.88378068,35.23659975,1829300
Andhra Pradesh,VISAKHAPATNAM,BHARAT MATHUKUMILLI,0,TDP,Bicycle,MALE,0,29,GENERAL,Post Graduate,"Rs 2,32,53,73,550
 ~ 232 Crore+","Rs 95,91,144
 ~ 95 Lacs+",431093,1399,432492,23.6424862,34.88060933,1829300
Andhra Pradesh,VISAKHAPATNAM,V.V. LAKSHMI NARAYANA,0,JnP,Glass Tumbler,MALE,0,53,GENERAL,Post Graduate,"Rs 8,64,65,496
 ~ 8 Crore+","Rs 0
 ~",287072,1802,288874,15.79150495,23.29777462,1829300
Andhra Pradesh,VISAKHAPATNAM,DAGGUBATI PURANDESWARI,0,BJP,Lotus,FEMALE,0,58,GENERAL,Graduate,"Rs 32,40,38,450
 ~ 32 Crore+","Rs 3,49,49,036
 ~ 3 Crore+",33430,462,33892,1.852730553,2.73339995,1829300
Andhra Pradesh,VISAKHAPATNAM,NOTA,0,NOTA,,,,,,,,,16626,20,16646,0.909965561,1.342504885,1829300
Andhra Pradesh,VISAKHAPATNAM,PEDADA. RAMANIKUMARI,0,INC,Hand,FEMALE,0,48,GENERAL,Post Graduate,"Rs 11,79,36,000
 ~ 11 Crore+","Rs 0
 ~",14550,83,14633,0.799923468,1.180155833,1829300
Andhra Pradesh,VIZIANAGARAM,Bellana Chandra Sekhar,1,YSRCP,Ceiling Fan,MALE,4,57,GENERAL,Graduate Professional,"Rs 2,10,35,766
 ~ 2 Crore+","Rs 1,11,30,148
 ~ 1 Crore+",573466,4952,578418,38.45915504,47.31694907,1503980
Andhra Pradesh,VIZIANAGARAM,Ashok Gajapathi Raju Pusapati,0,TDP,Bicycle,MALE,0,67,GENERAL,12th Pass,"Rs 18,35,34,582
 ~ 18 Crore+","Rs 0
 ~",527307,3075,530382,35.26522959,43.38740855,1503980
Andhra Pradesh,VIZIANAGARAM,Mukka Srinivas Rao,0,JnP,Glass Tumbler,MALE,0,39,GENERAL,10th Pass,"Rs 1,34,28,596
 ~ 1 Crore+","Rs 0
 ~",33779,413,34192,2.273434487,2.79704491,1503980
Andhra Pradesh,VIZIANAGARAM,NOTA,0,NOTA,,,,,,,,,29468,33,29501,1.961528744,2.413301997,1503980
Andhra Pradesh,VIZIANAGARAM,Adiraju Yedla,0,INC,Hand,MALE,0,52,GENERAL,Post Graduate,"Rs 4,72,14,000
 ~ 4 Crore+","Rs 30,88,876
 ~ 30 Lacs+",15607,118,15725,1.045559116,1.286369069,1503980
Arunachal Pradesh,ARUNACHAL EAST,Tapir Gao,1,BJP,Lotus,MALE,0,54,ST,Post Graduate,"Rs 13,66,28,259
 ~ 13 Crore+","Rs 0
 ~",148567,5316,153883,45.28794425,52.03689989,339788
Arunachal Pradesh,ARUNACHAL EAST,Lowangcha Wanglat,0,INC,Hand,MALE,0,69,ST,Graduate,"Rs 35,35,30,297
 ~ 35 Crore+","Rs 41,68,771
 ~ 41 Lacs+",80378,3557,83935,24.70216723,28.38336394,339788
Arunachal Pradesh,ARUNACHAL EAST,Mongol Yomso,0,PPA,Maize,MALE,0,47,ST,12th Pass,"Rs 1,04,52,925
 ~ 1 Crore+","Rs 0
 ~",22160,777,22937,6.750385535,7.756349778,339788
Arunachal Pradesh,ARUNACHAL EAST,Bandey Mili,0,JD(S),A lady farmer carrying paddy on her head,MALE,0,38,ST,12th Pass,"Rs 1,27,20,974
 ~ 1 Crore+","Rs 0
 ~",15304,654,15958,4.696457791,5.396339092,339788
Arunachal Pradesh,ARUNACHAL EAST,C. C. Singpho,0,IND,Helicopter,MALE,0,68,ST,Graduate,"Rs 2,73,03,830
 ~ 2 Crore+","Rs 0
 ~",10955,538,11493,3.382403145,3.886459781,339788
Arunachal Pradesh,ARUNACHAL EAST,NOTA,0,NOTA,,,,,,,,,5490,85,5575,1.640728925,1.885235646,339788
Arunachal Pradesh,ARUNACHAL WEST,KIREN RIJIJU,1,BJP,Lotus,MALE,0,47,ST,Graduate Professional,"Rs 1,52,79,000
 ~ 1 Crore+","Rs 0
 ~",216494,9302,225796,48.68653981,62.02385956,463775
Arunachal Pradesh,ARUNACHAL WEST,NABAM TUKI,0,INC,Hand,MALE,1,51,ST,Graduate,"Rs 1,00,29,50,534
 ~ 100 Crore+","Rs 20,49,55,775
 ~ 20 Crore+",49362,1591,50953,10.98657754,13.99626971,463775
Arunachal Pradesh,ARUNACHAL WEST,JARJUM ETE,0,JD(S),A lady farmer carrying paddy on her head,FEMALE,0,56,ST,Post Graduate,"Rs 3,82,65,000
 ~ 3 Crore+","Rs 0
 ~",41510,2410,43920,9.470109428,12.0643763,463775
Arunachal Pradesh,ARUNACHAL WEST,KHYODA APIK,0,NPEP,Book,MALE,1,42,ST,12th Pass,"Rs 30,07,37,886
 ~ 30 Crore+","Rs 75,00,000
 ~ 75 Lacs+",26530,589,27119,5.847447577,7.449312863,463775
Arunachal Pradesh,ARUNACHAL WEST,SUBU KECHI,0,PPA,Maize,MALE,0,45,ST,Graduate Professional,"Rs 19,55,000
 ~ 19 Lacs+","Rs 0
 ~",4633,133,4766,1.027653496,1.309171618,463775
