STATE,CONSTITUENCY,NAME,WINNER,PARTY,SYMBOL,GENDER,"CRIMINAL
CASES",AGE,CATEGORY,EDUCATION,ASSETS,LIABILITIES,"GENERAL
VOTES","POSTAL
VOTES","TOTAL
VOTES","OVER TOTAL ELECTORS 
IN CONSTITUENCY","OVER TOTAL VOTES POLLED 
IN CONSTITUENCY",TOTAL ELECTORS
Arunachal Pradesh,ARUNACHAL EAST,Tapir Gao,1,BJP,Lotus,MALE,0,54,ST,Post Graduate,"Rs 13,66,28,259
 ~ 13 Crore+","Rs 0
 ~",148567,5316,153883,45.28794425,52.03689989,339788
Arunachal Pradesh,ARUNACHAL EAST,Lowangcha Wanglat,0,INC,Hand,MALE,0,69,ST,Graduate,"Rs 35,35,30,297
 ~ 35 Crore+","Rs 41,68,771
 ~ 41 Lacs+",80378,3557,83935,24.70216723,28.38336394,339788
Arunachal Pradesh,ARUNACHAL EAST,Mongol Yomso,0,PPA,Maize,MALE,0,47,ST,12th Pass,"Rs 1,04,52,925
 ~ 1 Crore+","Rs 0
 ~",22160,777,22937,6.750385535,7.756349778,339788
Arunachal Pradesh,ARUNACHAL EAST,Bandey Mili,0,JD(S),A lady farmer carrying paddy on her head,MALE,0,38,ST,12th Pass,"Rs 1,27,20,974
 ~ 1 Crore+","Rs 0
 ~",15304,654,15958,4.696457791,5.396339092,339788
Arunachal Pradesh,ARUNACHAL EAST,C. C. Singpho,0,IND,Helicopter,MALE,0,68,ST,Graduate,"Rs 2,73,03,830
 ~ 2 Crore+","Rs 0
 ~",10955,538,11493,3.382403145,3.886459781,339788
Arunachal Pradesh,ARUNACHAL EAST,NOTA,0,NOTA,,,,,,,,,5490,85,5575,1.640728925,1.885235646,339788
Arunachal Pradesh,ARUNACHAL WEST,KIREN RIJIJU,1,BJP,Lotus,MALE,0,47,ST,Graduate Professional,"Rs 1,52,79,000
 ~ 1 Crore+","Rs 0
 ~",216494,9302,225796,48.68653981,62.02385956,463775
Arunachal Pradesh,ARUNACHAL WEST,NABAM TUKI,0,INC,Hand,MALE,1,51,ST,Graduate,"Rs 1,00,29,50,534
 ~ 100 Crore+","Rs 20,49,55,775
 ~ 20 Crore+",49362,1591,50953,10.98657754,13.99626971,463775
Arunachal Pradesh,ARUNACHAL WEST,JARJUM ETE,0,JD(S),A lady farmer carrying paddy on her head,FEMALE,0,56,ST,Post Graduate,"Rs 3,82,65,000
 ~ 3 Crore+","Rs 0
 ~",41510,2410,43920,9.470109428,12.0643763,463775
Arunachal Pradesh,ARUNACHAL WEST,KHYODA APIK,0,NPEP,Book,MALE,1,42,ST,12th Pass,"Rs 30,07,37,886
 ~ 30 Crore+","Rs 75,00,000
 ~ 75 Lacs+",26530,589,27119,5.847447577,7.449312863,463775
Arunachal Pradesh,ARUNACHAL WEST,SUBU KECHI,0,PPA,Maize,MALE,0,45,ST,Graduate Professional,"Rs 19,55,000
 ~ 19 Lacs+","Rs 0
 ~",4633,133,4766,1.027653496,1.309171618,463775
