STATE,CONSTITUENCY,NAME,WINNER,PARTY,SYMBOL,GENDER,CRIMINAL_CASES,AGE,CATEGORY,EDUCATION,ASSETS,LIABILITIES,"GENERAL
VOTES","POSTAL
VOTES","TOTAL
VOTES","OVER TOTAL ELECTORS 
IN CONSTITUENCY","OVER TOTAL VOTES POLLED 
IN CONSTITUENCY",TOTAL ELECTORS
Assam,AUTONOMOUS DISTRICT,HOREN SING BEY,1,BJP,Lotus,MALE,2,49,ST,Graduate,"Rs 2,06,93,570
 ~ 2 Crore+","Rs 59,56,209
 ~ 59 Lacs+",380183,1133,381316,47.90733028,61.71579878,795945
Assam,AUTONOMOUS DISTRICT,BIREN SINGH ENGTI,0,INC,Hand,MALE,0,76,ST,Post Graduate,"Rs 78,66,276
 ~ 78 Lacs+","Rs 0
 ~",141344,346,141690,17.80148126,22.93245374,795945
Assam,AUTONOMOUS DISTRICT,JONES INGTI KATHAR,0,IND,Battery Torch,MALE,0,68,ST,Post Graduate,"Rs 6,10,218
 ~6 Lacs+",NIL,39425,158,39583,4.973082311,6.406488222,795945
Assam,AUTONOMOUS DISTRICT,HOLIRAM TERANG,0,ASDC,Table,MALE,0,61,ST,Graduate,"Rs 5,37,85,471
 ~ 5 Crore+","Rs 50,00,000
 ~ 50 Lacs+",36840,75,36915,4.637883271,5.974673792,795945
Assam,AUTONOMOUS DISTRICT,LIENKHOCHON,0,NPEP,Book,MALE,0,39,ST,8th Pass,"Rs 68,30,962
 ~ 68 Lacs+","Rs 16,06,436
 ~ 16 Lacs+",9920,117,10037,1.261016779,1.624483296,795945
Assam,AUTONOMOUS DISTRICT,NOTA,0,NOTA,,,,,,,,,8160,34,8194,1.029468117,1.326194692,795945
Assam,BARPETA,Abdul Khaleque,1,INC,Hand,MALE,0,44,GENERAL,Post Graduate,"Rs 73,98,753
 ~ 73 Lacs+","Rs 27,03,693
 ~ 27 Lacs+",643441,1732,645173,38.2858133,44.22603934,1685149
Assam,BARPETA,Kumar Deepak Das,0,AGP,Elephant,MALE,1,66,GENERAL,Graduate Professional,"Rs 2,37,01,000
 ~ 2 Crore+","Rs 10,32,000
 ~ 10 Lacs+",501319,3547,504866,29.95972463,34.60811841,1685149
Assam,BARPETA,Rafiqul Islam,0,AIUDF,Lock and Key,MALE,2,44,GENERAL,Doctorate,"Rs 33,89,683
 ~ 33 Lacs+","Rs 4,30,436
 ~ 4 Lacs+",248360,307,248667,14.75638059,17.04590323,1685149
Assam,BARPETA,Ashahak Ali Dewan,0,AITC,Flowers and Grass,MALE,0,65,GENERAL,Graduate,"Rs 13,60,000
 ~ 13 Lacs+","Rs 0
 ~",20405,61,20466,1.214492012,1.402926225,1685149
Assam,DHUBRI,BADRUDDIN AJMAL,1,AIUDF,Lock and Key,MALE,7,63,GENERAL,Post Graduate,"Rs 78,80,64,044
 ~ 78 Crore+","Rs 1,01,59,381
 ~ 1 Crore+",718131,633,718764,38.67304147,42.65514896,1858566
Assam,DHUBRI,ABU TAHER BEPARI,0,INC,Hand,MALE,1,52,GENERAL,Post Graduate,"Rs 3,73,95,652
 ~ 3 Crore+","Rs 22,10,543
 ~ 22 Lacs+",492086,420,492506,26.49924727,29.22783667,1858566
Assam,DHUBRI,ZABED ISLAM,0,AGP,Elephant,MALE,0,50,GENERAL,Graduate,"Rs 1,21,33,685
 ~ 1 Crore+","Rs 13,91,293
 ~ 13 Lacs+",398770,963,399733,21.50760317,23.72221016,1858566
Assam,DIBRUGARH,RAMESWAR TELI,1,BJP,Lotus,MALE,0,48,GENERAL,10th Pass,"Rs 43,70,067
 ~ 43 Lacs+","Rs 0
 ~",657983,1600,659583,50.18439207,64.9200978,1314319
Assam,DIBRUGARH,PABAN SINGH GHATOWAR,0,INC,Hand,MALE,0,67,GENERAL,Graduate,"Rs 5,74,88,181
 ~ 5 Crore+","Rs 0
 ~",294663,354,295017,22.44637717,29.03733494,1314319
Assam,DIBRUGARH,NOTA,0,NOTA,,,,,,,,,21240,48,21288,1.61969811,2.095292089,1314319
Assam,GAUHATI,QUEEN OJA,1,BJP,Lotus,FEMALE,0,67,GENERAL,Graduate,"Rs 63,02,19,570
 ~ 63 Crore+","Rs 3,40,34,178
 ~ 3 Crore+",1007156,1780,1008936,46.25348241,57.19753961,2181319
Assam,GAUHATI,BOBBEETA SHARMA,0,INC,Hand,FEMALE,0,52,GENERAL,Post Graduate,"Rs 16,23,99,812
 ~ 16 Crore+","Rs 1,75,91,733
 ~ 1 Crore+",662776,554,663330,30.40958246,37.60480739,2181319
Assam,GAUHATI,UPAMANYU HAZARIKA,0,IND,Auto- Rickshaw,MALE,0,53,GENERAL,Graduate Professional,"Rs 6,45,30,377
 ~ 6 Crore+","Rs 26,02,358
 ~ 26 Lacs+",21114,79,21193,0.97156812,1.201451288,2181319
Assam,JORHAT,TOPON KUMAR GOGOI,1,BJP,Lotus,MALE,0,50,GENERAL,Post Graduate,"Rs 1,25,97,461
 ~ 1 Crore+","Rs 4,55,398
 ~ 4 Lacs+",540942,2346,543288,39.80029816,51.31070437,1365035
Assam,JORHAT,SUSHANTA BORGOHAIN,0,INC,Hand,MALE,0,44,GENERAL,Graduate,"Rs 2,15,16,244
 ~ 2 Crore+","Rs 0
 ~",459480,1155,460635,33.74528858,43.50456168,1365035
Assam,JORHAT,KANAK GOGOI,0,CPI(M),Ears of Corn And Sickle,MALE,0,42,GENERAL,Post Graduate,"Rs 23,894
 ~ 23 Thou+","Rs 0
 ~",17759,90,17849,1.30758552,1.685744508,1365035
Assam,JORHAT,NOTA,0,NOTA,,,,,,,,,12536,33,12569,0.920782251,1.187076179,1365035
Assam,KALIABOR,Gaurav Gogoi,1,INC,Hand,MALE,0,36,GENERAL,Post Graduate,"Rs 1,37,27,834
 ~ 1 Crore+","Rs 12,50,000
 ~ 12 Lacs+",785014,1078,786092,45.30951538,55.17228794,1734938
Assam,KALIABOR,Moni Madhab Mahanta,0,AGP,Elephant,MALE,0,41,GENERAL,Post Graduate,"Rs 27,50,757
 ~ 27 Lacs+","Rs 0
 ~",574456,1642,576098,33.20568228,40.43374661,1734938
Assam,KALIABOR,Sri Jiten Gogoi,0,IND,Cauliflower,MALE,1,57,GENERAL,8th Pass,"Rs 9,03,03,570
 ~ 9 Crore+","Rs 11,00,000
 ~ 11 Lacs+",18253,91,18344,1.05732885,1.287483463,1734938
Assam,KALIABOR,NOTA,0,NOTA,,,,,,,,,15845,68,15913,0.917208569,1.116862426,1734938
Assam,KARIMGANJ,KRIPANATH MALLAH,1,BJP,Lotus,MALE,0,46,SC,Graduate,"Rs 18,71,040
 ~ 18 Lacs+","Rs 0
 ~",471946,1100,473046,35.29738325,44.57819744,1340173
Assam,KARIMGANJ,RADHESHYAM BISWAS,0,AIUDF,Lock and Key,MALE,0,66,SC,12th Pass,"Rs 1,21,70,204
 ~ 1 Crore+","Rs 0
 ~",434519,138,434657,32.43290232,40.9605526,1340173
Assam,KARIMGANJ,SWARUP DAS,0,INC,Hand,MALE,1,37,SC,Graduate,"Rs 91,06,386
 ~ 91 Lacs+","Rs 47,82,191
 ~ 47 Lacs+",120293,159,120452,8.987794859,11.35097441,1340173
Assam,KOKRAJHAR,Naba Kumar Sarania,1,IND,Battery Torch,MALE,5,50,ST,12th Pass,"Rs 1,30,13,994
 ~ 1 Crore+","Rs 1,75,069
 ~ 1 Lacs+",482556,2004,484560,27.27828512,32.74620475,1776358
Assam,KOKRAJHAR,Pramila Rani Brahma,0,BOPF,Nangol,FEMALE,0,69,ST,Graduate,"Rs 4,47,14,985
 ~ 4 Crore+","Rs 0
 ~",443410,3364,446774,25.15112382,30.19265495,1776358
Assam,KOKRAJHAR,Urkhao Gwra Brahma,0,UPPL,Tractor Chalata Kisan,MALE,0,56,ST,Graduate,"Rs 1,51,08,266
 ~ 1 Crore+","Rs 0
 ~",309736,2699,312435,17.58851538,21.11412515,1776358
Assam,KOKRAJHAR,Sabda Ram Rabha,0,INC,Hand,MALE,0,50,ST,Graduate Professional,"Rs 53,27,404
 ~ 53 Lacs+","Rs 2,00,000
 ~ 2 Lacs+",146251,867,147118,8.282001714,9.942125124,1776358
Assam,KOKRAJHAR,Biraj Deka,0,CPI(M),"Hammer, Sickle and Star",MALE,0,26,ST,Post Graduate,"Rs 15,33,900
 ~ 15 Lacs+","Rs 2,48,000
 ~ 2 Lacs+",27804,324,28128,1.583464594,1.90086934,1776358
Assam,KOKRAJHAR,NOTA,0,NOTA,,,,,,,,,15867,121,15988,0.900043797,1.08045716,1776358
Assam,LAKHIMPUR,PRADAN BARUAH,1,BJP,Lotus,MALE,0,53,ST,12th Pass,"Rs 1,43,07,978
 ~ 1 Crore+","Rs 58,39,285
 ~ 58 Lacs+",774017,2389,776406,45.45667978,60.47011176,1708013
Assam,LAKHIMPUR,ANIL BORGOHAIN,0,INC,Hand,MALE,0,51,GENERAL,10th Pass,"Rs 5,11,85,000
 ~ 5 Crore+","Rs 0
 ~",425002,853,425855,24.93277276,33.16756883,1708013
Assam,LAKHIMPUR,NOTA,0,NOTA,,,,,,,,,15187,33,15220,0.89109392,1.185404416,1708013
Assam,LAKHIMPUR,ARUP KALITA,0,CPI(M),Ears of Corn And Sickle,MALE,0,51,GENERAL,Graduate Professional,"Rs 25,19,069
 ~ 25 Lacs+","Rs 0
 ~",13357,21,13378,0.783249308,1.041940886,1708013
Assam,MANGALDOI,DILIP SAIKIA,1,BJP,Lotus,MALE,0,45,GENERAL,Graduate,"Rs 62,06,286
 ~ 62 Lacs+","Rs 0
 ~",732740,2729,735469,40.85400978,48.8223396,1800237
Assam,MANGALDOI,BHUBANESWAR KALITA,0,INC,Hand,MALE,0,67,GENERAL,Post Graduate,"Rs 12,66,99,173
 ~ 12 Crore+","Rs 0
 ~",595845,1079,596924,33.15807863,39.6253632,1800237
Assam,MANGALDOI,PRODEEP KUMAR DAIMARY,0,UPPL,Tractor Chalata Kisan,MALE,0,55,ST,Post Graduate,"Rs 10,35,500
 ~ 10 Lacs+","Rs 0
 ~",103402,468,103870,5.769795866,6.895159979,1800237
Assam,MANGALDOI,NOTA,0,NOTA,,,,,,,,,18495,23,18518,1.02864234,1.229272865,1800237
Assam,NOWGONG,Pradyut Bordoloi,1,INC,Hand,MALE,0,59,GENERAL,Post Graduate,"Rs 7,41,43,272
 ~ 7 Crore+","Rs 40,11,152
 ~ 40 Lacs+",738881,843,739724,41.21833362,49.52544951,1794648
Assam,NOWGONG,Sri Rupak Sharma,0,BJP,Lotus,MALE,0,46,GENERAL,Graduate,"Rs 6,27,17,347
 ~ 6 Crore+","Rs 72,24,404
 ~ 72 Lacs+",720727,2245,722972,40.28489152,48.4038821,1794648
Assam,SILCHAR,RAJDEEP ROY,1,BJP,Lotus,MALE,0,48,GENERAL,Post Graduate,"Rs 2,99,01,767
 ~ 2 Crore+","Rs 69,76,701
 ~ 69 Lacs+",496235,3179,499414,41.76680159,52.5317401,1195720
Assam,SILCHAR,SUSHMITA DEV,0,INC,Hand,FEMALE,1,46,GENERAL,Post Graduate,"Rs 10,67,07,145
 ~ 10 Crore+","Rs 1,94,05,127
 ~ 1 Crore+",416233,1585,417818,34.94279597,43.94892131,1195720
Assam,TEZPUR,PALLAB LOCHAN DAS,1,BJP,Lotus,MALE,0,41,GENERAL,Graduate,"Rs 1,44,45,139
 ~ 1 Crore+","Rs 0
 ~",681437,2729,684166,45.62204637,57.40201446,1499639
Assam,TEZPUR,M.G.V.K. BHANU,0,INC,Hand,MALE,0,60,GENERAL,Post Graduate,"Rs 8,28,46,198
 ~ 8 Crore+","Rs 0
 ~",440461,864,441325,29.42874919,37.02748168,1499639
Assam,TEZPUR,BIJOY KUMAR TIRU,0,IND,Cup & Saucer,MALE,0,68,GENERAL,Graduate,"Rs 41,36,542
 ~ 41 Lacs+","Rs 1,00,000
 ~ 1 Lacs+",23626,20,23646,1.576779478,1.983916234,1499639
Assam,TEZPUR,NOTA,0,NOTA,,,,,,,,,15588,38,15626,1.041984104,1.311032524,1499639
