STATE,CONSTITUENCY,NAME,WINNER,PARTY,SYMBOL,GENDER,"CRIMINAL
CASES",AGE,CATEGORY,EDUCATION,ASSETS,LIABILITIES,"GENERAL
VOTES","POSTAL
VOTES","TOTAL
VOTES","OVER TOTAL ELECTORS 
IN CONSTITUENCY","OVER TOTAL VOTES POLLED 
IN CONSTITUENCY",TOTAL ELECTORS
Bihar,ARARIA,PRADEEP KUMAR SINGH,1,BJP,Lotus,MALE,3,52,GENERAL,10th Pass,"Rs 50,10,577
 ~ 50 Lacs+","Rs 11,59,200
 ~ 11 Lacs+",618004,430,618434,34.25394045,52.86931039,1805439
Bihar,ARARIA,SARFARAZ ALAM,0,RJD,Hurricane Lamp,MALE,6,50,GENERAL,Graduate,"Rs 7,66,18,366
 ~ 7 Crore+","Rs 85,66,199
 ~ 85 Lacs+",481120,73,481193,26.65240975,41.13671317,1805439
Bihar,ARARIA,NOTA,0,NOTA,,,,,,,,,20606,12,20618,1.14199372,1.762612407,1805439
Bihar,ARRAH,R. K. Singh,1,BJP,Lotus,MALE,1,66,GENERAL,Graduate Professional,"Rs 7,99,71,720
 ~ 7 Crore+","Rs 0
 ~",560106,6374,566480,27.11269948,52.33245632,2089353
Bihar,ARRAH,Raju Yadav,0,CPI(ML)(L),Flag with Three Stars,MALE,1,36,GENERAL,Post Graduate,"Rs 6,82,315
 ~ 6 Lacs+","Rs 0
 ~",418266,929,419195,20.06338804,38.7259992,2089353
Bihar,ARRAH,NOTA,0,NOTA,,,,,,,,,21763,62,21825,1.044581744,2.016233334,2089353
Bihar,ARRAH,Shiv das Singh,0,IND,Football,MALE,0,81,GENERAL,12th Pass,"Rs 31,96,572
 ~ 31 Lacs+","Rs 0
 ~",13768,5,13773,0.659199283,1.272374878,2089353
Bihar,ARRAH,Raj Giri Bhagat,0,SSD,Saw,MALE,0,70,GENERAL,12th Pass,"Rs 44,37,819
 ~ 44 Lacs+","Rs 0
 ~",12592,6,12598,0.602961778,1.163826233,2089353
Bihar,AURANGABAD,SUSHIL KUMAR SINGH,1,BJP,Lotus,MALE,3,53,GENERAL,Post Graduate,"Rs 16,78,95,109
 ~ 16 Crore+","Rs 37,46,607
 ~ 37 Lacs+",426116,1605,427721,24.54100476,45.72262683,1742883
Bihar,AURANGABAD,NARESH YADAV,1,BSP,Elephant,MALE,5,34,GENERAL,Literate,"Rs 1,26,74,177
 ~ 1 Crore+","Rs 8,24,000
 ~ 8 Lacs+",33697,75,33772,1.937708957,3.610167734,1742883
Bihar,AURANGABAD,UPENDRA PRASAD,0,HAMS,Telephone,MALE,0,55,GENERAL,Post Graduate,"Rs 2,03,94,370
 ~ 2 Crore+","Rs 4,71,998
 ~ 4 Lacs+",356846,323,357169,20.49299924,38.18074142,1742883
Bihar,AURANGABAD,DHIRENDRA KUMAR SINGH,0,IND,Air Conditioner,MALE,0,62,GENERAL,Graduate,"Rs 83,89,250
 ~ 83 Lacs+","Rs 0
 ~",24826,6,24832,1.424765747,2.65449737,1742883
Bihar,AURANGABAD,NOTA,0,NOTA,,,,,,,,,22397,27,22424,1.286603863,2.397086381,1742883
Bihar,AURANGABAD,DR DHARMENDRA KUMAR,0,AHFBK,CHESS BOARD,MALE,1,42,ST,Graduate,"Rs 60,06,600
 ~ 60 Lacs+","Rs 0
 ~",16584,5,16589,0.951813748,1.773335086,1742883
Bihar,AURANGABAD,SANTOSH KUMAR SINHA,0,IND,Almirah,MALE,0,43,GENERAL,Graduate,"Rs 12,75,000
 ~ 12 Lacs+","Rs 0
 ~",15010,4,15014,0.861446236,1.604970341,1742883
Bihar,AURANGABAD,AVINASH KUMAR,0,PPID,Table,MALE,0,35,GENERAL,Post Graduate,"Rs 37,17,856
 ~ 37 Lacs+","Rs 0
 ~",13668,12,13680,0.784906388,1.462368074,1742883
Bihar,AURANGABAD,YOGENDRA RAM,0,IND,Balloon,MALE,0,58,SC,Literate,"Rs 1,55,000
 ~ 1 Lacs+","Rs 0
 ~",11979,8,11987,0.687768485,1.281389335,1742883
Bihar,AURANGABAD,SOM PRAKASH,0,SPL,Tractor Chalata Kisan,MALE,0,46,GENERAL,Graduate,"Rs 14,37,80,000
 ~ 14 Crore+","Rs 0
 ~",11709,4,11713,0.672047407,1.252099214,1742883
Bihar,BANKA,GIRIDHARI YADAV,1,JD(U),Arrow,MALE,1,58,GENERAL,Post Graduate,"Rs 1,98,16,050
 ~ 1 Crore+","Rs 4,05,701
 ~ 4 Lacs+",476948,840,477788,28.11519871,47.97742655,1699394
Bihar,BANKA,JAI PRAKASH NARAYAN YADAV,0,RJD,Hurricane Lamp,MALE,2,65,GENERAL,Post Graduate,"Rs 6,87,39,932
 ~ 6 Crore+","Rs 6,18,721
 ~ 6 Lacs+",276856,400,277256,16.31499229,27.84086117,1699394
Bihar,BANKA,PUTUL KUMARI,0,IND,Gas Cylinder,FEMALE,3,61,GENERAL,Post Graduate,"Rs 5,38,01,629
 ~ 5 Crore+","Rs 17,00,000
 ~ 17 Lacs+",103448,281,103729,6.103881737,10.41602233,1699394
Bihar,BANKA,MANOJ KUMAR SAH,0,IND,FLUTE,MALE,0,44,GENERAL,10th Pass,"Rs 41,500
 ~ 41 Thou+","Rs 0
 ~",44394,4,44398,2.612578366,4.458257185,1699394
Bihar,BANKA,PRAVIN KUMAR JHA,0,IND,Baby Walker,MALE,0,46,GENERAL,12th Pass,"Rs 73,41,490
 ~ 73 Lacs+","Rs 0
 ~",17021,4,17025,1.00182771,1.709577651,1699394
Bihar,BANKA,MRITUNJAY ROY,0,IND,Black Board,MALE,0,38,GENERAL,Literate,"Rs 26,05,273
 ~ 26 Lacs+","Rs 0
 ~",14228,1,14229,0.837298472,1.428815295,1699394
Bihar,BANKA,MD RAFIQUE ALAM,0,BSP,Elephant,MALE,1,50,GENERAL,Graduate,"Rs 1,68,62,361
 ~ 1 Crore+","Rs 97,503
 ~ 97 Thou+",11931,29,11960,0.703780289,1.200972024,1699394
Bihar,BEGUSARAI,Giriraj Singh,1,BJP,Lotus,MALE,6,66,GENERAL,Graduate,"Rs 8,30,24,577
 ~ 8 Crore+","Rs 1,22,36,000
 ~ 1 Crore+",687577,4616,692193,35.34514717,56.43630713,1958382
Bihar,BEGUSARAI,Kanhaiya Kumar,0,CPI(M),Ears of Corn And Sickle,MALE,5,32,GENERAL,Doctorate,"Rs 5,57,848
 ~ 5 Lacs+","Rs 0
 ~",267917,2059,269976,13.78566592,22.01184995,1958382
Bihar,BEGUSARAI,Mo. Tanweer Hassan,0,RJD,Hurricane Lamp,MALE,1,59,GENERAL,Doctorate,"Rs 1,54,83,136
 ~ 1 Crore+","Rs 14,46,000
 ~ 14 Lacs+",196800,1433,198233,10.12228462,16.16245537,1958382
Bihar,BEGUSARAI,NOTA,0,NOTA,,,,,,,,,20408,37,20445,1.043974056,1.666934365,1958382
Bihar,BEGUSARAI,Saurabh,0,IND,Cup & Saucer,MALE,0,27,GENERAL,12th Pass,"Rs 20,17,370
 ~ 20 Lacs+","Rs 0
 ~",18636,2,18638,0.951704009,1.519604926,1958382
Bihar,BHAGALPUR,AJAY KUMAR MANDAL,1,JD(U),Arrow,MALE,0,41,GENERAL,8th Pass,"Rs 68,01,126
 ~ 68 Lacs+","Rs 53,64,747
 ~ 53 Lacs+",616724,1530,618254,33.89884967,59.26616832,1823820
Bihar,BHAGALPUR,SHAILESH KUMAR ALIAS VULO MANDAL,0,RJD,Hurricane Lamp,MALE,0,43,GENERAL,12th Pass,"Rs 3,03,64,808
 ~ 3 Crore+","Rs 21,80,647
 ~ 21 Lacs+",339999,625,340624,18.67640447,32.6524039,1823820
Bihar,BHAGALPUR,NOTA,0,NOTA,,,,,,,,,31528,39,31567,1.730817734,3.026029974,1823820
Bihar,BUXAR,Ashwini Kumar Choubey,1,BJP,Lotus,MALE,3,66,GENERAL,Graduate,"Rs 4,01,83,612
 ~ 4 Crore+","Rs 13,50,667
 ~ 13 Lacs+",468690,4363,473053,25.85875051,47.93021413,1829373
Bihar,BUXAR,Jagadanand Singh,0,RJD,Hurricane Lamp,MALE,1,75,GENERAL,Graduate Professional,"Rs 3,58,71,242
 ~ 3 Crore+","Rs 5,30,000
 ~ 5 Lacs+",353627,1817,355444,19.4298265,36.01394988,1829373
Bihar,BUXAR,Sushil Kumar Singh,0,BSP,Elephant,MALE,1,50,GENERAL,Graduate Professional,"Rs 96,32,514
 ~ 96 Lacs+","Rs 2,65,000
 ~ 2 Lacs+",80031,230,80261,4.387350201,8.132126667,1829373
Bihar,BUXAR,NOTA,0,NOTA,,,,,,,,,16379,68,16447,0.899051205,1.666426874,1829373
Bihar,BUXAR,Uday Narayan Rai @ Luddu Rajbhar,0,SBSP,Walking Stick,MALE,0,34,GENERAL,Graduate,"Rs 6,95,070
 ~ 6 Lacs+","Rs 0
 ~",14163,7,14170,0.77458233,1.435718903,1829373
Bihar,BUXAR,Ramchandra Singh Yadav,0,IND,Almirah,MALE,Not Available,42,GENERAL,Not Available,Not Available,Not Available,10721,9,10730,0.58653976,1.087174582,1829373
Bihar,DARBHANGA,Gopal Jee Thakur,1,BJP,Lotus,MALE,0,49,GENERAL,Post Graduate,"Rs 1,93,01,808
 ~ 1 Crore+","Rs 10,39,660
 ~ 10 Lacs+",585013,1655,586668,35.45226615,60.76249858,1654811
Bihar,DARBHANGA,Abdul Bari Siddiqui,0,RJD,Hurricane Lamp,MALE,0,67,GENERAL,12th Pass,"Rs 2,11,27,716
 ~ 2 Crore+","Rs 9,11,152
 ~ 9 Lacs+",317485,1204,318689,19.25833222,33.00732255,1654811
Bihar,DARBHANGA,NOTA,0,NOTA,,,,,,,,,20444,24,20468,1.236878411,2.119915899,1654811
Bihar,DARBHANGA,SAGUNI RAY,0,IND,Cup & Saucer,MALE,0,58,GENERAL,Literate,"Rs 5,74,658
 ~ 5 Lacs+","Rs 0
 ~",13768,6,13774,0.832360916,1.426603557,1654811
Bihar,DARBHANGA,MD. MUKHTAR,0,BSP,Elephant,MALE,1,64,GENERAL,Literate,"Rs 77,61,074
 ~ 77 Lacs+","Rs 1,20,000
 ~ 1 Lacs+",11243,12,11255,0.680138094,1.165705171,1654811
Bihar,GAYA (SC),Vijay Kumar,1,JD(U),Arrow,MALE,3,55,SC,12th Pass,"Rs 1,27,66,141
 ~ 1 Crore+","Rs 31,48,932
 ~ 31 Lacs+",465748,1259,467007,27.39693159,48.76573376,1704596
Bihar,GAYA (SC),Jitan Ram Manjhi,0,HAMS,Telephone,MALE,3,73,SC,Graduate,"Rs 35,94,156
 ~ 35 Lacs+","Rs 61,622
 ~ 61 Thou+",313984,597,314581,18.45487142,32.84912923,1704596
Bihar,GAYA (SC),NOTA,0,NOTA,,,,,,,,,29988,42,30030,1.761707759,3.135788082,1704596
Bihar,GAYA (SC),Vijay Kumar Chaudhary,0,JDR,Dolli,MALE,0,49,SC,Post Graduate,"Rs 45,45,813
 ~ 45 Lacs+","Rs 5,59,100
 ~ 5 Lacs+",23448,14,23462,1.376396519,2.449945387,1704596
Bihar,GAYA (SC),Sheo Shankar,0,APoI,Coat,MALE,1,61,SC,Post Graduate,"Rs 40,80,034
 ~ 40 Lacs+","Rs 0
 ~",20459,5,20464,1.200519067,2.136888688,1704596
Bihar,GAYA (SC),Dayanand Rajwanshi,0,MOSP,Walking Stick,MALE,0,27,SC,Post Graduate,"Rs 4,14,000
 ~ 4 Lacs+","Rs 0
 ~",14552,1,14553,0.853750683,1.519651147,1704596
Bihar,GAYA (SC),Rakesh Chaudhari,0,MADP,Auto- Rickshaw,MALE,0,46,SC,12th Pass,"Rs 35,34,000
 ~ 35 Lacs+","Rs 2,18,000
 ~ 2 Lacs+",14528,4,14532,0.85251872,1.517458289,1704596
Bihar,GAYA (SC),Dilip Kumar,0,BSP,Elephant,MALE,0,48,SC,Graduate,"Rs 18,22,000
 ~ 18 Lacs+","Rs 1,66,454
 ~ 1 Lacs+",12953,78,13031,0.764462664,1.360721096,1704596
Bihar,GAYA (SC),Rajesh Kumar Paswan,0,AJPR,Camera,MALE,0,38,SC,10th Pass,"Rs 9,86,000
 ~ 9 Lacs+","Rs 5,00,000
 ~ 5 Lacs+",11653,18,11671,0.684678364,1.218707383,1704596
Bihar,GAYA (SC),Prakash Chandra,0,PMP,Batsman,MALE,0,53,SC,Graduate,"Rs 81,91,437
 ~ 81 Lacs+","Rs 38,40,400
 ~ 38 Lacs+",11161,4,11165,0.654993911,1.165869928,1704596
Bihar,GAYA (SC),Umesh Rajak,0,PPID,Table,MALE,0,49,SC,Graduate Professional,"Rs 1,35,315
 ~ 1 Lacs+","Rs 0
 ~",10391,7,10398,0.609997912,1.085778371,1704596
Bihar,GAYA (SC),Sunil Paswan,0,BBMP,Envelope,MALE,0,52,SC,10th Pass,"Rs 16,94,622
 ~ 16 Lacs+","Rs 0
 ~",9886,8,9894,0.580430788,1.03314976,1704596
Bihar,GOPALGANJ (SC),DR. ALOK KUMAR SUMAN,1,JD(U),Arrow,MALE,0,61,SC,Post Graduate,"Rs 3,27,39,903
 ~ 3 Crore+","Rs 35,76,376
 ~ 35 Lacs+",562424,5726,568150,30.88587529,55.3722214,1839514
Bihar,GOPALGANJ (SC),SURENDRA RAM,0,RJD,Hurricane Lamp,MALE,1,41,SC,Graduate,"Rs 81,95,606
 ~ 81 Lacs+","Rs 21,600
 ~ 21 Thou+",278606,3110,281716,15.31469725,27.45620122,1839514
Bihar,GOPALGANJ (SC),NOTA,0,NOTA,,,,,,,,,51565,95,51660,2.808350466,5.034812915,1839514
Bihar,GOPALGANJ (SC),KUNAL KISHOR VIVEK,0,BSP,Elephant,MALE,0,29,SC,Post Graduate,"Rs 2,00,000
 ~ 2 Lacs+","Rs 0
 ~",35690,326,36016,1.957908448,3.510139797,1839514
Bihar,GOPALGANJ (SC),DINANATH MANJHI,0,IND,Cauliflower,MALE,0,40,SC,Graduate,"Rs 69,59,365
 ~ 69 Lacs+","Rs 0
 ~",15550,50,15600,0.848050083,1.520384852,1839514
Bihar,GOPALGANJ (SC),SURENDRA RAM,0,IND,Air Conditioner,MALE,3,46,SC,Literate,"Rs 40,69,000
 ~ 40 Lacs+","Rs 50,000
 ~ 50 Thou+",13791,16,13807,0.750578685,1.345638055,1839514
Bihar,GOPALGANJ (SC),DILIP KUMAR MANJHI,0,IND,Helicopter,MALE,0,44,SC,Graduate,"Rs 1,10,19,000
 ~ 1 Crore+","Rs 0
 ~",12766,7,12773,0.694368186,1.244863828,1839514
Bihar,HAJIPUR (SC),PASHU PATI KUMAR PARAS,1,LJP,Bungalow,MALE,1,66,SC,Graduate Professional,"Rs 6,28,34,200
 ~ 6 Crore+","Rs 67,44,375
 ~ 67 Lacs+",539665,1645,541310,29.68255117,53.71844236,1823664
Bihar,HAJIPUR (SC),SHIV CHANDRA RAM,0,RJD,Hurricane Lamp,MALE,3,49,SC,Graduate,"Rs 1,86,30,915
 ~ 1 Crore+","Rs 49,97,011
 ~ 49 Lacs+",335283,578,335861,18.41682459,33.33012464,1823664
Bihar,HAJIPUR (SC),RAJ KR. PASWAN,0,IND,Telephone,MALE,0,32,SC,12th Pass,"Rs 27,000
 ~ 27 Thou+","Rs 0
 ~",30784,13,30797,1.688743102,3.056228168,1823664
Bihar,HAJIPUR (SC),NOTA,0,NOTA,,,,,,,,,25194,62,25256,1.384904237,2.506351223,1823664
Bihar,HAJIPUR (SC),ARVIND PASWAN,0,IND,Air Conditioner,MALE,0,33,SC,12th Pass,"Rs 12,05,263
 ~ 12 Lacs+","Rs 47,000
 ~ 47 Thou+",18324,22,18346,1.005996719,1.820617656,1823664
Bihar,HAJIPUR (SC),UMESH DAS,0,BSP,Elephant,MALE,0,47,SC,10th Pass,"Rs 1,10,21,433
 ~ 1 Crore+","Rs 15,00,000
 ~ 15 Lacs+",14424,155,14579,0.799434545,1.446788663,1823664
Bihar,HAJIPUR (SC),RAJGIR PASWAN,0,BJKVP,Grapes,MALE,0,41,SC,Literate,"Rs 10,82,600
 ~ 10 Lacs+","Rs 0
 ~",11195,4,11199,0.614093386,1.111364719,1823664
Bihar,JAHANABAD,CHANDESHWAR PRASAD,1,JD(U),Arrow,MALE,3,68,GENERAL,10th Pass,"Rs 13,92,71,693
 ~ 13 Crore+","Rs 0
 ~",333191,2393,335584,21.12645377,40.81373528,1588454
Bihar,JAHANABAD,SURENDRA PRASAD YADAV,0,RJD,Hurricane Lamp,MALE,8,60,GENERAL,Post Graduate,"Rs 8,73,52,346
 ~ 8 Crore+","Rs 30,63,057
 ~ 30 Lacs+",332116,1717,333833,21.0162208,40.60077861,1588454
Bihar,JAHANABAD,ARUN KUMAR,0,RSPSR,Truck,MALE,3,60,GENERAL,Doctorate,"Rs 6,94,73,960
 ~ 6 Crore+","Rs 11,15,692
 ~ 11 Lacs+",34088,470,34558,2.175574489,4.202944907,1588454
Bihar,JAHANABAD,NOTA,0,NOTA,,,,,,,,,27574,109,27683,1.742763719,3.366807219,1588454
Bihar,JAHANABAD,KUNTI DEVI,0,CPI(ML)(L),Flag with Three Stars,FEMALE,5,54,GENERAL,Literate,"Rs 4,15,800
 ~ 4 Lacs+","Rs 0
 ~",26285,40,26325,1.657271788,3.201647222,1588454
Bihar,JAHANABAD,NITYA NAND SINGH,0,BSP,Elephant,MALE,3,38,GENERAL,12th Pass,"Rs 3,69,29,975
 ~ 3 Crore+","Rs 6,98,096
 ~ 6 Lacs+",19024,187,19211,1.209414941,2.336442347,1588454
Bihar,JAHANABAD,SUNIL KUMAR,0,PPID,Table,MALE,0,38,GENERAL,Graduate,"Rs 25,53,613
 ~ 25 Lacs+","Rs 0
 ~",9444,0,9444,0.594540352,1.148579539,1588454
Bihar,JAHANABAD,ARBIND KUMAR,0,ravp,Scissors,MALE,1,68,GENERAL,Doctorate,"Rs 91,20,02,858
 ~ 91 Crore+","Rs 12,92,562
 ~ 12 Lacs+",9096,13,9109,0.573450663,1.10783683,1588454
Bihar,JAMUI (SC),CHIRAG KUMAR PASWAN,1,LJP,Bungalow,MALE,1,37,SC,Graduate Professional,"Rs 1,84,66,066
 ~ 1 Crore+","Rs 0
 ~",527860,1274,529134,30.78483187,55.72406617,1718814
Bihar,JAMUI (SC),BHUDEO CHOUDHARY,0,BLSP,Ceiling Fan,MALE,3,56,SC,Graduate,"Rs 1,77,23,000
 ~ 1 Crore+","Rs 15,00,000
 ~ 15 Lacs+",287805,280,288085,16.76068498,30.33875654,1718814
Bihar,JAMUI (SC),NOTA,0,NOTA,,,,,,,,,39450,46,39496,2.297863527,4.159395763,1718814
Bihar,JAMUI (SC),UPENDRA RAVIDAS,0,BSP,Elephant,MALE,Not Available,40,SC,Not Available,Not Available,Not Available,31504,107,31611,1.839116973,3.329012038,1718814
Bihar,JAMUI (SC),SUBHASH PASWAN,0,IND,Bat,MALE,0,51,SC,Graduate,"Rs 17,70,000
 ~ 17 Lacs+","Rs 0
 ~",16714,5,16719,0.972705598,1.760708369,1718814
Bihar,JAMUI (SC),VIRENDRA KUMAR,0,IND,Cup & Saucer,MALE,0,60,SC,Graduate,"Rs 2,15,37,694
 ~ 2 Crore+","Rs 5,55,000
 ~ 5 Lacs+",14611,17,14628,0.851051946,1.540501347,1718814
Bihar,JAMUI (SC),VISHNU PRIYA,0,BMUP,Cot,FEMALE,0,32,SC,Graduate,"Rs 88,10,000
 ~ 88 Lacs+","Rs 0
 ~",10598,27,10625,0.6181588,1.11893812,1718814
Bihar,JHANJHARPUR,Ramprit Mandal,1,JD(U),Arrow,MALE,1,63,GENERAL,10th Pass,"Rs 8,81,19,686
 ~ 8 Crore+","Rs 10,00,000
 ~ 10 Lacs+",601597,794,602391,32.51918979,56.70144043,1852417
Bihar,JHANJHARPUR,GULAB YADAV,0,RJD,Hurricane Lamp,MALE,2,51,GENERAL,Literate,"Rs 9,68,21,512
 ~ 9 Crore+","Rs 1,67,77,175
 ~ 1 Crore+",279168,272,279440,15.08515631,26.30293367,1852417
Bihar,JHANJHARPUR,Bipeen Kumar Singhwait,0,IND,Gas Cylinder,MALE,0,29,GENERAL,Graduate Professional,"Rs 55,82,385
 ~ 55 Lacs+","Rs 9,40,000
 ~ 9 Lacs+",29504,2,29506,1.592837898,2.777320214,1852417
Bihar,JHANJHARPUR,Devendra Prasad Yadav,0,SJDD,Ganna Kisan,MALE,0,65,GENERAL,Graduate,"Rs 1,14,23,806
 ~ 1 Crore+","Rs 0
 ~",25586,44,25630,1.383597754,2.412482786,1852417
Bihar,JHANJHARPUR,Om Prakash Poddar,0,IND,Helicopter,MALE,3,45,GENERAL,Post Graduate,"Rs 31,43,831
 ~ 31 Lacs+","Rs 0
 ~",21987,1,21988,1.186989754,2.069671147,1852417
Bihar,JHANJHARPUR,Ganpati Jha,0,IND,Auto- Rickshaw,MALE,2,53,GENERAL,10th Pass,"Rs 4,53,05,838
 ~ 4 Crore+","Rs 3,50,000
 ~ 3 Lacs+",21625,7,21632,1.167771619,2.036161827,1852417
Bihar,KARAKAT,MAHABALI SINGH,1,JD(U),Arrow,MALE,3,64,GENERAL,8th Pass,"Rs 4,34,42,051
 ~ 4 Crore+","Rs 30,00,000
 ~ 30 Lacs+",396282,2126,398408,22.49299084,45.81793258,1771254
Bihar,KARAKAT,UPENDRA KUSHWAHA,0,BLSP,Ceiling Fan,MALE,5,56,GENERAL,Post Graduate,"Rs 3,10,34,113
 ~ 3 Crore+","Rs 13,58,960
 ~ 13 Lacs+",312269,1597,313866,17.71998821,36.09538771,1771254
Bihar,KARAKAT,RAJA RAM SINGH,0,CPI(ML)(L),Flag with Three Stars,MALE,3,63,GENERAL,Graduate,"Rs 1,33,81,190
 ~ 1 Crore+","Rs 14,80,000
 ~ 14 Lacs+",24892,40,24932,1.407590329,2.867243366,1771254
Bihar,KARAKAT,NOTA,0,NOTA,,,,,,,,,22002,102,22104,1.247929433,2.542016179,1771254
Bihar,KARAKAT,RAJ NARAYAN TIWARI,0,BSP,Elephant,MALE,0,45,GENERAL,12th Pass,"Rs 74,20,911
 ~ 74 Lacs+","Rs 70,000
 ~ 70 Thou+",21587,128,21715,1.225967591,2.49728019,1771254
Bihar,KARAKAT,MOHAMMAD ATAHAR HUSAIN,0,ANC,Gramophone,MALE,0,48,GENERAL,Post Graduate,"Rs 6,21,955
 ~ 6 Lacs+","Rs 2,99,896
 ~ 2 Lacs+",12416,15,12431,0.701819163,1.429596594,1771254
Bihar,KARAKAT,MAMTA PANDEY,0,RSPSR,Truck,FEMALE,0,43,GENERAL,12th Pass,"Rs 39,45,000
 ~ 39 Lacs+","Rs 50,000
 ~ 50 Thou+",8821,30,8851,0.499702471,1.017887495,1771254
Bihar,KATIHAR,DULAL CHANDRA GOSWAMI,1,JD(U),Arrow,MALE,1,51,GENERAL,Graduate,"Rs 1,33,02,734
 ~ 1 Crore+","Rs 31,30,766
 ~ 31 Lacs+",558984,439,559423,33.83566607,50.02490412,1653353
Bihar,KATIHAR,TARIQ ANWAR,0,INC,Hand,MALE,1,68,GENERAL,Graduate,"Rs 11,92,91,973
 ~ 11 Crore+","Rs 5,82,950
 ~ 5 Lacs+",502044,176,502220,30.37584835,44.90967898,1653353
Bihar,KATIHAR,NOTA,0,NOTA,,,,,,,,,20572,12,20584,1.244985191,1.840669094,1653353
Bihar,KHAGARIA,Choudhary Mehboob Ali Kaiser,1,LJP,Bungalow,MALE,1,52,GENERAL,Graduate,"Rs 10,97,88,313
 ~ 10 Crore+","Rs 0
 ~",509138,1055,510193,30.43286604,52.73797796,1676454
Bihar,KHAGARIA,Mukesh Sahani,0,VSIP,Boat with Man and Sail,MALE,4,40,GENERAL,8th Pass,"Rs 11,96,99,803
 ~ 11 Crore+","Rs 1,65,47,563
 ~ 1 Crore+",261409,214,261623,15.60573687,27.04362468,1676454
Bihar,KHAGARIA,Priadarshi Dinkar,0,IND,Auto- Rickshaw,MALE,0,31,GENERAL,Graduate,"Rs 3,21,000
 ~ 3 Lacs+","Rs 0
 ~",51847,0,51847,3.092658671,5.359356054,1676454
Bihar,KHAGARIA,Bandan Kumar Singh,0,IND,Air Conditioner,MALE,0,27,GENERAL,10th Pass,"Rs 6,03,000
 ~ 6 Lacs+","Rs 0
 ~",20445,4,20449,1.219776982,2.113786178,1676454
Bihar,KHAGARIA,Moni Kumar,0,BMUP,Cot,MALE,0,35,SC,12th Pass,"Rs 5,66,260
 ~ 5 Lacs+","Rs 50,000
 ~ 50 Thou+",16686,6,16692,0.99567301,1.72543004,1676454
Bihar,KHAGARIA,Nagendra Singh Tyagi,0,IND,Gas Cylinder,MALE,4,44,GENERAL,Graduate,"Rs 70,51,000
 ~ 70 Lacs+","Rs 0
 ~",16073,24,16097,0.960181431,1.663925674,1676454
Bihar,KHAGARIA,Dhirendra Chaudhary,0,AAM,CHAPATI ROLLER,MALE,0,38,GENERAL,8th Pass,"Rs 15,19,500
 ~ 15 Lacs+","Rs 0
 ~",10744,3,10747,0.641055466,1.110903225,1676454
Bihar,KISHANGANJ,Dr. Mohammad Jawed,1,INC,Hand,MALE,1,54,GENERAL,Graduate Professional,"Rs 9,09,73,803
 ~ 9 Crore+","Rs 53,83,958
 ~ 53 Lacs+",366820,197,367017,22.11410712,33.31502756,1659651
Bihar,KISHANGANJ,Syed Mahmood Ashraf,0,JD(U),Arrow,MALE,4,54,GENERAL,12th Pass,"Rs 1,98,54,930
 ~ 1 Crore+","Rs 35,98,799
 ~ 35 Lacs+",332325,226,332551,20.03740545,30.18646474,1659651
Bihar,KISHANGANJ,Akhtarul Iman,0,AIMIM,Kite,MALE,4,55,GENERAL,Post Graduate,"Rs 72,62,890
 ~ 72 Lacs+","Rs 19,08,918
 ~ 19 Lacs+",294859,170,295029,17.77656869,26.78050135,1659651
Bihar,KISHANGANJ,NOTA,0,NOTA,,,,,,,,,19719,3,19722,1.188322123,1.790214005,1659651
Bihar,KISHANGANJ,Rajesh Kumar Dubey,0,IND,Helicopter,MALE,0,42,GENERAL,Graduate,"Rs 5,07,291
 ~ 5 Lacs+","Rs 0
 ~",15182,2,15184,0.914891143,1.378288685,1659651
Bihar,MADHEPURA,Dinesh Chandra Yadav,1,JD(U),Arrow,MALE,1,67,GENERAL,Graduate Professional,"Rs 3,74,20,953
 ~ 3 Crore+","Rs 7,00,000
 ~ 7 Lacs+",623460,874,624334,33.12322303,54.40098566,1884883
Bihar,MADHEPURA,Sharad Yadav,0,RJD,Hurricane Lamp,MALE,3,71,GENERAL,Graduate Professional,"Rs 8,15,33,690
 ~ 8 Crore+","Rs 0
 ~",322410,397,322807,17.12610279,28.12760314,1884883
Bihar,MADHEPURA,Rajesh Ranjan @ Pappu Yadav,0,JAPL,HOCKEY & BALL,MALE,31,51,GENERAL,Graduate,"Rs 11,95,43,561
 ~ 11 Crore+","Rs 1,76,95,194
 ~ 1 Crore+",97466,165,97631,5.179684893,8.507021292,1884883
Bihar,MADHEPURA,NOTA,0,NOTA,,,,,,,,,38429,21,38450,2.039914414,3.350318738,1884883
Bihar,MADHEPURA,Suman Kumar Jha,0,IND,COCONUT FARM,MALE,0,57,GENERAL,Post Graduate,"Rs 1,12,76,322
 ~ 1 Crore+","Rs 0
 ~",17573,11,17584,0.9328961,1.532171773,1884883
Bihar,MADHUBANI,ASHOK KUMAR YADAV,1,BJP,Lotus,MALE,1,49,GENERAL,Doctorate,"Rs 4,66,99,125
 ~ 4 Crore+","Rs 78,92,847
 ~ 78 Lacs+",594811,1032,595843,33.23536729,61.76420588,1792798
Bihar,MADHUBANI,BADRI KUMAR PURBEY,0,VSIP,Boat with Man and Sail,MALE,Not Available,46,GENERAL,Not Available,Not Available,Not Available,140705,198,140903,7.85939074,14.605797,1792798
Bihar,MADHUBANI,DR. SHAKEEL AHMAD,0,IND,Helicopter,MALE,1,63,GENERAL,Graduate Professional,"Rs 2,68,02,196
 ~ 2 Crore+","Rs 0
 ~",131416,114,131530,7.336576681,13.63420565,1792798
Bihar,MADHUBANI,HEMA JHA,0,IND,Bat,FEMALE,0,57,GENERAL,10th Pass,"Rs 1,08,74,083
 ~ 1 Crore+","Rs 0
 ~",14254,0,14254,0.795070053,1.4775486,1792798
Bihar,MADHUBANI,ABUBAKAR RAHMANI,0,IND,Almirah,MALE,0,30,GENERAL,Post Graduate,"Rs 7,57,606
 ~ 7 Lacs+","Rs 0
 ~",12491,1,12492,0.696787926,1.294902281,1792798
Bihar,MADHUBANI,ANAND KUMAR JHA,0,AKBMP,DIAMOND,MALE,0,39,GENERAL,Post Graduate,"Rs 1,89,200
 ~ 1 Lacs+","Rs 0
 ~",10109,18,10127,0.564871224,1.049749872,1792798
Bihar,MAHARAJGANJ,Janardan Singh 'Sigriwal",1,BJP,Lotus,MALE,5,55,GENERAL,Graduate,"Rs 1,04,51,986
 ~ 1 Crore+","Rs 3,76,000
 ~ 3 Lacs+",543523,2829,546352,30.22246217,56.1519195,1807768
Bihar,MAHARAJGANJ,Randhir Kumar Singh,0,RJD,Hurricane Lamp,MALE,3,36,GENERAL,12th Pass,"Rs 3,91,12,311
 ~ 3 Crore+","Rs 62,66,511
 ~ 62 Lacs+",314803,777,315580,17.45688606,32.43407685,1807768
Bihar,MAHARAJGANJ,Anirudh Prasad alias Sadhu Yadav,0,BSP,Elephant,MALE,5,51,GENERAL,Graduate,"Rs 7,98,25,395
 ~ 7 Crore+","Rs 2,24,04,267
 ~ 2 Crore+",24913,126,25039,1.385078174,2.573410388,1807768
Bihar,MAHARAJGANJ,NOTA,0,NOTA,,,,,,,,,22149,19,22168,1.226263547,2.278340248,1807768
Bihar,MAHARAJGANJ,M.K. Singh Rathour,0,IND,Cauliflower,MALE,0,47,GENERAL,Graduate Professional,"Rs 3,56,23,127
 ~ 3 Crore+","Rs 15,47,000
 ~ 15 Lacs+",20495,2,20497,1.13382912,2.106601411,1807768
Bihar,MAHARAJGANJ,Dr. Shree Bhagwan Singh,0,IND,Whistle,MALE,1,67,GENERAL,Graduate Professional,"Rs 1,34,59,000
 ~ 1 Crore+","Rs 9,50,000
 ~ 9 Lacs+",13135,2,13137,0.726697231,1.350169426,1807768
Bihar,MUNGER,RAJIV RANJAN SINGH ALIAS LALAN SINGH,1,JD(U),Arrow,MALE,1,65,GENERAL,Graduate,"Rs 8,83,24,866
 ~ 8 Crore+","Rs 75,34,918
 ~ 75 Lacs+",525519,3243,528762,28.00609102,51.01708636,1888025
Bihar,MUNGER,NILAM DEVI,0,INC,Hand,FEMALE,2,48,GENERAL,Literate,"Rs 62,16,59,689
 ~ 62 Crore+","Rs 21,46,10,632
 ~ 21 Crore+",359303,1522,360825,19.11124058,34.81384855,1888025
Bihar,MUNGER,AMARJIT PATEL,0,IND,Tractor Chalata Kisan,MALE,0,38,GENERAL,Graduate,"Rs 1,25,45,972
 ~ 1 Crore+","Rs 6,34,728
 ~ 6 Lacs+",18639,7,18646,0.987592855,1.799041142,1888025
Bihar,MUNGER,DINA SAW,0,IND,Bat,MALE,0,50,GENERAL,8th Pass,"Rs 11,52,595
 ~ 11 Lacs+","Rs 0
 ~",15890,3,15893,0.841779108,1.533420619,1888025
Bihar,MUNGER,UCHIT KUMAR,0,IND,Balloon,MALE,0,46,GENERAL,12th Pass,"Rs 4,64,986
 ~ 4 Lacs+","Rs 0
 ~",12364,6,12370,0.655182002,1.193507397,1888025
Bihar,MUNGER,DR. RAJESH KUMAR RATNAKAR,0,IND,Air Conditioner,MALE,0,42,SC,Graduate Professional,"Rs 15,95,000
 ~ 15 Lacs+","Rs 0
 ~",11044,10,11054,0.585479535,1.066534419,1888025
Bihar,MUNGER,KUMAR NAVNEET HIMANSHU,0,BSP,Elephant,MALE,3,34,SC,12th Pass,"Rs 44,07,000
 ~ 44 Lacs+","Rs 0
 ~",10477,135,10612,0.562068829,1.02388848,1888025
Bihar,MUZAFFARPUR,Ajay Nishad,1,BJP,Lotus,MALE,1,50,GENERAL,Graduate,"Rs 29,88,67,486
 ~ 29 Crore+","Rs 1,57,14,320
 ~ 1 Crore+",664074,2804,666878,38.53554326,63.00175625,1730553
Bihar,MUZAFFARPUR,Raj Bhushan Choudhary,0,VSIP,Boat with Man and Sail,MALE,0,41,GENERAL,Post Graduate,"Rs 7,16,00,000
 ~ 7 Crore+","Rs 1,41,00,000
 ~ 1 Crore+",255837,1053,256890,14.84438789,24.26908844,1730553
Bihar,MUZAFFARPUR,Sukhdeo Prasad,0,VPI,Gas Cylinder,MALE,0,70,GENERAL,12th Pass,"Rs 20,25,238
 ~ 20 Lacs+","Rs 3,00,000
 ~ 3 Lacs+",24525,1,24526,1.417234838,2.31703711,1730553
Bihar,MUZAFFARPUR,Sudhir Kumar Jha,0,YKP,Water Melon,MALE,0,40,GENERAL,Graduate,"Rs 86,78,000
 ~ 86 Lacs+","Rs 3,80,000
 ~ 3 Lacs+",15838,5,15843,0.915487708,1.496730773,1730553
Bihar,NALANDA,Kaushlendra Kumar,1,JD(U),Arrow,MALE,0,60,GENERAL,12th Pass,"Rs 2,92,51,651
 ~ 2 Crore+","Rs 27,12,389
 ~ 27 Lacs+",539183,1705,540888,25.57621043,52.41802778,2114809
Bihar,NALANDA,Ashok Kumar Azad,0,HAMS,Telephone,MALE,0,46,GENERAL,12th Pass,"Rs 5,67,86,845
 ~ 5 Crore+","Rs 11,29,071
 ~ 11 Lacs+",284587,164,284751,13.46462021,27.59552038,2114809
Bihar,NALANDA,Ramvilaf Paswan,0,RAHIS,Tractor Chalata Kisan,MALE,0,61,SC,5th Pass,"Rs 45,14,580
 ~ 45 Lacs+","Rs 1,925
 ~ 1 Thou+",21268,8,21276,1.0060483,2.061879648,2114809
Bihar,NALANDA,Brahamdev Prasad,0,SSD,Saw,MALE,0,60,GENERAL,Post Graduate,"Rs 32,73,000
 ~ 32 Lacs+","Rs 0
 ~",16346,0,16346,0.772930321,1.584108137,2114809
Bihar,NALANDA,Shashi Kumar,0,BSP,Elephant,MALE,0,33,GENERAL,10th Pass,"Rs 25,62,000
 ~ 25 Lacs+","Rs 0
 ~",12612,63,12675,0.599344905,1.228347647,2114809
Bihar,NALANDA,Rakesh Paswan,0,IND,Battery Torch,MALE,0,33,SC,Graduate,"Rs 5,92,000
 ~ 5 Lacs+","Rs 0
 ~",11960,4,11964,0.565724848,1.159443886,2114809
Bihar,NAWADA,Chandan Singh,1,LJP,Bungalow,MALE,2,36,GENERAL,Graduate,"Rs 17,67,20,167
 ~ 17 Crore+","Rs 47,22,200
 ~ 47 Lacs+",491956,3728,495684,26.09210595,52.47049035,1899747
Bihar,NAWADA,Vibha Devi,0,RJD,Hurricane Lamp,FEMALE,0,53,GENERAL,Literate,"Rs 11,84,31,743
 ~ 11 Crore+","Rs 48,49,749
 ~ 48 Lacs+",344734,2878,347612,18.29780492,36.79637045,1899747
Bihar,NAWADA,NOTA,0,NOTA,,,,,,,,,35044,103,35147,1.850088459,3.720475796,1899747
Bihar,NAWADA,Rajesh Kumar,0,IND,Helicopter,MALE,0,33,GENERAL,Graduate,"Rs 62,88,351
 ~ 62 Lacs+","Rs 6,00,000
 ~ 6 Lacs+",14922,12,14934,0.786104676,1.580834368,1899747
Bihar,NAWADA,Vishnu Dev Yadav,0,BSP,Elephant,MALE,0,67,GENERAL,Graduate,"Rs 4,34,39,000
 ~ 4 Crore+","Rs 0
 ~",11296,107,11403,0.600237821,1.207061357,1899747
Bihar,PASCHIM CHAMPARAN,DR. SANJAY JAISWAL,1,BJP,Lotus,MALE,5,54,GENERAL,Post Graduate,"Rs 19,94,04,885
 ~ 19 Crore+","Rs 6,73,70,030
 ~ 6 Crore+",600735,2971,603706,36.95049161,59.57391799,1633824
Bihar,PASCHIM CHAMPARAN,BRIJESH KUMAR KUSHWAHA,0,BLSP,Ceiling Fan,MALE,5,41,GENERAL,12th Pass,"Rs 14,41,90,332
 ~ 14 Crore+","Rs 2,45,07,384
 ~ 2 Crore+",307964,1836,309800,18.9616507,30.57117172,1633824
Bihar,PASCHIM CHAMPARAN,NOTA,0,NOTA,,,,,,,,,45637,62,45699,2.7970577,4.50959321,1633824
Bihar,PASCHIM CHAMPARAN,RAKESH KUMAR,0,BSP,Elephant,MALE,2,39,GENERAL,10th Pass,"Rs 31,37,201
 ~ 31 Lacs+","Rs 18,87,232
 ~ 18 Lacs+",11286,141,11427,0.699402139,1.127620333,1633824
Bihar,PASCHIM CHAMPARAN,SANJAY KUMAR PATEL,0,IND,Cauliflower,MALE,1,39,GENERAL,10th Pass,"Rs 9,48,960
 ~ 9 Lacs+","Rs 71,325
 ~ 71 Thou+",10794,7,10801,0.661087118,1.065846436,1633824
Bihar,PATALIPUTRA,RAM KRIPAL YADAV,1,BJP,Lotus,MALE,0,58,GENERAL,Graduate,"Rs 2,92,13,467
 ~ 2 Crore+","Rs 17,17,310
 ~ 17 Lacs+",506557,3000,509557,26.46390846,47.23329153,1925479
Bihar,PATALIPUTRA,MISHA BHARTI,0,RJD,Hurricane Lamp,FEMALE,4,42,GENERAL,Graduate Professional,"Rs 7,56,13,265
 ~ 7 Crore+","Rs 9,85,079
 ~ 9 Lacs+",468873,1363,470236,24.42176726,43.58843873,1925479
Bihar,PATALIPUTRA,MD. KALIMULLAH,0,BSP,Elephant,MALE,0,46,GENERAL,Graduate,"Rs 48,03,883
 ~ 48 Lacs+","Rs 8,63,000
 ~ 8 Lacs+",13980,65,14045,0.729428885,1.301898668,1925479
Bihar,PATNA SAHIB,RAVI SHANKAR PRASAD,1,BJP,Lotus,MALE,0,64,GENERAL,Post Graduate,"Rs 23,52,75,591
 ~ 23 Crore+","Rs 0
 ~",604956,2550,607506,28.30865495,61.80505606,2146008
Bihar,PATNA SAHIB,SHATRUGHAN SINHA,0,INC,Hand,MALE,2,73,GENERAL,Graduate,"Rs 1,93,54,59,756
 ~ 193 Crore+","Rs 28,48,63,762
 ~ 28 Crore+",321840,1009,322849,15.04416573,32.84527321,2146008
Bihar,PURNIA,SANTOSH KUMAR,1,JD(U),Arrow,MALE,1,43,GENERAL,12th Pass,"Rs 4,10,36,294
 ~ 4 Crore+","Rs 25,00,000
 ~ 25 Lacs+",632435,489,632924,35.85337889,54.84662332,1765312
Bihar,PURNIA,UDAY SINGH ALIAS PAPPU SINGH,0,INC,Hand,MALE,2,66,GENERAL,12th Pass,"Rs 3,41,86,43,970
 ~ 341 Crore+","Rs 71,57,92,024
 ~ 71 Crore+",369278,185,369463,20.92904824,32.01616307,1765312
Bihar,PURNIA,SHUBHASH KUMAR THAKUR,0,IND,Coat,MALE,0,32,GENERAL,12th Pass,"Rs 6,01,416
 ~ 6 Lacs+","Rs 0
 ~",31794,1,31795,1.80109805,2.75522557,1765312
Bihar,PURNIA,SAGEER AHMAD,0,IND,Pan,MALE,0,29,GENERAL,Others,"Rs 4,58,449
 ~ 4 Lacs+","Rs 0
 ~",21374,0,21374,1.210777472,1.852184033,1765312
Bihar,PURNIA,NOTA,0,NOTA,,,,,,,,,18557,12,18569,1.051882047,1.609114125,1765312
Bihar,PURNIA,JITENDRA URAB,0,BSP,Elephant,MALE,1,49,ST,Graduate,"Rs 6,14,97,000
 ~ 6 Crore+","Rs 7,00,000
 ~ 7 Lacs+",16478,59,16537,0.936774916,1.433029258,1765312
Bihar,PURVI CHAMPARAN,RADHA MOHAN SINGH,1,BJP,Lotus,MALE,1,69,GENERAL,Graduate,"Rs 3,37,91,375
 ~ 3 Crore+","Rs 11,46,627
 ~ 11 Lacs+",574081,3706,577787,34.83431323,57.77090093,1658672
Bihar,PURVI CHAMPARAN,AAKASH KUMAR SINGH,0,BLSP,Ceiling Fan,MALE,Not Available,27,GENERAL,Not Available,Not Available,Not Available,281500,2639,284139,17.13051164,28.41006464,1658672
Bihar,PURVI CHAMPARAN,NOTA,0,NOTA,,,,,,,,,22644,62,22706,1.368926466,2.27029351,1658672
Bihar,PURVI CHAMPARAN,Satyam Yadav,0,BNDl,Ganna Kisan,MALE,1,30,GENERAL,8th Pass,"Rs 25,95,500
 ~ 25 Lacs+","Rs 77,904
 ~ 77 Thou+",17736,5,17741,1.069590612,1.773860529,1658672
Bihar,PURVI CHAMPARAN,Shobha Devi,0,SSD,Saw,FEMALE,0,42,GENERAL,Literate,"Rs 2,10,000
 ~ 2 Lacs+","Rs 0
 ~",14023,4,14027,0.845676541,1.402510661,1658672
Bihar,PURVI CHAMPARAN,Sachin Paswan,0,RAHIS,Helicopter,MALE,1,34,SC,8th Pass,"Rs 25,97,200
 ~ 25 Lacs+","Rs 0
 ~",12060,20,12080,0.728293478,1.207836942,1658672
Bihar,PURVI CHAMPARAN,Prabhakar Jaiswal,0,CPI(M),Ears of Corn And Sickle,MALE,1,55,GENERAL,12th Pass,"Rs 29,02,51,911
 ~ 29 Crore+","Rs 3,67,711
 ~ 3 Lacs+",10206,68,10274,0.619411192,1.02726132,1658672
Bihar,SAMASTIPUR (SC),Ramchandra Paswan,1,LJP,Bungalow,MALE,5,58,SC,10th Pass,"Rs 1,73,75,975
 ~ 1 Crore+","Rs 9,99,057
 ~ 9 Lacs+",561460,983,562443,33.49809116,55.15385317,1679030
Bihar,SAMASTIPUR (SC),Dr. Ashok Kumar,0,INC,Hand,MALE,0,64,SC,Graduate Professional,"Rs 2,03,96,690
 ~ 2 Crore+","Rs 0
 ~",310016,784,310800,18.51068772,30.47743072,1679030
Bihar,SAMASTIPUR (SC),NOTA,0,NOTA,,,,,,,,,35380,37,35417,2.109372674,3.473034632,1679030
Bihar,SAMASTIPUR (SC),Vidya Nand Ram,0,WAP,Boat with Man and Sail,MALE,0,46,SC,Post Graduate,"Rs 5,93,059
 ~ 5 Lacs+","Rs 0
 ~",29392,0,29392,1.750534535,2.882215713,1679030
Bihar,SAMASTIPUR (SC),Suraj Kumar Das,0,IND,Auto- Rickshaw,MALE,0,37,SC,Post Graduate,"Rs 14,32,734
 ~ 14 Lacs+","Rs 4,45,000
 ~ 4 Lacs+",22170,17,22187,1.321417723,2.175684541,1679030
Bihar,SAMASTIPUR (SC),Asha Devi,0,AAM,CHAPATI ROLLER,FEMALE,1,25,SC,Literate,"Rs 16,28,121
 ~ 16 Lacs+","Rs 51,000
 ~ 51 Thou+",14099,15,14114,0.840604397,1.38403622,1679030
Bihar,SAMASTIPUR (SC),Mantesh Kumar,0,BSP,Elephant,MALE,0,40,SC,Graduate,"Rs 25,40,500
 ~ 25 Lacs+","Rs 20,000
 ~ 20 Thou+",11681,37,11718,0.697902956,1.149081509,1679030
Bihar,SAMASTIPUR (SC),Vijay Kumar Ram,0,VCSMP,Tiller,MALE,0,32,SC,12th Pass,"Rs 33,000
 ~ 33 Thou+","Rs 50,000
 ~ 50 Thou+",10510,2,10512,0.62607577,1.030819664,1679030
Bihar,SARAN,Rajiv Pratap Rudy,1,BJP,Lotus,MALE,0,58,GENERAL,Post Graduate,"Rs 8,07,40,349
 ~ 8 Crore+","Rs 0
 ~",496992,2994,499986,29.98861001,52.98622849,1667253
Bihar,SARAN,Chandrika Roy,0,RJD,Hurricane Lamp,MALE,3,61,GENERAL,Doctorate,"Rs 9,69,44,980
 ~ 9 Crore+","Rs 19,01,831
 ~ 19 Lacs+",360461,1114,361575,21.68687056,38.31806404,1667253
Bihar,SARAN,NOTA,0,NOTA,,,,,,,,,28227,59,28286,1.696563149,2.997620852,1667253
Bihar,SARAN,Sheojee Ram,0,BSP,Elephant,MALE,1,44,SC,Graduate,"Rs 11,000
 ~ 11 Thou+","Rs 0
 ~",15196,87,15283,0.91665752,1.61962241,1667253
Bihar,SARAN,Shiv Brat Singh,0,IND,Tractor Chalata Kisan,MALE,0,53,GENERAL,Doctorate,"Rs 76,98,001
 ~ 76 Lacs+","Rs 3,00,000
 ~ 3 Lacs+",14617,1,14618,0.876771552,1.549148752,1667253
Bihar,SASARAM (SC),CHHEDI PASWAN,1,BJP,Lotus,MALE,4,63,SC,"Post Graduate
","Rs 3,21,52,250
~3 Crore+","Rs 22,14,842
~22 Lacs+",492364,2436,494800,27.67526643,50.71870288,1787878
Bihar,SASARAM (SC),MEIRA KUMAR,0,INC,Hand,FEMALE,0,74,SC,Post Graduate,"Rs 47,51,94,636
 ~ 47 Crore+","Rs 0
 ~",326373,2682,329055,18.4047793,33.72926996,1787878
Bihar,SASARAM (SC),MANOJ KUMAR,0,BSP,Elephant,MALE,0,35,SC,Graduate,"Rs 88,64,060
 ~ 88 Lacs+","Rs 0
 ~",86187,219,86406,4.832880096,8.856912371,1787878
Bihar,SASARAM (SC),NOTA,0,NOTA,,,,,,,,,18914,74,18988,1.062041146,1.946335348,1787878
Bihar,SASARAM (SC),ASHOK BAITHA,0,IND,Cup & Saucer,MALE,10,48,SC,10th Pass,"Rs 8,16,680
 ~ 8 Lacs+","Rs 0
 ~",9973,56,10029,0.560944315,1.028007015,1787878
Bihar,SHEOHAR,RAMA DEVI,1,BJP,Lotus,FEMALE,1,69,GENERAL,Graduate Professional,"Rs 32,83,64,940
 ~ 32 Crore+","Rs 0
 ~",606581,2097,608678,36.09729483,60.56937469,1686215
Bihar,SHEOHAR,SYED FAISAL ALI,0,RJD,Hurricane Lamp,MALE,1,52,GENERAL,Post Graduate,"Rs 2,55,26,590
 ~ 2 Crore+","Rs 88,14,643
 ~ 88 Lacs+",266870,1448,268318,15.91244296,26.70024788,1686215
Bihar,SHEOHAR,Kedar Nath Prasad,0,IND,Ganna Kisan,MALE,3,73,GENERAL,12th Pass,"Rs 1,77,41,102
 ~ 1 Crore+","Rs 0
 ~",18425,1,18426,1.092743215,1.83356602,1686215
Bihar,SHEOHAR,Raj Kumar Parsad,0,IND,Table,MALE,0,44,GENERAL,12th Pass,"Rs 40,69,008
 ~ 40 Lacs+","Rs 0
 ~",13701,3,13704,0.812707751,1.363681143,1686215
Bihar,SHEOHAR,Shamim Alam,0,NCP,Clock,MALE,0,51,GENERAL,12th Pass,"Rs 63,24,527
 ~ 63 Lacs+","Rs 1,50,000
 ~ 1 Lacs+",13239,30,13269,0.786910329,1.320394417,1686215
Bihar,SHEOHAR,Mukesh Kumar Jha,0,BSP,Elephant,MALE,1,30,GENERAL,12th Pass,"Rs 2,24,47,516
 ~ 2 Crore+","Rs 97,00,000
 ~ 97 Lacs+",12417,53,12470,0.739526098,1.240886154,1686215
Bihar,SHEOHAR,Vijay Nandan Paswan,0,IND,Bead Necklace,MALE,0,31,SC,10th Pass,"Rs 15,45,086
 ~ 15 Lacs+","Rs 0
 ~",11127,11,11138,0.660532613,1.108339213,1686215
Bihar,SHEOHAR,Anil Kumar Tiwari,0,IND,Chimney,MALE,0,51,GENERAL,12th Pass,"Rs 23,02,500
 ~ 23 Lacs+","Rs 0
 ~",10678,1,10679,0.633311885,1.062664253,1686215
Bihar,SITAMARHI,Sunil Kumar Pintu,1,JD(U),Arrow,MALE,6,58,GENERAL,Graduate,"Rs 6,07,17,031
 ~ 6 Crore+","Rs 1,02,77,790
 ~ 1 Crore+",565533,2212,567745,32.39714138,54.61186995,1752454
Bihar,SITAMARHI,Arjun Ray,0,RJD,Hurricane Lamp,MALE,2,47,GENERAL,Doctorate,"Rs 1,89,88,281
 ~ 1 Crore+","Rs 15,11,335
 ~ 15 Lacs+",315230,1976,317206,18.10067483,30.51231243,1752454
Bihar,SITAMARHI,Dharmendra Kumar,0,IND,Football Player,MALE,0,33,GENERAL,8th Pass,"Rs 80,45,411
 ~ 80 Lacs+","Rs 0
 ~",20485,2,20487,1.169046377,1.970661793,1752454
Bihar,SITAMARHI,Vinod Sah,0,IND,Helicopter,MALE,0,48,GENERAL,Literate,"Rs 5,39,731
 ~ 5 Lacs+","Rs 0
 ~",17724,0,17724,1.011381754,1.704886495,1752454
Bihar,SITAMARHI,Mahesh Nandan Singh,0,IND,Bead Necklace,MALE,0,55,GENERAL,Graduate,"Rs 22,77,607
 ~ 22 Lacs+","Rs 0
 ~",17270,0,17270,0.985475225,1.661215852,1752454
Bihar,SITAMARHI,Ramesh Kumar Mishra,0,IND,Ganna Kisan,MALE,0,48,GENERAL,8th Pass,"Rs 58,33,784
 ~ 58 Lacs+","Rs 1,22,000
 ~ 1 Lacs+",11054,2,11056,0.630886745,1.063485956,1752454
Bihar,SIWAN,Kavita Singh,1,JD(U),Arrow,FEMALE,4,33,GENERAL,Post Graduate,"Rs 1,93,25,264
 ~ 1 Crore+","Rs 4,12,511
 ~ 4 Lacs+",447171,1302,448473,24.92138317,45.5371884,1799551
Bihar,SIWAN,Hena Shahab,0,RJD,Hurricane Lamp,FEMALE,2,46,GENERAL,Graduate,"Rs 13,90,78,374
 ~ 13 Crore+","Rs 10,00,000
 ~ 10 Lacs+",330363,1152,331515,18.42209529,33.66147129,1799551
Bihar,SIWAN,Amar Nath Yadav,0,CPI(ML)(L),Flag with Three Stars,MALE,12,54,GENERAL,Literate,"Rs 80,89,901
 ~ 80 Lacs+","Rs 0
 ~",74554,90,74644,4.147923565,7.579225263,1799551
Bihar,SIWAN,Deva Kant Mishra Alias Munna Bhaiya,0,IND,Chimney,MALE,Not Available,43,GENERAL,Not Available,Not Available,Not Available,36458,1,36459,2.026005376,3.701985074,1799551
Bihar,SIWAN,Upendra Kumar Giri,0,IND,Baby Walker,MALE,2,46,GENERAL,12th Pass,"Rs 14,13,078
 ~ 14 Lacs+","Rs 2,19,001
 ~ 2 Lacs+",17352,1,17353,0.964296094,1.761994212,1799551
Bihar,SIWAN,Madhuri Pandey,0,IND,Auto- Rickshaw,FEMALE,0,47,GENERAL,Others,"Rs 51,46,000
 ~ 51 Lacs+","Rs 0
 ~",12927,1,12928,0.718401423,1.312687211,1799551
Bihar,SUPAUL,Dileshwar Kamait,1,JD(U),Arrow,MALE,2,73,GENERAL,Graduate,"Rs 2,34,41,606
 ~ 2 Crore+","Rs 0
 ~",596807,570,597377,35.33478842,53.76950052,1690620
Bihar,SUPAUL,Ranjeet Ranjan,0,INC,Hand,FEMALE,5,46,GENERAL,12th Pass,"Rs 11,95,43,561
 ~ 11 Crore+","Rs 1,76,95,194
 ~ 1 Crore+",330258,266,330524,19.55046078,29.75024213,1690620
Bihar,SUPAUL,Dinesh Prasad Yadav,0,IND,Walking Stick,MALE,3,52,GENERAL,Graduate Professional,"Rs 73,70,423
 ~ 73 Lacs+","Rs 50,000
 ~ 50 Thou+",23033,12,23045,1.363109392,2.074264894,1690620
Bihar,SUPAUL,Rajesh Kumar S/O- Yugeshwar Sah,0,IND,Ganna Kisan,MALE,0,26,GENERAL,Graduate Professional,"Rs 6,80,000
 ~ 6 Lacs+","Rs 0
 ~",20317,3,20320,1.201925921,1.828989483,1690620
Bihar,SUPAUL,Binod Kumar Sahu,0,IND,Gas Cylinder,MALE,0,50,GENERAL,Graduate,"Rs 75,25,000
 ~ 75 Lacs+","Rs 0
 ~",19277,0,19277,1.140232577,1.735109757,1690620
Bihar,SUPAUL,Anand Pathak,0,IND,Truck,MALE,1,32,GENERAL,Graduate,"Rs 68,50,000
 ~ 68 Lacs+","Rs 0
 ~",15389,3,15392,0.910435225,1.38542353,1690620
Bihar,SUPAUL,Md. Abul Kalam Azad,0,JHP,Scissors,MALE,0,27,ST,12th Pass,"Rs 20,66,100
 ~ 20 Lacs+","Rs 0
 ~",13693,0,13693,0.809939549,1.232497687,1690620
Bihar,SUPAUL,Sandip Kumar Singh,0,IND,Mike,MALE,0,41,GENERAL,Graduate,"Rs 6,08,08,000
 ~ 6 Crore+","Rs 0
 ~",11534,0,11534,0.68223492,1.038167554,1690620
Bihar,UJIARPUR,Nityanand Rai,1,BJP,Lotus,MALE,3,53,GENERAL,Graduate,"Rs 18,70,07,570
 ~ 18 Crore+","Rs 3,57,561
 ~ 3 Lacs+",542341,1565,543906,33.73478881,56.08076201,1612300
Bihar,UJIARPUR,Upendra Kushwaha,0,BLSP,Ceiling Fan,MALE,5,56,GENERAL,Post Graduate,"Rs 2,44,41,520
 ~ 2 Crore+","Rs 13,58,960
 ~ 13 Lacs+",265891,737,266628,16.53712088,27.49133382,1612300
Bihar,UJIARPUR,Ajay Kumar,0,CPI(M),"Hammer, Sickle and Star",MALE,3,49,GENERAL,Post Graduate,"Rs 94,81,398
 ~ 94 Lacs+","Rs 50,000
 ~ 50 Thou+",27482,95,27577,1.710413695,2.843394215,1612300
Bihar,UJIARPUR,Mamta Kumari,0,IND,Helicopter,FEMALE,2,31,GENERAL,12th Pass,"Rs 25,61,450
 ~ 25 Lacs+","Rs 3,50,000
 ~ 3 Lacs+",23582,8,23590,1.46312721,2.432304802,1612300
Bihar,UJIARPUR,Allamaa Shiblee Nomanee Halami,0,IND,BUCKET,MALE,0,51,GENERAL,10th Pass,"Rs 1,21,000
 ~ 1 Lacs+","Rs 0
 ~",16357,2,16359,1.014637474,1.686734814,1612300
Bihar,UJIARPUR,NOTA,0,NOTA,,,,,,,,,14405,29,14434,0.895242821,1.488252968,1612300
Bihar,UJIARPUR,MD. Anwar,0,IND,Cup & Saucer,MALE,1,42,GENERAL,10th Pass,"Rs 29,38,263
 ~ 29 Lacs+","Rs 5,13,600
 ~ 5 Lacs+",13933,1,13934,0.864231222,1.436699242,1612300
Bihar,UJIARPUR,Dr. Ajay Singh Almust,0,RSPSR,Truck,MALE,0,64,GENERAL,Doctorate,"Rs 43,15,459
 ~ 43 Lacs+","Rs 11,27,000
 ~ 11 Lacs+",10050,1,10051,0.62339515,1.036333004,1612300
Bihar,UJIARPUR,Navin Kumar,0,BSP,Elephant,MALE,0,41,GENERAL,Post Graduate,"Rs 76,96,000
 ~ 76 Lacs+","Rs 9,80,000
 ~ 9 Lacs+",9655,44,9699,0.601562985,1.000039181,1612300
Bihar,VAISHALI,Veena Devi (W/o Dinesh Prasad Singh),1,LJP,Bungalow,FEMALE,2,48,GENERAL,10th Pass,"Rs 33,72,84,632
 ~ 33 Crore+","Rs 11,20,89,220
 ~ 11 Crore+",566707,1508,568215,32.73159933,52.86945534,1735983
Bihar,VAISHALI,Raghuvansh Prasad Singh,0,RJD,Hurricane Lamp,MALE,2,72,GENERAL,Doctorate,"Rs 78,57,367
 ~ 78 Lacs+","Rs 9,84,703
 ~ 9 Lacs+",332707,924,333631,19.21856378,31.0426322,1735983
Bihar,VAISHALI,Abha Rai,0,IND,Apple,FEMALE,0,26,GENERAL,8th Pass,"Rs 53,96,670
 ~ 53 Lacs+","Rs 6,80,000
 ~ 6 Lacs+",27496,1,27497,1.583944082,2.558453074,1735983
Bihar,VAISHALI,Ismohamad alias Md. Munna,0,IND,Bead Necklace,MALE,0,36,GENERAL,Graduate,"Rs 15,95,000
 ~ 15 Lacs+","Rs 0
 ~",21855,2,21857,1.259056108,2.033680359,1735983
Bihar,VAISHALI,Rinkoo Devi,0,IND,Cot,FEMALE,Not Available,37,GENERAL,Not Available,Not Available,Not Available,16734,4,16738,0.964179949,1.557383989,1735983
Bihar,VAISHALI,Shankar Mahto,0,BSP,Elephant,MALE,4,46,GENERAL,12th Pass,"Rs 70,73,515
 ~ 70 Lacs+","Rs 1,04,766
 ~ 1 Lacs+",14269,82,14351,0.826678602,1.335286034,1735983
Bihar,VAISHALI,Pankaj Kumar,0,IND,Camera,MALE,1,46,GENERAL,Graduate Professional,"Rs 2,50,76,000
 ~ 2 Crore+","Rs 2,00,000
 ~ 2 Lacs+",11979,2,11981,0.690156528,1.11476984,1735983
Bihar,VALMIKI NAGAR,BAIDYANATH PRASAD MAHTO,1,JD(U),Arrow,MALE,4,62,GENERAL,10th Pass,"Rs 1,79,34,888
 ~ 1 Crore+","Rs 29,15,945
 ~ 29 Lacs+",601227,1433,602660,36.184886,58.38421826,1665502
Bihar,VALMIKI NAGAR,SHASHWAT KEDAR,0,INC,Hand,MALE,0,32,GENERAL,Graduate,"Rs 2,14,70,456
 ~ 2 Crore+","Rs 17,28,000
 ~ 17 Lacs+",247319,725,248044,14.89304726,24.02989253,1665502
Bihar,VALMIKI NAGAR,DEEPAK YADAV,0,BSP,Elephant,MALE,1,42,GENERAL,Graduate Professional,"Rs 56,94,31,975
 ~ 56 Crore+","Rs 24,09,792
 ~ 24 Lacs+",62816,147,62963,3.780421759,6.099700552,1665502
Bihar,VALMIKI NAGAR,NOTA,0,NOTA,,,,,,,,,34311,27,34338,2.06172073,3.326580969,1665502
Bihar,VALMIKI NAGAR,SURESH SAH,0,IND,Air Conditioner,MALE,0,54,GENERAL,Others,"Rs 46,45,464
 ~ 46 Lacs+","Rs 0
 ~",14869,1,14870,0.892823905,1.44056902,1665502
Bihar,VALMIKI NAGAR,RAKESH KEWAT,0,RAHIS,Helicopter,MALE,0,35,GENERAL,8th Pass,"Rs 1,55,16,300
 ~ 1 Crore+","Rs 7,65,000
 ~ 7 Lacs+",12805,6,12811,0.769197515,1.241098165,1665502
Bihar,VALMIKI NAGAR,SUSHMA DEVI,0,SHS,Cauliflower,FEMALE,2,38,GENERAL,Post Graduate,"Rs 4,17,80,000
 ~ 4 Crore+","Rs 1,00,000
 ~ 1 Lacs+",11896,37,11933,0.716480677,1.156039685,1665502
