STATE,CONSTITUENCY,NAME,WINNER,PARTY,SYMBOL,GENDER,"CRIMINAL
CASES",AGE,CATEGORY,EDUCATION,ASSETS,LIABILITIES,"GENERAL
VOTES","POSTAL
VOTES","TOTAL
VOTES","OVER TOTAL ELECTORS 
IN CONSTITUENCY","OVER TOTAL VOTES POLLED 
IN CONSTITUENCY",TOTAL ELECTORS
Chandigarh,CHANDIGARH,KIRRON KHER,1,BJP,Lotus,FEMALE,0,66,GENERAL,Post Graduate,"Rs 47,49,83,574
 ~ 47 Crore+","Rs 62,79,188
 ~ 62 Lacs+",230967,221,231188,35.74727591,50.62839849,646729
Chandigarh,CHANDIGARH,PAWAN KUMAR BANSAL,0,INC,Hand,MALE,0,70,GENERAL,Graduate Professional,"Rs 9,55,83,235
 ~ 9 Crore+","Rs 0
 ~",184117,101,184218,28.48457391,40.34232881,646729
Chandigarh,CHANDIGARH,HARMOHAN DHAWAN,0,AAP,Broom,MALE,0,78,GENERAL,Post Graduate,"Rs 24,30,11,000
 ~ 24 Crore+","Rs 0
 ~",13767,14,13781,2.130877075,3.017933282,646729
Chandigarh,CHANDIGARH,PARVEEN KUMAR,0,BSP,Elephant,MALE,0,44,SC,Others,"Rs 6,86,891
 ~ 6 Lacs+","Rs 0
 ~",7391,5,7396,1.143601106,1.619667263,646729
