STATE,CONSTITUENCY,NAME,WINNER,PARTY,SYMBOL,GENDER,"CRIMINAL
CASES",AGE,CATEGORY,EDUCATION,ASSETS,LIABILITIES,"GENERAL
VOTES","POSTAL
VOTES","TOTAL
VOTES","OVER TOTAL ELECTORS 
IN CONSTITUENCY","OVER TOTAL VOTES POLLED 
IN CONSTITUENCY",TOTAL ELECTORS
Chhattisgarh,BASTAR,DEEPAK BAIJ,1,INC,Hand,MALE,1,38,ST,Post Graduate,"Rs 77,21,293
 ~ 77 Lacs+","Rs 18,01,236
 ~ 18 Lacs+",401539,988,402527,29.18719301,44.05167215,1379122
Chhattisgarh,BASTAR,BAIDU RAM KASHYAP,0,BJP,Lotus,MALE,2,46,ST,10th Pass,"Rs 1,60,73,844
 ~ 1 Crore+","Rs 1,41,005
 ~ 1 Lacs+",361727,1818,363545,26.36061204,39.78556756,1379122
Chhattisgarh,BASTAR,NOTA,0,NOTA,,,,,,,,,41656,11,41667,3.021270054,4.559945106,1379122
Chhattisgarh,BASTAR,RAMU RAM MOURYA,0,CPI(M),Ears of Corn And Sickle,MALE,0,42,ST,Post Graduate,"Rs 10,58,000
 ~ 10 Lacs+","Rs 0
 ~",38388,7,38395,2.784017658,4.201864601,1379122
Chhattisgarh,BASTAR,AAYTU RAM MANDAVI,0,BSP,Elephant,MALE,0,55,ST,8th Pass,"Rs 5,47,094
 ~ 5 Lacs+","Rs 0
 ~",30422,27,30449,2.207853982,3.332271787,1379122
Chhattisgarh,BASTAR,SURESH KAWASI,0,SHS,Bow & Arrow,MALE,0,38,ST,5th Pass,"Rs 1,35,38,941
 ~ 1 Crore+","Rs 0
 ~",13929,1,13930,1.010062924,1.524468652,1379122
Chhattisgarh,BASTAR,PANEESH PRASAD NAG,0,APoI,Coat,MALE,0,29,ST,Post Graduate,"Rs 34,44,229
 ~ 34 Lacs+","Rs 6,00,000
 ~ 6 Lacs+",12404,17,12421,0.900645483,1.359327001,1379122
Chhattisgarh,BASTAR,MANGALARAM KARMA,0,ABSKP,Plastering Trowel,MALE,0,40,ST,12th Pass,"Rs 17,26,000
 ~ 17 Lacs+","Rs 0
 ~",9910,2,9912,0.718718141,1.084747543,1379122
Chhattisgarh,BILASPUR,ARUN SAO,1,BJP,Lotus,MALE,0,51,GENERAL,Graduate Professional,"Rs 1,35,44,588
 ~ 1 Crore+","Rs 50,000
 ~ 50 Thou+",633268,1291,634559,33.80793232,52.43158294,1876953
Chhattisgarh,BILASPUR,ATAL SHRIVASTAV,0,INC,Hand,MALE,4,51,GENERAL,Graduate Professional,"Rs 15,82,33,341
 ~ 15 Crore+","Rs 1,13,86,394
 ~ 1 Crore+",492185,611,492796,26.25510601,40.71815914,1876953
Chhattisgarh,BILASPUR,UTTAM DAS GUROO GOSAI,0,BSP,Elephant,MALE,0,47,GENERAL,12th Pass,"Rs 98,74,225
 ~ 98 Lacs+","Rs 0
 ~",21088,92,21180,1.128424633,1.750035736,1876953
Chhattisgarh,DURG,VIJAY BAGHEL,1,BJP,Lotus,MALE,0,59,GENERAL,Graduate,"Rs 3,44,29,027
 ~ 3 Crore+","Rs 87,48,686
 ~ 87 Lacs+",847445,1929,849374,43.77609496,60.98674607,1940269
Chhattisgarh,DURG,PRATIMA CHANDRAKAR,0,INC,Hand,FEMALE,0,61,GENERAL,12th Pass,"Rs 5,46,56,426
 ~ 5 Crore+","Rs 8,78,370
 ~ 8 Lacs+",456793,603,457396,23.57384466,32.84194443,1940269
Chhattisgarh,DURG,GEETANJALI SINGH,0,BSP,Elephant,FEMALE,0,25,GENERAL,Post Graduate,"Rs 54,48,306
 ~ 54 Lacs+","Rs 29,00,000
 ~ 29 Lacs+",20071,53,20124,1.037175773,1.444943309,1940269
Chhattisgarh,JANJGIR-CHAMPA,GUHARAM AJGALLEY,1,BJP,Lotus,MALE,0,52,SC,Graduate Professional,"Rs 1,84,00,837
 ~ 1 Crore+","Rs 0
 ~",570486,2304,572790,30.19238493,45.87920934,1897134
Chhattisgarh,JANJGIR-CHAMPA,RAVI PARASRAM BHARDWAJ,0,INC,Hand,MALE,0,42,SC,Graduate,"Rs 1,53,16,449
 ~ 1 Crore+","Rs 7,44,582
 ~ 7 Lacs+",488051,1484,489535,25.80392318,39.21066838,1897134
Chhattisgarh,JANJGIR-CHAMPA,DAURAM RATNAKAR,0,BSP,Elephant,MALE,0,60,SC,Post Graduate,"Rs 1,85,96,521
 ~ 1 Crore+","Rs 19,70,757
 ~ 19 Lacs+",130576,811,131387,6.925551911,10.52380746,1897134
Chhattisgarh,KANKER,MOHAN MANDAVI,1,BJP,Lotus,MALE,0,61,ST,Post Graduate,"Rs 2,86,75,553
 ~ 2 Crore+","Rs 6,79,000
 ~ 6 Lacs+",543376,2857,546233,35.03847456,47.07918945,1558952
Chhattisgarh,KANKER,BIRESH THAKUR,0,INC,Hand,MALE,0,52,ST,Post Graduate,"Rs 66,66,614
 ~ 66 Lacs+","Rs 0
 ~",537999,1320,539319,34.59497149,46.4832798,1558952
Chhattisgarh,KANKER,NOTA,0,NOTA,,,,,,,,,26692,21,26713,1.713522931,2.302362522,1558952
Chhattisgarh,KORBA,JYOTSNA CHARANDAS MAHANT,1,INC,Hand,FEMALE,0,65,GENERAL,Post Graduate,"Rs 15,06,39,697
 ~ 15 Crore+","Rs 0
 ~",522671,639,523310,34.68293524,46.00838914,1508840
Chhattisgarh,KORBA,JYOTI NAND DUBEY,0,BJP,Lotus,MALE,0,52,GENERAL,10th Pass,"Rs 1,70,97,616
 ~ 1 Crore+","Rs 2,95,672
 ~ 2 Lacs+",495960,1101,497061,32.94325442,43.70062853,1508840
Chhattisgarh,KORBA,TULESHWAR HIRASINGH MARKAM,0,GGP,Saw,MALE,0,45,ST,Graduate Professional,"Rs 27,13,663
 ~ 27 Lacs+","Rs 0
 ~",37371,46,37417,2.479852072,3.289629276,1508840
Chhattisgarh,KORBA,NOTA,0,NOTA,,,,,,,,,19292,13,19305,1.279459717,1.697257748,1508840
Chhattisgarh,KORBA,PARMIT SINGH,0,BSP,Elephant,MALE,1,45,GENERAL,12th Pass,"Rs 65,04,950
 ~ 65 Lacs+","Rs 8,40,000
 ~ 8 Lacs+",15841,39,15880,1.052464145,1.396138464,1508840
Chhattisgarh,KORBA,LAKHAN LAL DEWANGAN,0,IND,Cauliflower,MALE,0,44,GENERAL,10th Pass,"Rs 18,74,834
 ~ 18 Lacs+","Rs 0
 ~",13694,1,13695,0.907650911,1.204037548,1508840
Chhattisgarh,MAHASAMUND,CHUNNI LAL SAHU,1,BJP,Lotus,MALE,0,51,GENERAL,Graduate,"Rs 1,75,91,683
 ~ 1 Crore+","Rs 13,83,014
 ~ 13 Lacs+",614924,1656,616580,37.64337273,50.42497876,1637951
Chhattisgarh,MAHASAMUND,DHANENDRA SAHU,0,INC,Hand,MALE,0,66,GENERAL,12th Pass,"Rs 9,21,23,717
 ~ 9 Crore+","Rs 1,06,791
 ~ 1 Lacs+",525229,840,526069,32.11750535,43.02283264,1637951
Chhattisgarh,MAHASAMUND,NOTA,0,NOTA,,,,,,,,,21218,23,21241,1.29680314,1.737125716,1637951
Chhattisgarh,MAHASAMUND,DEVENDAR SINGH THAKUR (RAJPUT),0,IND,Glass Tumbler,MALE,1,33,GENERAL,12th Pass,"Rs 37,75,400
 ~ 37 Lacs+","Rs 0
 ~",15488,3,15491,0.945754788,1.266880771,1637951
Chhattisgarh,RAIGARH,GOMATI SAI,1,BJP,Lotus,FEMALE,0,43,ST,12th Pass,"Rs 70,43,539
 ~ 70 Lacs+","Rs 0
 ~",656939,1396,658335,37.97053302,48.73880337,1733805
Chhattisgarh,RAIGARH,LALJEET SINGH RATHIA,0,INC,Hand,MALE,1,42,ST,Post Graduate,"Rs 72,54,977
 ~ 72 Lacs+","Rs 20,80,854
 ~ 20 Lacs+",590690,1618,592308,34.16231929,43.85059756,1733805
Chhattisgarh,RAIGARH,INNOCENT KUJUR,0,BSP,Elephant,MALE,0,58,ST,Graduate,"Rs 76,97,000
 ~ 76 Lacs+","Rs 14,75,000
 ~ 14 Lacs+",26491,105,26596,1.533967199,1.968993316,1733805
Chhattisgarh,RAIGARH,NOTA,0,NOTA,,,,,,,,,15720,9,15729,0.907195446,1.164471945,1733805
Chhattisgarh,RAIPUR,Sunil Kumar Soni,1,BJP,Lotus,MALE,0,57,GENERAL,Graduate,"Rs 4,60,68,126
 ~ 4 Crore+","Rs 24,82,214
 ~ 24 Lacs+",836211,1691,837902,39.67831237,59.97257258,2111738
Chhattisgarh,RAIPUR,Pramod Dubey,0,INC,Hand,MALE,0,53,GENERAL,Post Graduate,"Rs 6,46,82,454
 ~ 6 Crore+","Rs 76,05,574
 ~ 76 Lacs+",488515,1149,489664,23.18772499,35.04754706,2111738
Chhattisgarh,RAJNANDGAON,SANTOSH PANDEY,1,BJP,Lotus,MALE,0,51,GENERAL,Graduate Professional,"Rs 2,48,61,970
 ~ 2 Crore+","Rs 15,19,820
 ~ 15 Lacs+",660956,1431,662387,38.59031879,50.64593181,1716459
Chhattisgarh,RAJNANDGAON,BHOLA RAM SAHU,0,INC,Hand,MALE,0,60,GENERAL,8th Pass,"Rs 1,24,28,558
 ~ 1 Crore+","Rs 6,57,124
 ~ 6 Lacs+",549410,1011,550421,32.06723843,42.08504157,1716459
Chhattisgarh,RAJNANDGAON,NOTA,0,NOTA,,,,,,,,,19423,13,19436,1.132331154,1.486071331,1716459
Chhattisgarh,RAJNANDGAON,RAVITA LAKRA (DHRUV),0,BSP,Elephant,FEMALE,0,45,SC,Post Graduate,"Rs 38,92,830
 ~ 38 Lacs+","Rs 23,000
 ~ 23 Thou+",17105,40,17145,0.998858697,1.310902087,1716459
Chhattisgarh,SARGUJA,Renuka Singh Saruta,1,BJP,Lotus,FEMALE,0,55,ST,12th Pass,"Rs 2,76,82,493
 ~ 2 Crore+","Rs 32,51,275
 ~ 32 Lacs+",662428,1283,663711,40.09759316,51.80320883,1655239
Chhattisgarh,SARGUJA,Khel Sai Singh,0,INC,Hand,MALE,0,72,ST,Post Graduate,"Rs 7,60,86,898
 ~ 7 Crore+","Rs 70,70,521
 ~ 70 Lacs+",504927,911,505838,30.55981644,39.48108672,1655239
Chhattisgarh,SARGUJA,NOTA,0,NOTA,,,,,,,,,29253,12,29265,1.768022624,2.284158175,1655239
Chhattisgarh,SARGUJA,Asha Devi Poya,0,GGP,Saw,FEMALE,0,44,ST,Graduate Professional,"Rs 27,68,500
 ~ 27 Lacs+","Rs 10,00,000
 ~ 10 Lacs+",24439,24,24463,1.477913461,1.909357985,1655239
Chhattisgarh,SARGUJA,Maya Bhagat,0,BSP,Elephant,FEMALE,0,40,ST,Post Graduate,"Rs 78,49,844
 ~ 78 Lacs+","Rs 0
 ~",18489,45,18534,1.119717455,1.446594485,1655239
