STATE,CONSTITUENCY,NAME,WINNER,PARTY,SYMBOL,GENDER,"CRIMINAL
CASES",AGE,CATEGORY,EDUCATION,ASSETS,LIABILITIES,"GENERAL
VOTES","POSTAL
VOTES","TOTAL
VOTES","OVER TOTAL ELECTORS 
IN CONSTITUENCY","OVER TOTAL VOTES POLLED 
IN CONSTITUENCY",TOTAL ELECTORS
Dadra & Nagar Haveli,DADRA AND NAGAR HAVELI,DELKAR MOHANBHAI SANJIBHAI,1,IND,Batsman,MALE,0,56,ST,Graduate,"Rs 70,88,85,980
 ~ 70 Crore+","Rs 3,72,68,162
 ~ 3 Crore+",90399,22,90421,36.16420495,45.44134202,250029
Dadra & Nagar Haveli,DADRA AND NAGAR HAVELI,PATEL NATUBHAI GOMANBHAI,0,BJP,Lotus,MALE,6,46,ST,5th Pass,"Rs 49,69,42,663
 ~ 49 Crore+","Rs 21,56,17,501
 ~ 21 Crore+",81384,36,81420,32.56422255,40.91786274,250029
Dadra & Nagar Haveli,DADRA AND NAGAR HAVELI,TOKIYA PRABHUBHAI,0,INC,Hand,MALE,1,40,ST,12th Pass,"Rs 54,30,633
 ~ 54 Lacs+","Rs 0
 ~",8608,0,8608,3.442800635,4.325975958,250029
Dadra & Nagar Haveli,DADRA AND NAGAR HAVELI,PATEL ANKITA AMRUTBHAI,0,SHS,Bow & Arrow,FEMALE,0,35,ST,Graduate Professional,"Rs 4,64,86,347
 ~ 4 Crore+","Rs 1,22,06,998
 ~ 1 Crore+",4000,0,4000,1.599814422,2.010211876,250029
Dadra & Nagar Haveli,DADRA AND NAGAR HAVELI,KURADA DEEPAKBHAI,0,IND,Throwing a Javelin,MALE,0,33,ST,Graduate,"Rs 20,095
 ~ 20 Thou+","Rs 0
 ~",3630,0,3630,1.451831588,1.824267278,250029
Dadra & Nagar Haveli,DADRA AND NAGAR HAVELI,NOTA,0,NOTA,,,,,,,,,2950,0,2950,1.179863136,1.482531259,250029
Dadra & Nagar Haveli,DADRA AND NAGAR HAVELI,DAYAT MANOJ RANCHOD,0,IND,Helicopter,MALE,0,31,ST,12th Pass,"Rs 1,68,959
 ~ 1 Lacs+","Rs 84,060
 ~ 84 Thou+",2287,0,2287,0.914693896,1.14933864,250029
