STATE,CONSTITUENCY,NAME,WINNER,PARTY,SYMBOL,GENDER,"CRIMINAL
CASES",AGE,CATEGORY,EDUCATION,ASSETS,LIABILITIES,"GENERAL
VOTES","POSTAL
VOTES","TOTAL
VOTES","OVER TOTAL ELECTORS 
IN CONSTITUENCY","OVER TOTAL VOTES POLLED 
IN CONSTITUENCY",TOTAL ELECTORS
Daman & Diu,DAMAN & DIU,LALUBHAI BABUBHAI PATEL,1,BJP,Lotus,MALE,0,63,GENERAL,8th Pass,"Rs 21,39,93,750
 ~ 21 Crore+","Rs 99,69,514
 ~ 99 Lacs+",37586,11,37597,30.88302941,42.98126279,121740
Daman & Diu,DAMAN & DIU,KETAN DAHYABHAI PATEL,0,INC,Hand,MALE,5,44,GENERAL,Others,"Rs 17,32,22,574
 ~ 17 Crore+","Rs 4,31,13,473
 ~ 4 Crore+",27643,12,27655,22.71644488,31.61546992,121740
Daman & Diu,DAMAN & DIU,PATEL UMESHBHAI BABUBHAI,0,IND,SHIP,MALE,8,42,GENERAL,Graduate,"Rs 26,98,150
 ~ 26 Lacs+","Rs 0
 ~",19935,3,19938,16.37752587,22.79331908,121740
Daman & Diu,DAMAN & DIU,NOTA,0,NOTA,,,,,,,,,1487,0,1487,1.221455561,1.699953128,121740
