STATE,CONSTITUENCY,NAME,WINNER,PARTY,SYMBOL,GENDER,"CRIMINAL
CASES",AGE,CATEGORY,EDUCATION,ASSETS,LIABILITIES,"GENERAL
VOTES","POSTAL
VOTES","TOTAL
VOTES","OVER TOTAL ELECTORS 
IN CONSTITUENCY","OVER TOTAL VOTES POLLED 
IN CONSTITUENCY",TOTAL ELECTORS
Goa,NORTH GOA,SHRIPAD YESSO NAIK,1,BJP,Lotus,MALE,0,66,GENERAL,Graduate,"Rs 6,57,95,623
 ~ 6 Crore+","Rs 14,91,387
 ~ 14 Lacs+",244034,810,244844,43.97649979,57.07239526,556761
Goa,NORTH GOA,GIRISH RAYA CHODANKAR,0,INC,Hand,MALE,0,52,GENERAL,Post Graduate,"Rs 1,43,93,879
 ~ 1 Crore+","Rs 17,58,927
 ~ 17 Lacs+",164407,190,164597,29.56331352,38.36706247,556761
Goa,NORTH GOA,NOTA,0,NOTA,,,,,,,,,7047,16,7063,1.268587419,1.64636392,556761
Goa,NORTH GOA,DATTATRAYA PADGAONKAR,0,AAP,Broom,MALE,0,59,GENERAL,Graduate,"Rs 1,98,19,040
 ~ 1 Crore+","Rs 0
 ~",4748,8,4756,0.854226499,1.108609204,556761
Goa,SOUTH GOA,COSME FRANCISCO CAITANO SARDINHA,1,INC,Hand,MALE,0,73,GENERAL,Graduate Professional,"Rs 7,94,02,232
 ~ 7 Crore+","Rs 0
 ~",201279,282,201561,34.79076624,47.45760717,579352
Goa,SOUTH GOA,ADV. NARENDRA SAWAIKAR,0,BJP,Lotus,MALE,0,52,GENERAL,Graduate Professional,"Rs 1,45,26,550
 ~ 1 Crore+","Rs 0
 ~",191205,601,191806,33.1069885,45.16078904,579352
Goa,SOUTH GOA,ELVIS GOMES,0,AAP,Broom,MALE,1,56,GENERAL,Graduate Professional,"Rs 96,76,888
 ~ 96 Lacs+","Rs 0
 ~",20876,15,20891,3.605925241,4.918793176,579352
Goa,SOUTH GOA,NOTA,0,NOTA,,,,,,,,,5419,17,5436,0.938289675,1.27990808,579352
