STATE,CONSTITUENCY,NAME,WINNER,PARTY,SYMBOL,GENDER,"CRIMINAL
CASES",AGE,CATEGORY,EDUCATION,ASSETS,LIABILITIES,"GENERAL
VOTES","POSTAL
VOTES","TOTAL
VOTES","OVER TOTAL ELECTORS 
IN CONSTITUENCY","OVER TOTAL VOTES POLLED 
IN CONSTITUENCY",TOTAL ELECTORS
Gujarat,AHMEDABAD EAST,Patel Hasmukhbhai Somabhai,1,BJP,Lotus,MALE,0,58,GENERAL,Others,"Rs 7,46,99,690
 ~ 7 Crore+","Rs 62,52,577
 ~ 62 Lacs+",745810,4024,749834,41.3849704,67.00546171,1811851
Gujarat,AHMEDABAD EAST,Gitaben Patel,0,INC,Hand,FEMALE,6,38,GENERAL,10th Pass,"Rs 4,03,75,418
 ~ 4 Crore+","Rs 31,21,888
 ~ 31 Lacs+",312883,2621,315504,17.41335242,28.19356176,1811851
Gujarat,AHMEDABAD WEST,DR. KIRIT P. SOLANKI,1,BJP,Lotus,MALE,0,69,SC,Post Graduate,"Rs 8,94,74,039
 ~ 8 Crore+","Rs 0
 ~",638241,3381,641622,39.04432316,64.21145018,1643317
Gujarat,AHMEDABAD WEST,RAJU PARMAR,0,INC,Hand,MALE,0,68,SC,Graduate,"Rs 26,29,97,727
 ~ 26 Crore+","Rs 1,89,43,977
 ~ 1 Crore+",317797,2279,320076,19.47743497,32.03216867,1643317
Gujarat,AHMEDABAD WEST,NOTA,0,NOTA,,,,,,,,,14580,139,14719,0.895688416,1.473029814,1643317
Gujarat,AHMEDABAD WEST,TRIBHOVANDAS KARSANDAS VAGHELA,0,BSP,Elephant,MALE,0,66,SC,8th Pass,"Rs 53,54,000
 ~ 53 Lacs+","Rs 0
 ~",9909,119,10028,0.610229189,1.003569738,1643317
Gujarat,AMRELI,Kachhadiya Naranbhai Bhikhabhai,1,BJP,Lotus,MALE,0,64,GENERAL,12th Pass,"Rs 3,59,00,763
 ~ 3 Crore+","Rs 8,28,961
 ~ 8 Lacs+",527593,1442,529035,32.48700759,58.0436736,1628451
Gujarat,AMRELI,Paresh Dhanani,0,INC,Hand,MALE,0,42,GENERAL,Graduate,"Rs 1,43,42,991
 ~ 1 Crore+","Rs 0
 ~",326781,823,327604,20.11752273,35.94344353,1628451
Gujarat,AMRELI,NOTA,0,NOTA,,,,,,,,,17513,54,17567,1.07875521,1.927383281,1628451
Gujarat,AMRELI,Chauhan Ravjibhai Mulabhai,0,BSP,Elephant,MALE,0,47,SC,Literate,"Rs 1,33,189
 ~ 1 Lacs+","Rs 0
 ~",9664,27,9691,0.59510541,1.06325903,1628451
Gujarat,ANAND,PATEL MITESH RAMESHBHAI (BAKABHAI),1,BJP,Lotus,MALE,2,54,GENERAL,Others,"Rs 7,70,43,053
 ~ 7 Crore+","Rs 78,10,840
 ~ 78 Lacs+",631581,1516,633097,38.23349659,57.03144987,1655870
Gujarat,ANAND,BHARATBHAI MADHAVSINH SOLANKI,0,INC,Hand,MALE,0,65,GENERAL,Graduate Professional,"Rs 5,44,90,955
 ~ 5 Crore+","Rs 19,34,855
 ~ 19 Lacs+",434006,1373,435379,26.29306648,39.22036531,1655870
Gujarat,ANAND,NOTA,0,NOTA,,,,,,,,,18365,27,18392,1.110715213,1.656811557,1655870
Gujarat,BANASKANTHA,PARBATBHAI SAVABHAI PATEL,1,BJP,Lotus,MALE,0,70,GENERAL,Graduate Professional,"Rs 4,18,19,177
 ~ 4 Crore+","Rs 45,00,000
 ~ 45 Lacs+",675650,3458,679108,40.00909635,61.52795181,1697384
Gujarat,BANASKANTHA,PARTHIBHAI GALBABHAI BHATOL,0,INC,Hand,MALE,1,75,GENERAL,10th Pass,"Rs 4,04,04,078
 ~ 4 Crore+","Rs 21,64,385
 ~ 21 Lacs+",309446,1366,310812,18.31123659,28.15991824,1697384
Gujarat,BANASKANTHA,THAKOR SWARUPJI SARDARJI,0,IND,Gas Cylinder,MALE,0,39,GENERAL,8th Pass,"Rs 17,05,000
 ~ 17 Lacs+","Rs 0
 ~",48516,118,48634,2.865232617,4.406295329,1697384
Gujarat,BANASKANTHA,NOTA,0,NOTA,,,,,,,,,12658,70,12728,0.749859784,1.153171175,1697384
Gujarat,BANASKANTHA,TEJABHAI NETHIBHAI RABARI,0,BSP,Elephant,MALE,1,49,GENERAL,Literate,"Rs 79,85,000
 ~ 79 Lacs+","Rs 18,00,000
 ~ 18 Lacs+",11034,54,11088,0.653240516,1.004585323,1697384
Gujarat,BANASKANTHA,PUROHIT SHYAMABEN NARANBHAI,0,IND,DIAMOND,FEMALE,0,33,GENERAL,Graduate,"Rs 25,78,000
 ~ 25 Lacs+","Rs 23,06,381
 ~ 23 Lacs+",11064,5,11069,0.652121146,1.002863902,1697384
Gujarat,BARDOLI,PARBHUBHAI NAGARBHAI VASAVA,1,BJP,Lotus,MALE,0,49,ST,Others,"Rs 2,83,50,217
 ~ 2 Crore+","Rs 36,76,869
 ~ 36 Lacs+",740448,1825,742273,40.63851267,54.99764753,1826526
Gujarat,BARDOLI,CHAUDHARI DR. TUSHARBHAI AMARSINHBHAI,0,INC,Hand,MALE,0,53,ST,Graduate Professional,"Rs 6,93,45,867
 ~ 6 Crore+","Rs 0
 ~",524474,2352,526826,28.84306054,39.03441275,1826526
Gujarat,BARDOLI,NOTA,0,NOTA,,,,,,,,,22823,91,22914,1.254512665,1.697779787,1826526
Gujarat,BHARUCH,Mansukhbhai Dhanjibhai Vasava,1,BJP,Lotus,MALE,0,61,ST,Post Graduate,"Rs 68,35,957
 ~ 68 Lacs+","Rs 0
 ~",635374,2421,637795,40.76620354,55.42871992,1564519
Gujarat,BHARUCH,Sherkhan Abdulsakur Pathan,0,INC,Hand,MALE,3,37,GENERAL,12th Pass,"Rs 33,43,699
 ~ 33 Lacs+","Rs 0
 ~",302890,691,303581,19.40411078,26.38325202,1564519
Gujarat,BHARUCH,Chhotubhai Amarsinh Vasava,0,BTP,Auto- Rickshaw,MALE,6,73,ST,10th Pass,"Rs 2,01,46,320
 ~ 2 Crore+","Rs 45,95,420
 ~ 45 Lacs+",143093,990,144083,9.209411966,12.52179188,1564519
Gujarat,BHARUCH,Sindha Kiritsinh Alias Jalamsinh Nathubava,0,IND,Air Conditioner,MALE,0,40,GENERAL,5th Pass,"Rs 10,35,000
 ~ 10 Lacs+","Rs 0
 ~",15110,0,15110,0.965792042,1.313161687,1564519
Gujarat,BHAVNAGAR,DR.BHARATIBEN DHIRUBHAI SHIYAL,1,BJP,Lotus,FEMALE,0,55,GENERAL,Graduate Professional,"Rs 1,77,53,161
 ~ 1 Crore+","Rs 36,89,036
 ~ 36 Lacs+",655272,6001,661273,37.39603698,63.32564674,1768297
Gujarat,BHAVNAGAR,PATEL MANHARBHAI NAGJIBHAI (VASANI),0,INC,Hand,MALE,0,50,GENERAL,10th Pass,"Rs 7,59,61,835
 ~ 7 Crore+","Rs 55,95,198
 ~ 55 Lacs+",329131,2623,331754,18.76121489,31.76983879,1768297
Gujarat,BHAVNAGAR,NOTA,0,NOTA,,,,,,,,,16115,268,16383,0.926484635,1.568889204,1768297
Gujarat,CHHOTA UDAIPUR,RATHVA GITABEN VAJESINGBHAI,1,BJP,Lotus,FEMALE,0,47,ST,12th Pass,"Rs 86,34,660
 ~ 86 Lacs+","Rs 0
 ~",761472,2973,764445,45.74083038,61.89562408,1671253
Gujarat,CHHOTA UDAIPUR,RATHAVA RANJITSINH MOHANSINH,0,INC,Hand,MALE,0,53,ST,Graduate,"Rs 3,47,21,898
 ~ 3 Crore+","Rs 37,69,537
 ~ 37 Lacs+",384059,2443,386502,23.12648055,31.29431483,1671253
Gujarat,CHHOTA UDAIPUR,NOTA,0,NOTA,,,,,,,,,32816,52,32868,1.966668123,2.661258001,1671253
Gujarat,CHHOTA UDAIPUR,RATHVA FURKANBHAI BALAJIBHAI,0,BSP,Elephant,MALE,0,48,ST,Literate,"Rs 8,80,000
 ~ 8 Lacs+","Rs 5,00,000
 ~ 5 Lacs+",14948,16,14964,0.895376104,1.211605961,1671253
Gujarat,DAHOD,JASHVANTSINH SUMANBHAI BHABHOR,1,BJP,Lotus,MALE,0,52,ST,Graduate Professional,"Rs 2,70,70,480
 ~ 2 Crore+","Rs 0
 ~",558977,2783,561760,35.13329777,52.77759771,1598939
Gujarat,DAHOD,KATARA BABUBHAI KHIMABHAI,0,INC,Hand,MALE,1,58,ST,Graduate,"Rs 4,80,20,539
 ~ 4 Crore+","Rs 24,90,502
 ~ 24 Lacs+",431312,2852,434164,27.153256,40.7898977,1598939
Gujarat,DAHOD,NOTA,0,NOTA,,,,,,,,,31873,63,31936,1.997324476,3.000401168,1598939
Gujarat,DAHOD,BHABHOR DHULABHAI DITABHAI,0,BSP,Elephant,MALE,0,64,ST,10th Pass,"Rs 71,845
 ~ 71 Thou+","Rs 0
 ~",11329,10,11339,0.70915776,1.06530401,1598939
Gujarat,DAHOD,DEVDHA SAMSUBHAI KHATARABHAI,0,IND,Boat with Man and Sail,MALE,0,51,ST,Graduate Professional,Nil,"Rs 0
 ~",11135,7,11142,0.69683709,1.046795773,1598939
Gujarat,GANDHINAGAR,AMIT SHAH,1,BJP,Lotus,MALE,4,54,GENERAL,12th Pass,"Rs 40,32,75,307
 ~ 40 Crore+","Rs 47,69,587
 ~ 47 Lacs+",889925,4699,894624,45.97784324,69.5758213,1945772
Gujarat,GANDHINAGAR,Dr. C. J. CHAVDA,0,INC,Hand,MALE,0,61,GENERAL,Graduate Professional,"Rs 12,04,68,223
 ~ 12 Crore+","Rs 1,92,23,728
 ~ 1 Crore+",334082,3528,337610,17.35095376,26.25627418,1945772
Gujarat,GANDHINAGAR,NOTA,0,NOTA,,,,,,,,,13984,230,14214,0.730506966,1.105437283,1945772
Gujarat,JAMNAGAR,POONAMBEN HEMATBHAI MAADAM,1,BJP,Lotus,FEMALE,0,44,GENERAL,Graduate,"Rs 42,73,31,034
 ~ 42 Crore+","Rs 9,86,32,194
 ~ 9 Crore+",587501,4087,591588,35.69877731,58.48915763,1657166
Gujarat,JAMNAGAR,KANDORIYA MULUBHAI RANMALBHAI,0,INC,Hand,MALE,1,60,GENERAL,Graduate,"Rs 29,08,28,040
 ~ 29 Crore+","Rs 4,38,38,249
 ~ 4 Crore+",353199,1585,354784,21.40908032,35.07680565,1657166
Gujarat,JUNAGADH,CHUDASAMA RAJESHBHAI NARANBHAI,1,BJP,Lotus,MALE,1,36,GENERAL,12th Pass,"Rs 1,08,66,041
 ~ 1 Crore+","Rs 14,81,768
 ~ 14 Lacs+",543429,4315,547744,33.34079997,54.38003598,1642864
Gujarat,JUNAGADH,VANSH PUNJABHAI BHIMABHAI,0,INC,Hand,MALE,0,55,GENERAL,Graduate,"Rs 2,45,71,504
 ~ 2 Crore+","Rs 27,88,342
 ~ 27 Lacs+",394673,2860,397533,24.19755987,39.4670847,1642864
Gujarat,JUNAGADH,DEVEN GOVINDBHAI VANVI,0,BSP,Elephant,MALE,0,48,SC,12th Pass,"Rs 5,03,683
 ~ 5 Lacs+","Rs 0
 ~",25448,243,25691,1.563793473,2.550603027,1642864
Gujarat,JUNAGADH,NOTA,0,NOTA,,,,,,,,,15396,203,15599,0.949500385,1.548669052,1642864
Gujarat,KACHCHH,CHAVDA VINOD LAKHAMSHI,1,BJP,Lotus,MALE,0,40,SC,Post Graduate,"Rs 3,35,08,455
 ~ 3 Crore+","Rs 1,24,58,607
 ~ 1 Crore+",631753,5281,637034,36.52045696,62.20111858,1744321
Gujarat,KACHCHH,NARESH NARANBHAI MAHESHWARI,0,INC,Hand,MALE,0,52,SC,Graduate,"Rs 38,13,627
 ~ 38 Lacs+","Rs 1,44,294
 ~ 1 Lacs+",329229,2292,331521,19.00573346,32.37029269,1744321
Gujarat,KACHCHH,NOTA,0,NOTA,,,,,,,,,18551,210,18761,1.075547448,1.83185699,1744321
Gujarat,KHEDA,Chauhan Devusinh,1,BJP,Lotus,MALE,0,54,GENERAL,Others,"Rs 1,30,23,202
 ~ 1 Crore+","Rs 9,95,240
 ~ 9 Lacs+",711757,2815,714572,39.6098065,64.89189255,1804028
Gujarat,KHEDA,Bimal Shah,0,INC,Hand,MALE,0,58,GENERAL,Graduate,"Rs 8,63,98,716
 ~ 8 Crore+","Rs 2,55,12,343
 ~ 2 Crore+",345804,1623,347427,19.25840397,31.55062828,1804028
Gujarat,KHEDA,NOTA,0,NOTA,,,,,,,,,18201,76,18277,1.013121748,1.65977553,1804028
Gujarat,MAHESANA,SHARDABEN ANILBHAI PATEL,1,BJP,Lotus,FEMALE,0,71,GENERAL,12th Pass,"Rs 44,03,08,300
 ~ 44 Crore+","Rs 74,77,793
 ~ 74 Lacs+",656686,2839,659525,39.99862936,60.80381533,1648869
Gujarat,MAHESANA,A. J. Patel,0,INC,Hand,MALE,0,73,GENERAL,Graduate Professional,"Rs 69,87,73,712
 ~ 69 Crore+","Rs 9,62,20,673
 ~ 9 Crore+",376193,1813,378006,22.92516871,34.84963727,1648869
Gujarat,MAHESANA,NOTA,0,NOTA,,,,,,,,,11979,88,12067,0.731834973,1.112497084,1648869
Gujarat,NAVSARI,C. R. Patil,1,BJP,Lotus,MALE,1,64,GENERAL,10th Pass,"Rs 44,60,44,269
 ~ 44 Crore+","Rs 5,68,46,658
 ~ 5 Crore+",969430,3309,972739,49.33609176,74.29821667,1971658
Gujarat,NAVSARI,PATEL DHARMESHBHAI BHIMBHAI,0,INC,Hand,MALE,0,47,GENERAL,12th Pass,"Rs 3,18,46,750
 ~ 3 Crore+","Rs 16,59,481
 ~ 16 Lacs+",281663,1408,283071,14.35700309,21.62108283,1971658
Gujarat,PANCHMAHAL,Ratansinh Magansinh Rathod,1,BJP,Lotus,MALE,0,59,GENERAL,Graduate Professional,"Rs 1,02,60,663
 ~ 1 Crore+","Rs 10,81,611
 ~ 10 Lacs+",727301,4835,732136,41.96194094,67.43334825,1744762
Gujarat,PANCHMAHAL,Khant Vechatbhai Kuberbhai,0,INC,Hand,MALE,2,68,GENERAL,8th Pass,"Rs 3,34,36,760
 ~ 3 Crore+","Rs 6,00,000
 ~ 6 Lacs+",301046,2549,303595,17.4003675,27.96260171,1744762
Gujarat,PANCHMAHAL,NOTA,0,NOTA,,,,,,,,,20066,67,20133,1.153910963,1.854348919,1744762
Gujarat,PATAN,DABHI BHARATSINHJI SHANKARJI,1,BJP,Lotus,MALE,0,64,GENERAL,Graduate,"Rs 4,73,73,221
 ~ 4 Crore+","Rs 56,13,860
 ~ 56 Lacs+",629813,3555,633368,35.04996837,56.12889561,1807043
Gujarat,PATAN,JAGDISH THAKOR,0,INC,Hand,MALE,0,62,GENERAL,10th Pass,"Rs 2,21,36,618
 ~ 2 Crore+","Rs 0
 ~",437358,2131,439489,24.3208933,38.94739267,1807043
Gujarat,PATAN,NOTA,0,NOTA,,,,,,,,,14268,59,14327,0.792842229,1.269654746,1807043
Gujarat,PORBANDAR,RAMESHBHAI LAVJIBHAI DHADUK,1,BJP,Lotus,MALE,0,57,GENERAL,10th Pass,"Rs 35,75,64,783
 ~ 35 Crore+","Rs 21,79,44,697
 ~ 21 Crore+",560011,3870,563881,33.92034736,59.28681,1662368
Gujarat,PORBANDAR,LALIT VASOYA,0,INC,Hand,MALE,2,57,GENERAL,12th Pass,"Rs 2,32,84,746
 ~ 2 Crore+","Rs 5,09,206
 ~ 5 Lacs+",331883,2175,334058,20.09530982,35.12307238,1662368
Gujarat,PORBANDAR,SAMATBHAI GOVABHAI KADAVALA,0,BSP,Elephant,MALE,0,44,GENERAL,8th Pass,"Rs 3,00,000
 ~ 3 Lacs+","Rs 3,58,662
 ~ 3 Lacs+",9874,218,10092,0.607085796,1.061079353,1662368
Gujarat,RAJKOT,KUNDARIA MOHANBHAI KALYANJIBHAI,1,BJP,Lotus,MALE,0,67,GENERAL,8th Pass,"Rs 6,88,18,120
 ~ 6 Crore+","Rs 1,65,66,856
 ~ 1 Crore+",755296,3349,758645,40.26053698,63.41594918,1884339
Gujarat,RAJKOT,KAGATHARA LALITBHAI,0,INC,Hand,MALE,2,61,GENERAL,Graduate,"Rs 9,75,82,897
 ~ 9 Crore+","Rs 8,21,06,333
 ~ 8 Crore+",388405,1833,390238,20.70954324,32.62041294,1884339
Gujarat,RAJKOT,NOTA,0,NOTA,,,,,,,,,18080,238,18318,0.972118074,1.531221266,1884339
Gujarat,RAJKOT,VIJAY PARMAR,0,BSP,Elephant,MALE,4,48,SC,12th Pass,"Rs 5,35,000
 ~ 5 Lacs+","Rs 0
 ~",15288,100,15388,0.816625883,1.286299423,1884339
Gujarat,SABARKANTHA,RATHOD DIPSINH SHANKARSINH,1,BJP,Lotus,MALE,0,67,GENERAL,8th Pass,"Rs 2,39,97,443
 ~ 2 Crore+","Rs 0
 ~",696497,5486,701983,38.96189024,57.49350111,1801717
Gujarat,SABARKANTHA,THAKOR RAJENDRASINH SHIVSINH,0,INC,Hand,MALE,0,46,GENERAL,Graduate,"Rs 2,26,87,227
 ~ 2 Crore+","Rs 8,00,000
 ~ 8 Lacs+",428836,4161,432997,24.03246459,35.46312874,1801717
Gujarat,SABARKANTHA,RAVAL RAJUBHAI PUNJABHAI,0,IND,Gas Cylinder,MALE,0,38,GENERAL,10th Pass,"Rs 5,90,918
 ~ 5 Lacs+","Rs 0
 ~",17154,21,17175,0.953257365,1.406659252,1801717
Gujarat,SURAT,Darshana Vikram Jardosh,1,BJP,Lotus,FEMALE,0,58,GENERAL,Graduate,"Rs 2,38,72,876
 ~ 2 Crore+","Rs 0
 ~",794133,1518,795651,48.05514754,74.41185575,1655704
Gujarat,SURAT,Ashok Patel (Adhevada),0,INC,Hand,MALE,0,45,GENERAL,8th Pass,"Rs 1,90,12,482
 ~ 1 Crore+","Rs 31,25,964
 ~ 31 Lacs+",246978,443,247421,14.94355271,23.13961242,1655704
Gujarat,SURENDRANAGAR,Dr. MUNJAPARA MAHENDRABHAI,1,BJP,Lotus,MALE,0,50,GENERAL,Post Graduate,"Rs 7,90,84,513
 ~ 7 Crore+","Rs 1,48,22,528
 ~ 1 Crore+",626957,4887,631844,34.16427449,58.49329614,1849429
Gujarat,SURENDRANAGAR,KOLI PATEL SOMABHAI GANDALAL,0,INC,Hand,MALE,0,79,GENERAL,5th Pass,"Rs 6,65,58,302
 ~ 6 Crore+","Rs 0
 ~",351610,2797,354407,19.16304978,32.80941752,1849429
Gujarat,SURENDRANAGAR,ADVOCATE SHAILESH N. SOLANKI,0,BSP,Elephant,MALE,0,35,SC,Graduate Professional,"Rs 45,36,170
 ~ 45 Lacs+","Rs 11,31,656
 ~ 11 Lacs+",12662,198,12860,0.695349754,1.190521376,1849429
Gujarat,SURENDRANAGAR,DOST MER,0,IND,Cup & Saucer,MALE,0,36,GENERAL,5th Pass,"Rs 1,35,000
 ~ 1 Lacs+","Rs 0
 ~",11097,6,11103,0.600347459,1.027866162,1849429
Gujarat,VADODARA,RANJANBEN BHATT,1,BJP,Lotus,FEMALE,0,56,GENERAL,12th Pass,"Rs 2,94,26,428
 ~ 2 Crore+","Rs 0
 ~",880905,2814,883719,49.23510889,72.21643381,1794896
Gujarat,VADODARA,PRASHANT PATEL (TIKO),0,INC,Hand,MALE,1,44,GENERAL,Graduate,"Rs 3,10,42,006
 ~ 3 Crore+","Rs 1,09,38,685
 ~ 1 Crore+",293080,1462,294542,16.40997584,24.06961132,1794896
Gujarat,VADODARA,NOTA,0,NOTA,,,,,,,,,16901,98,16999,0.947074371,1.38913745,1794896
Gujarat,VALSAD,Dr.K.C.PATEL,1,BJP,Lotus,MALE,0,69,ST,Graduate Professional,"Rs 6,82,39,480
 ~ 6 Crore+","Rs 0
 ~",770442,1538,771980,46.19785402,61.20200037,1671030
Gujarat,VALSAD,CHAUDHARI JITUBHAI HARJIBHAI,0,INC,Hand,MALE,1,54,ST,8th Pass,"Rs 66,11,455
 ~ 66 Lacs+","Rs 0
 ~",416310,1873,418183,25.02546334,33.15323729,1671030
Gujarat,VALSAD,NOTA,0,NOTA,,,,,,,,,19264,43,19307,1.155395175,1.530644604,1671030
Gujarat,VALSAD,KISHORBHAI RAMANBHAI PATEL (Rajubhai),0,BSP,Elephant,MALE,0,54,ST,10th Pass,"Rs 26,50,000
 ~ 26 Lacs+","Rs 0
 ~",15344,15,15359,0.919133708,1.217650099,1671030
