STATE,CONSTITUENCY,NAME,WINNER,PARTY,SYMBOL,GENDER,"CRIMINAL
CASES",AGE,CATEGORY,EDUCATION,ASSETS,LIABILITIES,"GENERAL
VOTES","POSTAL
VOTES","TOTAL
VOTES","OVER TOTAL ELECTORS 
IN CONSTITUENCY","OVER TOTAL VOTES POLLED 
IN CONSTITUENCY",TOTAL ELECTORS
Haryana,AMBALA,RATTAN LAL KATARIA,1,BJP,Lotus,MALE,0,67,SC,Post Graduate,"Rs 5,43,61,499
 ~ 5 Crore+","Rs 1,88,861
 ~ 1 Lacs+",744438,2070,746508,40.27100233,56.64280587,1853711
Haryana,AMBALA,SELJA,0,INC,Hand,FEMALE,0,56,SC,Post Graduate,"Rs 24,05,08,152
 ~ 24 Crore+","Rs 0
 ~",403678,485,404163,21.80291318,30.66668589,1853711
Haryana,AMBALA,NARESH KUMAR,0,BSP,Elephant,MALE,0,55,SC,10th Pass,"Rs 3,80,90,737
 ~ 3 Crore+","Rs 73,613
 ~ 73 Thou+",96205,91,96296,5.194768764,7.30665396,1853711
Haryana,AMBALA,RAM PAL,0,INLD,Spectacles,MALE,1,61,SC,10th Pass,"Rs 44,15,779
 ~ 44 Lacs+","Rs 0
 ~",19518,57,19575,1.05598985,1.485292756,1853711
Haryana,BHIWANI-MAHENDRAGARH,Dharambir Singh S/o Bhale Ram,1,BJP,Lotus,MALE,0,64,GENERAL,Graduate,"Rs 6,06,42,205
 ~ 6 Crore+","Rs 2,40,000
 ~ 2 Lacs+",725725,10974,736699,44.53191257,63.18682638,1654317
Haryana,BHIWANI-MAHENDRAGARH,Shruti Choudhry,0,INC,Hand,FEMALE,0,43,GENERAL,Graduate Professional,"Rs 1,01,61,18,000
 ~ 101 Crore+","Rs 15,10,84,000
 ~ 15 Crore+",290463,1773,292236,17.66505452,25.06514247,1654317
Haryana,BHIWANI-MAHENDRAGARH,Swati Yadav,0,JNJP,Chappals,FEMALE,0,30,GENERAL,Post Graduate,"Rs 9,15,21,178
 ~ 9 Crore+","Rs 4,59,67,727
 ~ 4 Crore+",84236,720,84956,5.135412379,7.286693781,1654317
Haryana,BHIWANI-MAHENDRAGARH,Ramesh Rao Pilot,0,LTSP,Auto- Rickshaw,MALE,0,46,GENERAL,Graduate Professional,"Rs 9,14,65,000
 ~ 9 Crore+","Rs 1,43,67,975
 ~ 1 Crore+",20170,64,20234,1.223102948,1.735474386,1654317
Haryana,FARIDABAD,KRISHAN PAL,1,BJP,Lotus,MALE,0,62,GENERAL,Graduate Professional,"Rs 36,96,52,786
 ~ 36 Crore+","Rs 10,55,93,242
 ~ 10 Crore+",910787,2435,913222,44.07833514,68.76014116,2071816
Haryana,FARIDABAD,AVTAR SINGH BHADANA,0,INC,Hand,MALE,1,62,GENERAL,8th Pass,"Rs 12,08,03,457
 ~ 12 Crore+","Rs 0
 ~",274755,228,274983,13.27255895,20.70457117,2071816
Haryana,FARIDABAD,MANDHIR MAAN,0,BSP,Elephant,MALE,0,43,GENERAL,10th Pass,"Rs 6,93,70,850
 ~ 6 Crore+","Rs 26,00,000
 ~ 26 Lacs+",86694,58,86752,4.187244427,6.531905458,2071816
Haryana,GURGAON,RAO INDERJIT SINGH,1,BJP,Lotus,MALE,0,69,GENERAL,Graduate Professional,"Rs 42,09,70,754
 ~ 42 Crore+","Rs 3,15,00,000
 ~ 3 Crore+",877241,4305,881546,40.98826072,60.87600243,2150728
Haryana,GURGAON,CAPT. AJAY SINGH,0,INC,Hand,MALE,0,60,GENERAL,Graduate Professional,"Rs 27,48,17,503
 ~ 27 Crore+","Rs 1,06,12,632
 ~ 1 Crore+",494733,557,495290,23.02894648,34.20272481,2150728
Haryana,GURGAON,CHAUDHARY RAIS AHMAD,0,BSP,Elephant,MALE,0,58,GENERAL,Graduate,"Rs 45,93,17,500
 ~ 45 Crore+","Rs 8,40,82,104
 ~ 8 Crore+",26706,50,26756,1.244043877,1.847661178,2150728
Haryana,HISAR,BRIJENDRA SINGH,1,BJP,Lotus,MALE,0,46,GENERAL,Post Graduate,"Rs 14,64,08,734
 ~ 14 Crore+","Rs 2,72,25,637
 ~ 2 Crore+",599951,3338,603289,36.97038332,51.04494711,1631817
Haryana,HISAR,DUSHYANT CHAUTALA,0,JNJP,Chappals,MALE,0,31,GENERAL,Post Graduate,"Rs 76,94,52,859
 ~ 76 Crore+","Rs 6,83,31,773
 ~ 6 Crore+",288425,796,289221,17.72386242,24.47130753,1631817
Haryana,HISAR,BHAVYA BISHNOI,0,INC,Hand,MALE,0,26,GENERAL,Post Graduate,"Rs 3,79,90,209
 ~ 3 Crore+","Rs 1,79,78,516
 ~ 1 Crore+",183960,409,184369,11.29838701,15.59966426,1631817
Haryana,HISAR,SURINDER SHARMA,0,BSP,Elephant,MALE,0,58,GENERAL,10th Pass,"Rs 1,16,53,061
 ~ 1 Crore+","Rs 0
 ~",45090,100,45190,2.769305627,3.823575699,1631817
Haryana,KARNAL,Sanjay Bhatia,1,BJP,Lotus,MALE,0,51,GENERAL,Graduate,"Rs 22,56,739
 ~ 22 Lacs+","Rs 5,00,000
 ~ 5 Lacs+",909432,2162,911594,47.87298346,70.04319717,1904193
Haryana,KARNAL,Kuldip Sharma,0,INC,Hand,MALE,0,62,GENERAL,Graduate Professional,"Rs 11,33,55,363
 ~ 11 Crore+","Rs 10,11,148
 ~ 10 Lacs+",255163,289,255452,13.4152368,19.62789883,1904193
Haryana,KARNAL,Pankaj,0,BSP,Elephant,MALE,0,31,GENERAL,10th Pass,"Rs 34,62,000
 ~ 34 Lacs+","Rs 0
 ~",67091,92,67183,3.528161274,5.162070084,1904193
Haryana,KARNAL,Krishan Kumar Aggarwal,0,AAP,Broom,MALE,0,41,GENERAL,Graduate Professional,"Rs 4,71,69,776
 ~ 4 Crore+","Rs 45,04,699
 ~ 45 Lacs+",22042,42,22084,1.15975639,1.696845269,1904193
Haryana,KARNAL,Dharmvir Padha,0,INLD,Spectacles,MALE,0,56,GENERAL,12th Pass,"Rs 12,45,24,443
 ~ 12 Crore+","Rs 52,55,000
 ~ 52 Lacs+",15748,49,15797,0.829590278,1.213777609,1904193
Haryana,KURUKSHETRA,NAYAB SINGH,1,BJP,Lotus,MALE,0,49,GENERAL,Graduate Professional,"Rs 3,57,85,621
 ~ 3 Crore+","Rs 57,20,000
 ~ 57 Lacs+",686588,2041,688629,41.55038058,55.93312026,1657335
Haryana,KURUKSHETRA,NIRMAL SINGH,0,INC,Hand,MALE,1,66,GENERAL,Graduate,"Rs 12,63,85,687
 ~ 12 Crore+","Rs 7,04,496
 ~ 7 Lacs+",303722,316,304038,18.34499362,24.69514647,1657335
Haryana,KURUKSHETRA,SHASHI,0,BSP,Elephant,FEMALE,0,59,GENERAL,Graduate Professional,"Rs 5,48,61,000
 ~ 5 Crore+","Rs 0
 ~",75533,92,75625,4.563048509,6.142556034,1657335
Haryana,KURUKSHETRA,JAI BHAGWAN SHARMA (DD),0,JNJP,Chappals,MALE,0,57,GENERAL,Graduate,"Rs 13,42,93,739
 ~ 13 Crore+","Rs 43,73,215
 ~ 43 Lacs+",68437,76,68513,4.133925851,5.564891789,1657335
Haryana,KURUKSHETRA,ARJUN SINGH CHAUTALA,0,INLD,Spectacles,MALE,0,26,GENERAL,12th Pass,"Rs 6,30,59,996
 ~ 6 Crore+","Rs 17,48,226
 ~ 17 Lacs+",60574,105,60679,3.661239279,4.928583902,1657335
Haryana,ROHTAK,ARVIND KUMAR SHARMA,1,BJP,Lotus,MALE,0,56,GENERAL,Post Graduate,"Rs 4,10,79,284
 ~ 4 Crore+","Rs 1,67,78,090
 ~ 1 Crore+",566242,7603,573845,33.03402791,46.84471924,1737133
Haryana,ROHTAK,DEEPENDER SINGH HOODA,0,INC,Hand,MALE,0,41,GENERAL,Post Graduate,"Rs 44,72,55,719
 ~ 44 Crore+","Rs 2,18,46,800
 ~ 2 Crore+",563606,2736,566342,32.60210934,46.23222644,1737133
Haryana,ROHTAK,KISHAN LAL PANCHAL,0,BSP,Elephant,MALE,0,51,GENERAL,5th Pass,"Rs 1,06,38,347
 ~ 1 Crore+","Rs 0
 ~",38163,201,38364,2.208466479,3.131770441,1737133
Haryana,ROHTAK,PRADEEP KUMAR DESWAL,0,JNJP,Chappals,MALE,3,32,GENERAL,Post Graduate,"Rs 51,50,821
 ~ 51 Lacs+","Rs 0
 ~",21050,161,21211,1.221034889,1.731518685,1737133
Haryana,SIRSA,Sunita Duggal,1,BJP,Lotus,FEMALE,0,51,SC,Post Graduate,"Rs 4,25,96,349
 ~ 4 Crore+","Rs 25,00,000
 ~ 25 Lacs+",712877,1474,714351,39.61246547,52.13038452,1803349
Haryana,SIRSA,Ashok Tanwar,0,INC,Hand,MALE,1,43,SC,Doctorate,"Rs 6,43,11,703
 ~ 6 Crore+","Rs 74,89,962
 ~ 74 Lacs+",404099,334,404433,22.42677374,29.51384936,1803349
Haryana,SIRSA,Nirmal Singh Malri,0,JNJP,Chappals,MALE,0,37,SC,12th Pass,"Rs 18,05,374
 ~ 18 Lacs+","Rs 0
 ~",95792,122,95914,5.318659893,6.999407436,1803349
Haryana,SIRSA,Charanjeet Singh Rori,0,INLD,Spectacles,MALE,0,49,SC,10th Pass,"Rs 1,06,01,527
 ~ 1 Crore+","Rs 44,46,477
 ~ 44 Lacs+",87979,114,88093,4.884966803,6.42866317,1803349
Haryana,SIRSA,Janak Raj Atwal,0,BSP,Elephant,MALE,0,50,SC,Post Graduate,"Rs 1,85,17,000
 ~ 1 Crore+","Rs 15,00,000
 ~ 15 Lacs+",25080,27,25107,1.392242988,1.832205126,1803349
Haryana,SONIPAT,RAMESH CHANDER KAUSHIK,1,BJP,Lotus,MALE,0,62,GENERAL,Graduate Professional,"Rs 23,58,59,266
 ~ 23 Crore+","Rs 0
 ~",583988,3676,587664,36.89940607,51.95297512,1592611
Haryana,SONIPAT,BHUPINDER SINGH HOODA,0,INC,Hand,MALE,6,72,GENERAL,Graduate Professional,"Rs 15,52,61,986
 ~ 15 Crore+","Rs 14,40,000
 ~ 14 Lacs+",421229,1571,422800,26.54760014,37.37802194,1592611
Haryana,SONIPAT,DIGVIJAY SINGH CHAUTALA,0,JNJP,Chappals,MALE,1,28,GENERAL,12th Pass,"Rs 53,18,39,302
 ~ 53 Crore+","Rs 11,36,58,582
 ~ 11 Crore+",50904,258,51162,3.212460544,4.523023553,1592611
Haryana,SONIPAT,RAJ BALA SAINI,0,LTSP,Auto- Rickshaw,FEMALE,0,44,GENERAL,Post Graduate,"Rs 3,82,02,783
 ~ 3 Crore+","Rs 14,95,000
 ~ 14 Lacs+",34958,88,35046,2.200537357,3.098273786,1592611
