STATE,CONSTITUENCY,NAME,WINNER,PARTY,SYMBOL,GENDER,"CRIMINAL
CASES",AGE,CATEGORY,EDUCATION,ASSETS,LIABILITIES,"GENERAL
VOTES","POSTAL
VOTES","TOTAL
VOTES","OVER TOTAL ELECTORS 
IN CONSTITUENCY","OVER TOTAL VOTES POLLED 
IN CONSTITUENCY",TOTAL ELECTORS
Himachal Pradesh,HAMIRPUR,ANURAG SINGH THAKUR,1,BJP,Lotus,MALE,3,44,GENERAL,Graduate,"Rs 5,67,70,463
 ~ 5 Crore+","Rs 10,85,145
 ~ 10 Lacs+",668812,13880,682692,50.11433131,68.81372299,1362269
Himachal Pradesh,HAMIRPUR,RAM LAL THAKUR,0,INC,Hand,MALE,0,68,GENERAL,Graduate Professional,"Rs 3,48,88,616
 ~ 3 Crore+","Rs 0
 ~",281000,2120,283120,20.78297311,28.53781977,1362269
Himachal Pradesh,KANGRA,Kishan Kapoor,1,BJP,Lotus,MALE,2,67,ST,12th Pass,"Rs 8,58,41,247
 ~ 8 Crore+","Rs 36,05,161
 ~ 36 Lacs+",712133,13085,725218,50.8091286,71.83534148,1427338
Himachal Pradesh,KANGRA,Pawan Kajal,0,INC,Hand,MALE,0,45,GENERAL,10th Pass,"Rs 7,94,78,472
 ~ 7 Crore+","Rs 66,42,582
 ~ 66 Lacs+",245474,2121,247595,17.34662708,24.52513778,1427338
Himachal Pradesh,KANGRA,NOTA,0,NOTA,,,,,,,,,11195,132,11327,0.793575173,1.121978375,1427338
Himachal Pradesh,MANDI,RAM SWAROOP SHARMA,1,BJP,Lotus,MALE,0,60,GENERAL,10th Pass,"Rs 1,57,24,337
 ~ 1 Crore+","Rs 7,83,963
 ~ 7 Lacs+",638441,8748,647189,50.50395564,68.62008932,1281462
Himachal Pradesh,MANDI,AASHRAY SHARMA,0,INC,Hand,MALE,0,32,GENERAL,Others,"Rs 4,85,23,665
 ~ 4 Crore+","Rs 1,62,86,033
 ~ 1 Crore+",240184,1546,241730,18.86361047,25.6301238,1281462
Himachal Pradesh,MANDI,DALEEP SINGH KAITH,0,CPI(M),"Hammer, Sickle and Star",MALE,1,48,GENERAL,Post Graduate,"Rs 43,03,590
 ~ 43 Lacs+","Rs 9,34,823
 ~ 9 Lacs+",14742,96,14838,1.157896215,1.573241951,1281462
Himachal Pradesh,SHIMLA,SURESH KUMAR KASHYAP,1,BJP,Lotus,MALE,0,48,SC,Post Graduate,"Rs 1,57,05,738
 ~ 1 Crore+","Rs 78,73,806
 ~ 78 Lacs+",601305,4877,606182,48.14464472,66.23861251,1259085
Himachal Pradesh,SHIMLA,DHANI RAM SHANDIL,0,INC,Hand,MALE,1,78,SC,Doctorate,"Rs 3,67,82,528
 ~ 3 Crore+","Rs 41,11,104
 ~ 41 Lacs+",277647,1021,278668,22.13258041,30.45056051,1259085
