STATE,CONSTITUENCY,NAME,WINNER,PARTY,SYMBOL,GENDER,"CRIMINAL
CASES",AGE,CATEGORY,EDUCATION,ASSETS,LIABILITIES,"GENERAL
VOTES","POSTAL
VOTES","TOTAL
VOTES","OVER TOTAL ELECTORS 
IN CONSTITUENCY","OVER TOTAL VOTES POLLED 
IN CONSTITUENCY",TOTAL ELECTORS
Jammu & Kashmir,ANANTNAG,HASNAIN MASOODI,1,JKN,Plough,MALE,0,65,GENERAL,Post Graduate,"Rs 8,76,20,672
 ~ 8 Crore+","Rs 0
 ~",40032,148,40180,2.874560285,32.02486749,1397779
Jammu & Kashmir,ANANTNAG,GHULAM AHMAD MIR,0,INC,Hand,MALE,0,60,GENERAL,Graduate,"Rs 14,01,46,018
 ~ 14 Crore+","Rs 0
 ~",32879,625,33504,2.39694544,26.70386163,1397779
Jammu & Kashmir,ANANTNAG,MEHBOOBA MUFTI,0,JKPDP,Ink Pot & Pen,FEMALE,1,59,GENERAL,Graduate Professional,"Rs 89,03,857
 ~ 89 Lacs+","Rs 0
 ~",30223,301,30524,2.183750078,24.32869725,1397779
Jammu & Kashmir,ANANTNAG,SOFI YOUSUF,0,BJP,Lotus,MALE,1,53,GENERAL,Illiterate,"Rs 1,17,10,000
 ~ 1 Crore+","Rs 0
 ~",9687,538,10225,0.731517643,8.149683179,1397779
Jammu & Kashmir,ANANTNAG,CH. ZAFFAR ALI,0,JPC,Apple,MALE,0,60,ST,8th Pass,"Rs 2,32,65,829
 ~ 2 Crore+","Rs 2,02,000
 ~ 2 Lacs+",1629,17,1646,0.117758244,1.311919659,1397779
Jammu & Kashmir,ANANTNAG,GH. MOHD. WANI,0,IND,Table,MALE,0,45,GENERAL,12th Pass,"Rs 31,000
 ~ 31 Thou+","Rs 0
 ~",1365,4,1369,0.097941091,1.091140956,1397779
Jammu & Kashmir,BARAMULLA,MOHAMMAD AKBAR LONE,1,JKN,Plough,MALE,0,71,GENERAL,Graduate Professional,"Rs 59,74,34,000
 ~ 59 Crore+","Rs 1,04,935
 ~ 1 Lacs+",132969,457,133426,10.12538153,29.26015189,1317738
Jammu & Kashmir,BARAMULLA,RAJA AIJAZ ALI,0,JPC,Apple,MALE,0,67,GENERAL,Graduate Professional,"Rs 17,68,68,487
 ~ 17 Crore+","Rs 8,48,606
 ~ 8 Lacs+",103052,141,103193,7.831071123,22.63009349,1317738
Jammu & Kashmir,BARAMULLA,ENGINEER RASHID,0,IND,Gas Cylinder,MALE,0,54,GENERAL,Others,"Rs 80,00,000
 ~ 80 Lacs+","Rs 60,00,000
 ~ 60 Lacs+",100677,1491,102168,7.753286313,22.40531229,1317738
Jammu & Kashmir,BARAMULLA,ABDUL QAYOOM WANI,0,JKPDP,Ink Pot & Pen,MALE,0,59,GENERAL,Graduate Professional,"Rs 1,65,56,983
 ~ 1 Crore+","Rs 4,73,600
 ~ 4 Lacs+",53307,223,53530,4.062264274,11.73906083,1317738
Jammu & Kashmir,BARAMULLA,HAJI FAROOQ AHMAD MIR,0,INC,Hand,MALE,0,55,GENERAL,8th Pass,"Rs 1,27,77,435
 ~ 1 Crore+","Rs 0
 ~",34240,292,34532,2.620551278,7.572823625,1317738
Jammu & Kashmir,BARAMULLA,NOTA,0,NOTA,,,,,,,,,8070,58,8128,0.616814572,1.782460049,1317738
Jammu & Kashmir,BARAMULLA,MOHD MAQBOOL WAR,0,BJP,Lotus,MALE,0,65,GENERAL,Graduate,"Rs 1,13,20,000
 ~ 1 Crore+","Rs 0
 ~",7313,581,7894,0.599056869,1.731144147,1317738
Jammu & Kashmir,BARAMULLA,SYED NAJEEB SHAH NAQVI,0,IND,Table,MALE,0,48,GENERAL,Post Graduate,"Rs 1,00,50,737
 ~ 1 Crore+","Rs 67,86,855
 ~ 67 Lacs+",4948,19,4967,0.376933806,1.089256775,1317738
Jammu & Kashmir,JAMMU,Jugal Kishore,1,BJP,Lotus,MALE,0,56,GENERAL,10th Pass,"Rs 5,64,81,801
 ~ 5 Crore+","Rs 35,00,40,219
 ~ 35 Crore+",840214,17852,858066,41.91203838,57.80608426,2047302
Jammu & Kashmir,JAMMU,Raman Bhalla,0,INC,Hand,MALE,0,56,GENERAL,Graduate Professional,"Rs 5,92,72,009
 ~ 5 Crore+","Rs 68,05,874
 ~ 68 Lacs+",551187,4004,555191,27.11817797,37.40203869,2047302
Jammu & Kashmir,LADAKH,Jamyang Tsering Namgyal,1,BJP,Lotus,MALE,1,33,ST,Graduate,"Rs 9,81,904
 ~ 9 Lacs+","Rs 0
 ~",41315,1599,42914,23.94326906,33.69768355,179232
Jammu & Kashmir,LADAKH,Sajjad Hussain,0,IND,Battery torch,MALE,0,37,ST,Post Graduate,"Rs 1,09,000
 ~ 1 Lacs+","Rs 0
 ~",31552,432,31984,17.84502767,25.1150373,179232
Jammu & Kashmir,LADAKH,Asgar Ali Karbalai,0,IND,Cup & Saucer,MALE,0,54,ST,10th Pass,"Rs 27,29,608
 ~ 27 Lacs+","Rs 0
 ~",29069,296,29365,16.38379307,23.0585002,179232
Jammu & Kashmir,LADAKH,Rigzin Spalbar,0,INC,Hand,MALE,0,61,ST,Graduate,"Rs 5,83,18,908
 ~ 5 Crore+","Rs 87,65,000
 ~ 87 Lacs+",20447,794,21241,11.85112034,16.67923047,179232
Jammu & Kashmir,SRINAGAR,Farooq Abdullah,1,JKN,Plough,MALE,1,83,GENERAL,Graduate Professional,"Rs 12,19,04,435
 ~ 12 Crore+","Rs 0
 ~",106596,154,106750,8.245338005,57.1274142,1294671
Jammu & Kashmir,SRINAGAR,Aga Syed Mohsin,0,PDP,Ink Pot & Pen,MALE,0,58,GENERAL,12th Pass,"Rs 1,20,50,000
 ~ 1 Crore+","Rs 0
 ~",36620,80,36700,2.834697,19.64005715,1294671
Jammu & Kashmir,SRINAGAR,Irfan Raza Ansari,0,JPC,Apple,MALE,0,41,GENERAL,Graduate,"Rs 66,91,98,138
 ~ 66 Crore+","Rs 6,23,71,547
 ~ 6 Crore+",28745,28,28773,2.222417896,15.39791184,1294671
Jammu & Kashmir,SRINAGAR,Sheikh Khalid Jehangir,0,BJP,Lotus,MALE,1,43,GENERAL,12th Pass,"Rs 4,53,00,000
 ~ 4 Crore+","Rs 38,00,000
 ~ 38 Lacs+",4546,85,4631,0.357697052,2.478286231,1294671
Jammu & Kashmir,UDHAMPUR,DR. JITENDRA SINGH,1,BJP,Lotus,MALE,0,62,GENERAL,Post Graduate,"Rs 7,08,27,203
 ~ 7 Crore+","Rs 0
 ~",715406,8905,724311,42.96500923,61.24319343,1685816
Jammu & Kashmir,UDHAMPUR,VIKRAMADITYA SINGH,0,INC,Hand,MALE,0,54,GENERAL,Others,"Rs 36,02,30,337
 ~ 36 Crore+","Rs 48,00,765
 ~ 48 Lacs+",366123,936,367059,21.77337266,31.03620591,1685816
Jammu & Kashmir,UDHAMPUR,HARSH DEV SINGH,0,JKNPP,Bicycle,MALE,3,59,GENERAL,Post Graduate,"Rs 1,19,36,017
 ~ 1 Crore+","Rs 25,00,000
 ~ 25 Lacs+",24135,184,24319,1.442565499,2.056262049,1685816
Jammu & Kashmir,UDHAMPUR,LAL SINGH,0,DSSP,Tractor Chalata Kisan,MALE,0,60,GENERAL,Graduate,"Rs 2,03,55,810
 ~ 2 Crore+","Rs 19,50,000
 ~ 19 Lacs+",18476,573,19049,1.129957243,1.610663916,1685816
Jammu & Kashmir,UDHAMPUR,TILAK RAJ BHAGAT,0,BSP,Elephant,MALE,0,62,SC,Graduate Professional,"Rs 2,91,25,108
 ~ 2 Crore+","Rs 0
 ~",16442,159,16601,0.984745666,1.403676396,1685816
