STATE,CONSTITUENCY,NAME,WINNER,PARTY,SYMBOL,GENDER,"CRIMINAL
CASES",AGE,CATEGORY,EDUCATION,ASSETS,LIABILITIES,"GENERAL
VOTES","POSTAL
VOTES","TOTAL
VOTES","OVER TOTAL ELECTORS 
IN CONSTITUENCY","OVER TOTAL VOTES POLLED 
IN CONSTITUENCY",TOTAL ELECTORS
Jharkhand,CHATRA,SUNIL KUMAR SINGH,1,BJP,Lotus,MALE,0,55,GENERAL,Post Graduate,"Rs 22,62,09,137
 ~ 22 Crore+","Rs 18,89,051
 ~ 18 Lacs+",526205,1872,528077,37.05236673,57.03046365,1425218
Jharkhand,CHATRA,MANOJ KUMAR YADAV,0,INC,Hand,MALE,0,62,GENERAL,Graduate,"Rs 4,41,86,530
 ~ 4 Crore+","Rs 2,49,224
 ~ 2 Lacs+",149254,952,150206,10.53915962,16.22172112,1425218
Jharkhand,CHATRA,SUBHASH PRASAD YADAV,0,RJD,Hurricane Lamp,MALE,3,52,GENERAL,Graduate,"Rs 5,32,88,310
 ~ 5 Crore+","Rs 52,08,407
 ~ 52 Lacs+",82991,434,83425,5.853490484,9.009607368,1425218
Jharkhand,CHATRA,ARJUN KUMAR,0,CPI(M),Ears of Corn And Sickle,MALE,2,40,GENERAL,10th Pass,"Rs 45,18,000
 ~ 45 Lacs+","Rs 90,000
 ~ 90 Thou+",22558,19,22577,1.584108536,2.438236806,1425218
Jharkhand,CHATRA,NAGESHWAR GANJHU,0,BSP,Elephant,MALE,0,36,GENERAL,Literate,"Rs 10,11,66,000
 ~ 10 Crore+","Rs 0
 ~",18797,91,18888,1.325270941,2.039837746,1425218
Jharkhand,CHATRA,NANDLAL PRASAD,0,IND,Sewing Machine,MALE,0,43,GENERAL,Graduate,"Rs 1,61,56,581 
~1 Crore+","Rs 4,50,000 
~4 Lacs+",15855,4,15859,1.112742051,1.712716371,1425218
Jharkhand,CHATRA,JAIDULA ANSARI,0,IND,Scissors,MALE,0,66,GENERAL,Literate,"Rs 69,25,000
 ~ 69 Lacs+","Rs 1,00,000
 ~ 1 Lacs+",13090,0,13090,0.918455984,1.413674084,1425218
Jharkhand,CHATRA,RAJENDRA SAHU,0,IND,Truck,MALE,0,41,GENERAL,10th Pass,"Rs 8,49,76,547
 ~ 8 Crore+","Rs 5,89,92,436
 ~ 5 Crore+",11148,76,11224,0.787528645,1.212152629,1425218
Jharkhand,DHANBAD,PASHUPATI NATH SINGH,1,BJP,Lotus,MALE,0,69,GENERAL,Graduate,"Rs 2,72,86,918
 ~ 2 Crore+","Rs 0
 ~",824704,2530,827234,39.91220833,66.00631151,2072634
Jharkhand,DHANBAD,KIRTI AZAD,0,INC,Hand,MALE,4,58,GENERAL,Graduate,"Rs 8,40,26,755
 ~ 8 Crore+","Rs 51,47,300
 ~ 51 Lacs+",340141,899,341040,16.45442466,27.21212194,2072634
Jharkhand,DUMKA,SUNIL SOREN,1,BJP,Lotus,MALE,0,39,ST,12th Pass,"Rs 47,37,559
 ~ 47 Lacs+","Rs 6,85,516
 ~ 6 Lacs+",483748,1175,484923,34.7054542,47.26432556,1397253
Jharkhand,DUMKA,SHIBU SOREN,0,JMM,Bow & Arrow,MALE,0,72,ST,10th Pass,"Rs 7,25,93,962
 ~ 7 Crore+","Rs 1,49,99,229
 ~ 1 Crore+",436158,1175,437333,31.29948549,42.6258381,1397253
Jharkhand,DUMKA,DR. SHRILAL KISKU,0,IND,Stethoscope,MALE,0,60,ST,Graduate Professional,"Rs 30,10,115
 ~ 30 Lacs+","Rs 0
 ~",16562,0,16562,1.185325779,1.614259913,1397253
Jharkhand,DUMKA,SENAPATI MURMU,0,CPI(M),Ears of Corn And Sickle,MALE,0,45,ST,10th Pass,"Rs 24,68,599
 ~ 24 Lacs+","Rs 3,41,860
 ~ 3 Lacs+",16150,7,16157,1.156340333,1.574785498,1397253
Jharkhand,DUMKA,NOTA,0,NOTA,,,,,,,,,14365,31,14396,1.030307324,1.403144893,1397253
Jharkhand,DUMKA,ARJUN PUJHAR,0,AITC,Flowers and Grass,MALE,0,44,ST,10th Pass,"Rs 15,66,773
 ~ 15 Lacs+","Rs 8,000
 ~ 8 Thou+",13084,20,13104,0.937840176,1.277216635,1397253
Jharkhand,DUMKA,SAMUEL TUDU,0,IND,Television,MALE,0,45,ST,8th Pass,"Rs 47,000
 ~ 47 Thou+","Rs 0
 ~",12609,0,12609,0.902413521,1.228970127,1397253
Jharkhand,GIRIDIH,Chandra Prakash Choudhary,1,AJSUP,Banana,MALE,2,50,GENERAL,Graduate,"Rs 1,34,56,889
 ~ 1 Crore+","Rs 13,30,000
 ~ 13 Lacs+",646864,1413,648277,39.30349767,58.55335653,1649413
Jharkhand,GIRIDIH,Jagarnath Mahto,0,JMM,Bow & Arrow,MALE,3,52,GENERAL,10th Pass,"Rs 1,95,70,591
 ~ 1 Crore+","Rs 81,56,343
 ~ 81 Lacs+",398268,1662,399930,24.2468078,36.12228087,1649413
Jharkhand,GIRIDIH,NOTA,0,NOTA,,,,,,,,,19669,39,19708,1.194849319,1.780056288,1649413
Jharkhand,GODDA,Nishikant Dubey,1,BJP,Lotus,MALE,4,47,GENERAL,Doctorate,"Rs 46,27,57,500
 ~ 46 Crore+","Rs 0
 ~",635383,2227,637610,37.14018101,53.3858364,1716766
Jharkhand,GODDA,Pradeep Yadav,0,JVM,Comb,MALE,13,53,GENERAL,Graduate,"Rs 1,41,97,149
 ~ 1 Crore+","Rs 0
 ~",450677,2706,453383,26.40913205,37.96087054,1716766
Jharkhand,GODDA,NOTA,0,NOTA,,,,,,,,,18650,33,18683,1.088267126,1.564290995,1716766
Jharkhand,GODDA,Zaffar Obaid,0,BSP,Elephant,MALE,0,46,GENERAL,Doctorate,"Rs 8,73,613
 ~ 8 Lacs+","Rs 0
 ~",17531,52,17583,1.024193163,1.47219015,1716766
Jharkhand,GODDA,K. Rangaiah,0,IND,Hand Cart,MALE,0,82,GENERAL,Post Graduate,"Rs 6,80,000
 ~ 6 Lacs+","Rs 0
 ~",16453,3,16456,0.958546476,1.377828647,1716766
Jharkhand,GODDA,Birendra Kumar,0,IND,Auto- Rickshaw,MALE,1,36,GENERAL,Post Graduate,"Rs 4,10,031
 ~ 4 Lacs+","Rs 0
 ~",13610,3,13613,0.792944408,1.139789826,1716766
Jharkhand,HAZARIBAGH,JAYANT SINHA,1,BJP,Lotus,MALE,0,55,GENERAL,Post Graduate,"Rs 77,07,49,002
 ~ 77 Crore+","Rs 19,32,71,437
 ~ 19 Crore+",727359,1439,728798,43.70694437,67.39505559,1667465
Jharkhand,HAZARIBAGH,GOPAL PRASAD SAHU,0,INC,Hand,MALE,0,74,GENERAL,Graduate,"Rs 34,61,74,281
 ~ 34 Crore+","Rs 2,18,67,709
 ~ 2 Crore+",249022,228,249250,14.94783998,23.04920925,1667465
Jharkhand,HAZARIBAGH,BHUBNESHWAR PRASAD MEHTA,0,CPI(M),Ears of Corn And Sickle,MALE,1,73,GENERAL,12th Pass,"Rs 3,89,58,977
 ~ 3 Crore+","Rs 0
 ~",32074,35,32109,1.925617629,2.969256008,1667465
Jharkhand,HAZARIBAGH,MD. MOIN UDDIN AHMAD,0,IND,Tractor Chalata Kisan,MALE,1,42,GENERAL,Graduate,"Rs 28,76,762
 ~ 28 Lacs+","Rs 60,000
 ~ 60 Thou+",15659,1,15660,0.939150147,1.448146908,1667465
Jharkhand,HAZARIBAGH,RAMAVTAR MAHTO,0,IND,Batsman,MALE,0,34,GENERAL,12th Pass,"Rs 17,90,000
 ~ 17 Lacs+","Rs 0
 ~",14826,3,14829,0.889314019,1.371300798,1667465
Jharkhand,JAMSHEDPUR,Bidyut Baran Mahato,1,BJP,Lotus,MALE,3,56,GENERAL,12th Pass,"Rs 2,77,50,671
 ~ 2 Crore+","Rs 29,61,830
 ~ 29 Lacs+",678984,648,679632,39.9013902,59.3862256,1703279
Jharkhand,JAMSHEDPUR,Champai Soren,0,JMM,Bow & Arrow,MALE,1,62,ST,10th Pass,"Rs 2,28,22,491
 ~ 2 Crore+","Rs 76,50,059
 ~ 76 Lacs+",377352,190,377542,22.16559941,32.98960965,1703279
Jharkhand,KHUNTI,ARJUN MUNDA,1,BJP,Lotus,MALE,0,50,ST,12th Pass,"Rs 9,15,07,865
 ~ 9 Crore+","Rs 2,71,06,434
 ~ 2 Crore+",381566,1072,382638,31.81586877,45.9440897,1202664
Jharkhand,KHUNTI,KALI CHARAN MUNDA,0,INC,Hand,MALE,0,57,ST,12th Pass,"Rs 51,11,665
 ~ 51 Lacs+","Rs 0
 ~",380468,725,381193,31.69571884,45.77058573,1202664
Jharkhand,KHUNTI,NOTA,0,NOTA,,,,,,,,,21236,9,21245,1.766495048,2.550928516,1202664
Jharkhand,KHUNTI,MEENAKSHI MUNDA,0,IND,Pot,FEMALE,0,40,ST,Doctorate,"Rs 1,34,77,647
 ~ 1 Crore+","Rs 8,51,103
 ~ 8 Lacs+",10976,13,10989,0.913721538,1.319470627,1202664
Jharkhand,KHUNTI,AJAY TOPNO,0,JKP,Basket containing Fruits,MALE,0,50,ST,Graduate,"Rs 81,91,682
 ~ 81 Lacs+","Rs 0
 ~",8770,68,8838,0.734868592,1.061195869,1202664
Jharkhand,KODARMA,ANNPURNA DEVI,1,BJP,Lotus,FEMALE,0,50,GENERAL,Post Graduate,"Rs 9,76,36,939
 ~ 9 Crore+","Rs 31,89,066
 ~ 31 Lacs+",751996,1020,753016,41.50849583,62.25016761,1814125
Jharkhand,KODARMA,BABU LAL MARANDI,0,JVM,Comb,MALE,10,61,ST,Graduate,"Rs 1,09,51,372
 ~ 1 Crore+","Rs 0
 ~",297232,184,297416,16.39446014,24.58672306,1814125
Jharkhand,KODARMA,RAJ KUMAR YADAV,0,CPI(ML)(L),Flag with Three Stars,MALE,4,46,GENERAL,10th Pass,"Rs 1,49,41,593
 ~ 1 Crore+","Rs 35,14,000
 ~ 35 Lacs+",68184,23,68207,3.759773996,5.638521867,1814125
Jharkhand,KODARMA,NOTA,0,NOTA,,,,,,,,,31156,8,31164,1.717852959,2.576258968,1814125
Jharkhand,KODARMA,KANCHAN KUMARI,0,AITC,Flowers and Grass,FEMALE,0,28,GENERAL,Graduate,"Rs 52,90,000
 ~ 52 Lacs+","Rs 12,00,000
 ~ 12 Lacs+",14082,37,14119,0.778281541,1.167186509,1814125
Jharkhand,LOHARDAGA,SUDARSHAN BHAGAT,1,BJP,Lotus,MALE,0,52,ST,Graduate,"Rs 1,29,47,303
 ~ 1 Crore+","Rs 5,25,000
 ~ 5 Lacs+",369527,2068,371595,30.10606942,45.40688957,1234286
Jharkhand,LOHARDAGA,SUKHDEO BHAGAT,0,INC,Hand,MALE,1,57,ST,Post Graduate,"Rs 2,10,94,142
 ~ 2 Crore+","Rs 39,35,029
 ~ 39 Lacs+",360068,1164,361232,29.26647471,44.14058729,1234286
Jharkhand,LOHARDAGA,DEOKUMAR DHAN,0,JKP,Basket containing Fruits,MALE,1,53,ST,Graduate,"Rs 2,26,79,920
 ~ 2 Crore+","Rs 24,00,000
 ~ 24 Lacs+",19397,149,19546,1.583587596,2.388414978,1234286
Jharkhand,LOHARDAGA,NOTA,0,NOTA,,,,,,,,,10770,13,10783,0.873622483,1.317624,1234286
Jharkhand,LOHARDAGA,SANJAY ORAON,0,IND,Air Conditioner,MALE,0,41,ST,8th Pass,"Rs 13,52,000
 ~ 13 Lacs+","Rs 0
 ~",10658,5,10663,0.863900263,1.302960652,1234286
Jharkhand,LOHARDAGA,DINESH ORAON,0,AITC,Flowers and Grass,MALE,0,26,ST,12th Pass,"Rs 92,32,000
 ~ 92 Lacs+","Rs 8,00,000
 ~ 8 Lacs+",9500,143,9643,0.781261393,1.178322195,1234286
Jharkhand,LOHARDAGA,RAGHUNATH MAHLI,0,IND,Tractor Chalata Kisan,MALE,0,47,ST,8th Pass,"Rs 18,04,321
 ~ 18 Lacs+","Rs 2,50,000
 ~ 2 Lacs+",8948,2,8950,0.725115573,1.093641361,1234286
Jharkhand,PALAMAU,VISHNU DAYAL RAM,1,BJP,Lotus,MALE,0,68,SC,Graduate,"Rs 3,22,73,873
 ~ 3 Crore+","Rs 90,922
 ~ 90 Thou+",753240,2419,755659,40.1638425,62.42917783,1881441
Jharkhand,PALAMAU,GHURAN RAM,0,RJD,Hurricane Lamp,MALE,5,51,SC,Graduate,"Rs 1,52,27,170
 ~ 1 Crore+","Rs 7,93,697
 ~ 7 Lacs+",276967,1086,278053,14.77872546,22.97149929,1881441
Jharkhand,PALAMAU,ANJANA BHUIYAN,0,BSP,Elephant,FEMALE,0,47,SC,8th Pass,"Rs 1,24,84,775
 ~ 1 Crore+","Rs 25,12,110
 ~ 25 Lacs+",53452,145,53597,2.848720741,4.427945203,1881441
Jharkhand,PALAMAU,DINESH RAM,0,IND,Cup & Saucer,MALE,1,40,SC,10th Pass,"Rs 17,50,038
 ~ 17 Lacs+","Rs 0
 ~",19490,1,19491,1.035961266,1.610259528,1881441
Jharkhand,PALAMAU,VIJAY KUMAR,0,IND,BELT,MALE,0,28,SC,12th Pass,"Rs 21,16,596
 ~ 21 Lacs+","Rs 0
 ~",13958,3,13961,0.742037619,1.153395581,1881441
Jharkhand,PALAMAU,RAM JI PASWAN,0,IND,Basket containing Fruits,MALE,1,65,SC,Graduate,"Rs 68,01,000
 ~ 68 Lacs+","Rs 50,000
 ~ 50 Thou+",13094,3,13097,0.696115371,1.082015753,1881441
Jharkhand,PALAMAU,AMINDRA PASWAN,0,BLSD,Tractor Chalata Kisan,MALE,0,33,SC,10th Pass,"Rs 37,87,000
 ~ 37 Lacs+","Rs 75,000
 ~ 75 Thou+",13039,8,13047,0.693457834,1.077884976,1881441
Jharkhand,RAJMAHAL,VIJAY KUMAR HANSDAK,1,JMM,Bow & Arrow,MALE,0,36,ST,10th Pass,"Rs 1,29,19,555
 ~ 1 Crore+","Rs 27,43,560
 ~ 27 Lacs+",506589,1241,507830,34.91593992,48.46385896,1454436
Jharkhand,RAJMAHAL,HEMLAL MURMU,0,BJP,Lotus,MALE,0,63,ST,Graduate,"Rs 5,69,91,946
 ~ 5 Crore+","Rs 1,75,88,570
 ~ 1 Crore+",407626,1009,408635,28.09577046,38.99735936,1454436
Jharkhand,RAJMAHAL,GOPIN SOREN,0,CPI(M),"Hammer, Sickle and Star",MALE,0,56,ST,Graduate,"Rs 24,02,310
 ~ 24 Lacs+","Rs 10,000
 ~ 10 Thou+",35577,9,35586,2.446721616,3.396087047,1454436
Jharkhand,RAJMAHAL,MONIKA KISKU,0,AITC,Flowers and Grass,FEMALE,0,32,ST,Graduate,"Rs 49,46,922
 ~ 49 Lacs+","Rs 9,50,000
 ~ 9 Lacs+",17400,27,17427,1.198196414,1.66311496,1454436
Jharkhand,RAJMAHAL,NOTA,0,NOTA,,,,,,,,,12898,21,12919,0.888248091,1.232901943,1454436
Jharkhand,RAJMAHAL,MANDAL HANSDA,0,IND,Bat,MALE,0,65,ST,12th Pass,"Rs 8,72,228
 ~ 8 Lacs+","Rs 0
 ~",12128,2,12130,0.834000259,1.157605122,1454436
Jharkhand,RANCHI,SANJAY SETH,1,BJP,Lotus,MALE,0,60,GENERAL,Graduate Professional,"Rs 1,40,44,267
 ~ 1 Crore+","Rs 1,00,000
 ~ 1 Lacs+",703983,2527,706510,36.8750062,57.17886006,1915959
Jharkhand,RANCHI,SUBODH KANT SAHAY,0,INC,Hand,MALE,1,67,GENERAL,Graduate,"Rs 7,35,66,185
 ~ 7 Crore+","Rs 1,18,73,779
 ~ 1 Crore+",422600,1130,423730,22.11581772,34.29307211,1915959
Jharkhand,RANCHI,RAM TAHAL CHOUDHARY,0,IND,Football,MALE,0,77,GENERAL,10th Pass,"Rs 4,59,98,584
 ~ 4 Crore+","Rs 0
 ~",29396,143,29539,1.541734453,2.390633321,1915959
Jharkhand,SINGHBHUM,GEETA KORA,1,INC,Hand,FEMALE,1,35,ST,Post Graduate,"Rs 2,52,49,018
 ~ 2 Crore+","Rs 19,28,508
 ~ 19 Lacs+",431545,270,431815,34.00340337,49.09688965,1269917
Jharkhand,SINGHBHUM,LAXMAN GILUWA,0,BJP,Lotus,MALE,3,57,ST,12th Pass,"Rs 1,95,16,408
 ~ 1 Crore+","Rs 12,65,285
 ~ 12 Lacs+",359159,501,359660,28.32153597,40.89294567,1269917
Jharkhand,SINGHBHUM,NOTA,0,NOTA,,,,,,,,,24261,9,24270,1.911148524,2.759472255,1269917
Jharkhand,SINGHBHUM,PUSHPA SINKU,0,IND,Helicopter,FEMALE,0,29,ST,Post Graduate,"Rs 1,25,000
 ~ 1 Lacs+","Rs 0
 ~",15215,9,15224,1.198818505,1.730952024,1269917
Jharkhand,SINGHBHUM,PRATAP SINGH BANARA,0,APoI,Coat,MALE,0,25,ST,Post Graduate,"Rs 52,985
 ~ 52 Thou+","Rs 0
 ~",11286,12,11298,0.889664443,1.28457015,1269917
Jharkhand,SINGHBHUM,PARDESHI LAL MUNDA,0,BSP,Elephant,MALE,1,31,ST,12th Pass,"Rs 6,11,726
 ~ 6 Lacs+","Rs 0
 ~",9483,8,9491,0.747371679,1.079116241,1269917
Jharkhand,SINGHBHUM,ANIL SOREN,0,IND,Tractor Chalata Kisan,MALE,0,31,ST,Graduate,"Rs 20,30,615
 ~ 20 Lacs+","Rs 36,000
 ~ 36 Thou+",9151,3,9154,0.720834511,1.040799713,1269917
