STATE,CONSTITUENCY,NAME,WINNER,PARTY,SYMBOL,GENDER,"CRIMINAL
CASES",AGE,CATEGORY,EDUCATION,ASSETS,LIABILITIES,"GENERAL
VOTES","POSTAL
VOTES","TOTAL
VOTES","OVER TOTAL ELECTORS 
IN CONSTITUENCY","OVER TOTAL VOTES POLLED 
IN CONSTITUENCY",TOTAL ELECTORS
Karnataka,BAGALKOT,Gaddigoudar Parvatagouda Chandanagouda,1,BJP,Lotus,MALE,0,68,GENERAL,Graduate Professional,"Rs 4,39,80,663
 ~ 4 Crore+","Rs 79,87,991
 ~ 79 Lacs+",661662,2976,664638,39.00434857,55.17032428,1704010
Karnataka,BAGALKOT,Veena Kashappanavar,0,INC,Hand,FEMALE,0,38,GENERAL,Graduate,"Rs 7,83,75,219
 ~ 7 Crore+","Rs 2,67,84,734
 ~ 2 Crore+",495636,815,496451,29.13427738,41.20944433,1704010
Karnataka,BANGALORE CENTRAL,P. C. Mohan,1,BJP,Lotus,MALE,0,55,GENERAL,12th Pass,"Rs 75,55,29,306
 ~ 75 Crore+","Rs 31,25,21,957
 ~ 31 Crore+",601170,1683,602853,27.34254135,50.33477027,2204817
Karnataka,BANGALORE CENTRAL,Rizwan Arshad,0,INC,Hand,MALE,0,39,GENERAL,Graduate,"Rs 15,84,34,648
 ~ 15 Crore+","Rs 4,50,79,101
 ~ 4 Crore+",531196,689,531885,24.12377082,44.40934902,2204817
Karnataka,BANGALORE CENTRAL,Prakash Raj,0,IND,Whistle,MALE,1,53,GENERAL,12th Pass,"Rs 32,09,63,268
 ~ 32 Crore+","Rs 3,83,20,377
 ~ 3 Crore+",28822,84,28906,1.311038512,2.413485326,2204817
Karnataka,BANGALORE NORTH,D.V. Sadananda Gowda,1,BJP,Lotus,MALE,0,66,GENERAL,Graduate Professional,"Rs 20,93,84,539
 ~ 20 Crore+","Rs 10,43,02,653
 ~ 10 Crore+",821934,2566,824500,28.93743968,52.84158931,2849250
Karnataka,BANGALORE NORTH,Krishna Byregowda,0,INC,Hand,MALE,0,46,GENERAL,Post Graduate,"Rs 13,25,09,044
 ~ 13 Crore+","Rs 1,55,96,951
 ~ 1 Crore+",675834,1148,676982,23.76000702,43.38727085,2849250
Karnataka,BANGALORE RURAL,D.K. SURESH,1,INC,Hand,MALE,5,52,GENERAL,12th Pass,"Rs 3,38,89,20,717
 ~ 338 Crore+","Rs 51,93,20,305
 ~ 51 Crore+",877712,546,878258,35.16607687,54.11911581,2497458
Karnataka,BANGALORE RURAL,ASHWATHNARAYANGOWDA,0,BJP,Lotus,MALE,2,59,GENERAL,10th Pass,"Rs 29,35,35,096
 ~ 29 Crore+","Rs 0
 ~",670483,905,671388,26.88285449,41.37158435,2497458
Karnataka,BANGALORE RURAL,DR CHINNAPPA Y CHIKKAHAGADE,0,BSP,Elephant,MALE,0,43,SC,Graduate,"Rs 88,10,000
 ~ 88 Lacs+","Rs 5,00,000
 ~ 5 Lacs+",19943,29,19972,0.799693128,1.230694148,2497458
Karnataka,BANGALORE SOUTH,TEJASVI SURYA,1,BJP,Lotus,MALE,0,28,GENERAL,Graduate Professional,"Rs 13,46,593
 ~ 13 Lacs+","Rs 0
 ~",736605,2624,739229,33.36640353,62.1379944,2215489
Karnataka,BANGALORE SOUTH,B.K.HARIPRASAD,0,INC,Hand,MALE,0,64,GENERAL,Graduate,"Rs 15,08,01,799
 ~ 15 Crore+","Rs 3,44,00,000
 ~ 3 Crore+",407372,665,408037,18.41746901,34.29870963,2215489
Karnataka,BELGAUM,ANGADI SURESH CHANNABASAPPA,1,BJP,Lotus,MALE,0,63,GENERAL,Graduate Professional,"Rs 36,61,64,525
 ~ 36 Crore+","Rs 19,84,79,638
 ~ 19 Crore+",756986,5005,761991,42.82412117,63.12355961,1779350
Karnataka,BELGAUM,Dr.SADHUNAVAR,0,INC,Hand,MALE,0,69,GENERAL,Graduate Professional,"Rs 31,58,66,105
 ~ 31 Crore+","Rs 22,52,14,094
 ~ 22 Crore+",369944,743,370687,20.83271981,30.70782062,1779350
Karnataka,BELLARY,Y. DEVENDRAPPA,1,BJP,Lotus,MALE,0,67,ST,5th Pass,"Rs 4,01,07,878
 ~ 4 Crore+","Rs 2,50,000
 ~ 2 Lacs+",614274,2114,616388,35.18730584,50.4415357,1751734
Karnataka,BELLARY,V. S. UGRAPPA,0,INC,Hand,MALE,0,65,ST,Graduate Professional,"Rs 10,82,17,325
 ~ 10 Crore+","Rs 2,22,31,164
 ~ 2 Crore+",559970,711,560681,32.00719972,45.88280544,1751734
Karnataka,BIDAR,BHAGWANTH KHUBA,1,BJP,Lotus,MALE,1,50,GENERAL,Graduate Professional,"Rs 5,18,36,416
 ~ 5 Crore+","Rs 1,02,39,000
 ~ 1 Crore+",583833,1638,585471,32.98251643,52.35576859,1775095
Karnataka,BIDAR,ESHWAR B. KHANDRE,0,INC,Hand,MALE,0,57,GENERAL,Graduate Professional,"Rs 12,33,13,691
 ~ 12 Crore+","Rs 73,32,800
 ~ 73 Lacs+",467297,1340,468637,26.40067151,41.90788326,1775095
Karnataka,BIDAR,BABA BUKHARI,0,BSP,Elephant,MALE,0,65,GENERAL,10th Pass,"Rs 1,02,12,000
 ~ 1 Crore+","Rs 0
 ~",15168,20,15188,0.855616178,1.358187533,1775095
Karnataka,BIJAPUR,JIGAJINAGI RAMESH CHANDAPPA,1,BJP,Lotus,MALE,0,66,SC,Graduate,"Rs 50,41,22,985
 ~ 50 Crore+","Rs 16,00,000
 ~ 16 Lacs+",633868,1999,635867,35.3733644,57.15694391,1797587
Karnataka,BIJAPUR,DR. SUNITA DEVANAND CHAVAN,0,JD(S),A lady farmer carrying paddy on her head,FEMALE,0,42,SC,Doctorate,"Rs 4,94,82,018
 ~ 4 Crore+","Rs 1,41,84,713
 ~ 1 Crore+",377342,487,377829,21.0186767,33.962371,1797587
Karnataka,BIJAPUR,DHAREPPA MAHADEV ARDHAVAR,0,IND,Ganna Kisan,MALE,0,33,SC,Graduate Professional,"Rs 32,26,500
 ~ 32 Lacs+","Rs 6,75,000
 ~ 6 Lacs+",23701,5,23706,1.318767882,2.130889812,1797587
Karnataka,BIJAPUR,PUJARI SHRINATH SANGAPPA,0,BSP,Elephant,MALE,3,36,SC,Graduate Professional,"Rs 26,80,100
 ~ 26 Lacs+","Rs 0
 ~",23389,53,23442,1.304081527,2.107159326,1797587
Karnataka,BIJAPUR,NOTA,0,NOTA,,,,,,,,,12280,6,12286,0.683471787,1.104366499,1797587
Karnataka,CHAMARAJANAGAR,V. SRINIVAS PRASAD,1,BJP,Lotus,MALE,0,71,SC,Post Graduate,"Rs 14,38,04,441
 ~ 14 Crore+","Rs 3,24,909
 ~ 3 Lacs+",567010,1527,568537,33.71439686,44.7411517,1686333
Karnataka,CHAMARAJANAGAR,R. DHRUVANARAYANA,0,INC,Hand,MALE,0,58,SC,Post Graduate,"Rs 9,24,18,254
 ~ 9 Crore+","Rs 21,90,481
 ~ 21 Lacs+",565754,966,566720,33.60664827,44.59816247,1686333
Karnataka,CHAMARAJANAGAR,Dr. SHIVAKUMARA,0,BSP,Elephant,MALE,0,42,SC,Doctorate,"Rs 1,65,80,750
 ~ 1 Crore+","Rs 1,16,00,000
 ~ 1 Crore+",87208,423,87631,5.196541846,6.896141966,1686333
Karnataka,CHAMARAJANAGAR,NOTA,0,NOTA,,,,,,,,,12706,10,12716,0.754062217,1.000688583,1686333
Karnataka,CHIKKBALLAPUR,B.N.Bache Gowda,1,BJP,Lotus,MALE,0,76,GENERAL,Graduate Professional,"Rs 1,15,35,01,141
 ~ 115 Crore+","Rs 0
 ~",744475,1437,745912,41.23840379,53.74056097,1808780
Karnataka,CHIKKBALLAPUR,M.Veerappa Moily,0,INC,Hand,MALE,0,79,GENERAL,Graduate Professional,"Rs 23,45,15,884
 ~ 23 Crore+","Rs 10,43,16,683
 ~ 10 Crore+",563396,406,563802,31.17029158,40.62012108,1808780
Karnataka,CHIKKBALLAPUR,Dr. C.S.Dwarakanath,0,BSP,Elephant,MALE,0,65,GENERAL,Post Graduate,"Rs 4,08,44,395
 ~ 4 Crore+","Rs 0
 ~",23418,28,23446,1.29623282,1.689208905,1808780
Karnataka,CHIKKBALLAPUR,S.Varalakshmi,0,CPI(M),"Hammer, Sickle and Star",FEMALE,3,48,GENERAL,12th Pass,"Rs 9,69,310
 ~ 9 Lacs+","Rs 0
 ~",18639,9,18648,1.030971152,1.343528434,1808780
Karnataka,CHIKKODI,ANNASAHEB SHANKAR JOLLE,1,BJP,Lotus,MALE,0,55,GENERAL,12th Pass,"Rs 34,49,22,831
 ~ 34 Crore+","Rs 19,55,95,693
 ~ 19 Crore+",641232,3785,645017,39.99966513,52.89266025,1612556
Karnataka,CHIKKODI,PRAKASH BABANNA HUKKERI,0,INC,Hand,MALE,0,72,GENERAL,10th Pass,"Rs 19,21,38,555
 ~ 19 Crore+","Rs 38,81,000
 ~ 38 Lacs+",524871,1269,526140,32.62770409,43.14451288,1612556
Karnataka,CHIKKODI,MACHENDRA DAVALU KADAPURE,0,BSP,Elephant,MALE,0,49,SC,8th Pass,"Rs 1,86,398
 ~ 1 Lacs+","Rs 0
 ~",15508,67,15575,0.96585793,1.277180576,1612556
Karnataka,CHITRADURGA,A NARAYANASWAMY,1,BJP,Lotus,MALE,0,62,SC,Graduate,"Rs 9,61,97,642
 ~ 9 Crore+","Rs 0
 ~",624200,1995,626195,35.56646956,50.23601972,1760633
Karnataka,CHITRADURGA,B N CHANDRAPPA,0,INC,Hand,MALE,0,64,SC,Post Graduate,"Rs 4,82,22,730
 ~ 4 Crore+","Rs 0
 ~",545159,858,546017,31.01253924,43.80380038,1760633
Karnataka,DAKSHINA KANNADA,NALIN KUMAR KATEEL,1,BJP,Lotus,MALE,4,52,GENERAL,10th Pass,"Rs 1,46,78,300
 ~ 1 Crore+","Rs 44,50,945
 ~ 44 Lacs+",772754,1531,774285,44.88671147,57.5528098,1724976
Karnataka,DAKSHINA KANNADA,MITHUN M RAI,0,INC,Hand,MALE,1,34,GENERAL,Graduate,"Rs 3,29,63,608
 ~ 3 Crore+","Rs 1,48,04,098
 ~ 1 Crore+",499387,277,499664,28.966432,37.14015789,1724976
Karnataka,DAKSHINA KANNADA,MOHAMMED ELIYAS,0,SDPI,Gas Cylinder,MALE,1,57,GENERAL,12th Pass,"Rs 5,01,640
 ~ 5 Lacs+","Rs 0
 ~",46834,5,46839,2.715342126,3.481555316,1724976
Karnataka,DAVANAGERE,G M SIDDESHWAR,1,BJP,Lotus,MALE,0,67,GENERAL,10th Pass,"Rs 38,01,64,932
 ~ 38 Crore+","Rs 1,46,70,809
 ~ 1 Crore+",651353,1643,652996,39.98594054,54.63373005,1633064
Karnataka,DAVANAGERE,H B MANJAPPA,0,INC,Hand,MALE,0,51,GENERAL,10th Pass,"Rs 3,08,95,000
 ~ 3 Crore+","Rs 14,12,482
 ~ 14 Lacs+",482683,611,483294,29.59430861,40.43539919,1633064
Karnataka,DHARWAD,Pralhad Joshi,1,BJP,Lotus,MALE,1,56,GENERAL,Graduate,"Rs 11,13,84,447
 ~ 11 Crore+","Rs 5,17,36,254
 ~ 5 Crore+",682557,2280,684837,39.64757939,56.4052027,1727311
Karnataka,DHARWAD,Vinay Kulkarni,0,INC,Hand,MALE,0,52,GENERAL,12th Pass,"Rs 19,78,60,927
 ~ 19 Crore+","Rs 0
 ~",479119,646,479765,27.77525298,39.51486569,1727311
Karnataka,GULBARGA,DR. UMESH G JADHAV,1,BJP,Lotus,MALE,0,60,SC,Post Graduate,"Rs 3,74,90,597
 ~ 3 Crore+","Rs 0
 ~",617692,2500,620192,31.87394161,52.09635514,1945765
Karnataka,GULBARGA,MALLIKARJUN KHARGE,0,INC,Hand,MALE,0,77,SC,Graduate Professional,"Rs 15,77,22,896
 ~ 15 Crore+","Rs 31,22,000
 ~ 31 Lacs+",523552,1188,524740,26.96831323,44.07835218,1945765
Karnataka,HASSAN,PRAJWAL REVANNA,1,JD(S),A lady farmer carrying paddy on her head,MALE,0,28,GENERAL,Graduate Professional,"Rs 9,78,48,632
 ~ 9 Crore+","Rs 3,72,53,210
 ~ 3 Crore+",675512,1094,676606,40.93202718,52.91552908,1652999
Karnataka,HASSAN,MANJU A,0,BJP,Lotus,MALE,0,60,GENERAL,Graduate Professional,"Rs 23,15,71,214
 ~ 23 Crore+","Rs 2,88,60,107
 ~ 2 Crore+",533389,1893,535282,32.38247573,41.86296047,1652999
Karnataka,HASSAN,VINODRAJ K H,0,BSP,Elephant,MALE,0,29,SC,12th Pass,"Rs 12,90,000
 ~ 12 Lacs+","Rs 38,000
 ~ 38 Thou+",38682,79,38761,2.344889501,3.031393193,1652999
Karnataka,HAVERI,UDASI. S.C.,1,BJP,Lotus,MALE,0,52,GENERAL,12th Pass,"Rs 71,84,99,195
 ~ 71 Crore+","Rs 16,55,66,495
 ~ 16 Crore+",681147,2513,683660,40.01498382,53.92116654,1708510
Karnataka,HAVERI,D.R. PATIL,0,INC,Hand,MALE,0,72,GENERAL,Graduate Professional,"Rs 5,34,24,424
 ~ 5 Crore+","Rs 25,74,740
 ~ 25 Lacs+",541969,809,542778,31.76908534,42.80961725,1708510
Karnataka,KOLAR,S. MUNISWAMY,1,BJP,Lotus,MALE,2,44,SC,12th Pass,"Rs 17,45,57,500
 ~ 17 Crore+","Rs 1,98,65,690
 ~ 1 Crore+",707930,1235,709165,43.50809621,56.32348047,1629961
Karnataka,KOLAR,K.H. MUNIYAPPA,0,INC,Hand,MALE,1,71,SC,Graduate Professional,"Rs 32,94,43,821
 ~ 32 Crore+","Rs 14,37,95,090
 ~ 14 Crore+",498259,885,499144,30.62306399,39.64313994,1629961
Karnataka,KOLAR,NOTA,0,NOTA,,,,,,,,,13873,16,13889,0.852106277,1.103095641,1629961
Karnataka,KOPPAL,KARADI SANGANNA AMARAPPA,1,BJP,Lotus,MALE,1,64,GENERAL,10th Pass,"Rs 2,87,25,791
 ~ 2 Crore+","Rs 2,24,75,333
 ~ 2 Crore+",584997,1786,586783,33.78737635,49.28352876,1736693
Karnataka,KOPPAL,K.RAJASHEKAR BASAVARAJ HITNAL,0,INC,Hand,MALE,0,38,GENERAL,12th Pass,"Rs 8,49,22,164
 ~ 8 Crore+","Rs 3,84,12,374
 ~ 3 Crore+",547573,813,548386,31.57645018,46.0585893,1736693
Karnataka,MANDYA,SUMALATHA AMBAREESH,1,IND,Man Blowing Turha,FEMALE,0,55,GENERAL,10th Pass,"Rs 23,41,54,139
 ~ 23 Crore+","Rs 1,42,32,295
 ~ 1 Crore+",702167,1493,703660,41.10153948,51.00382569,1712004
Karnataka,MANDYA,NIKHIL KUMARASWAMY,0,JD(S),A lady farmer carrying paddy on her head,MALE,0,31,GENERAL,Graduate,"Rs 74,00,87,761
 ~ 74 Crore+","Rs 35,36,29,176
 ~ 35 Crore+",576545,1239,577784,33.74898657,41.87987724,1712004
Karnataka,MANDYA,M.L. SHASHIKUMAR,0,IND,Sitar,MALE,0,36,GENERAL,10th Pass,"Rs 6,60,000
 ~ 6 Lacs+","Rs 11,60,000
 ~ 11 Lacs+",18323,0,18323,1.070266191,1.328117412,1712004
Karnataka,MYSORE,PRATHAP SIMHA,1,BJP,Lotus,MALE,3,42,GENERAL,Post Graduate,"Rs 1,87,23,762
 ~ 1 Crore+","Rs 65,86,698
 ~ 65 Lacs+",685105,3869,688974,36.33191006,52.2701185,1896333
Karnataka,MYSORE,C.H.VIJAYASHANKAR,0,INC,Hand,MALE,0,62,GENERAL,Graduate,"Rs 4,64,34,790
 ~ 4 Crore+","Rs 35,00,000
 ~ 35 Lacs+",548911,1416,550327,29.02058868,41.75144128,1896333
Karnataka,MYSORE,DR. B. CHANDRA (CHANDREGOWDA),0,BSP,Elephant,MALE,1,46,GENERAL,Graduate Professional,"Rs 2,01,00,180
 ~ 2 Crore+","Rs 1,12,00,000
 ~ 1 Crore+",24425,172,24597,1.297082316,1.86609089,1896333
Karnataka,RAICHUR,RAJA AMARESHWARA NAIK,1,BJP,Lotus,MALE,0,62,ST,Graduate Professional,"Rs 3,06,38,375
 ~ 3 Crore+","Rs 6,78,532
 ~ 6 Lacs+",596804,1533,598337,31.03079342,53.18730766,1928204
Karnataka,RAICHUR,B. V NAIK,0,INC,Hand,MALE,1,53,ST,Graduate Professional,"Rs 10,11,29,729
 ~ 10 Crore+","Rs 57,03,400
 ~ 57 Lacs+",479959,662,480621,24.92583772,42.72330977,1928204
Karnataka,RAICHUR,NOTA,0,NOTA,,,,,,,,,14914,7,14921,0.77382891,1.326355912,1928204
Karnataka,RAICHUR,B. VENKANAGOUDA NAYAKA,0,BSP,Elephant,MALE,0,37,ST,Graduate Professional,"Rs 17,06,000
 ~ 17 Lacs+","Rs 0
 ~",13812,18,13830,0.71724776,1.229374859,1928204
Karnataka,SHIMOGA,B.Y.RAGHAVENDRA.,1,BJP,Lotus,MALE,2,46,GENERAL,Graduate,"Rs 67,40,93,851
 ~ 67 Crore+","Rs 1,41,50,647
 ~ 1 Crore+",728902,970,729872,43.53109858,56.84064772,1676668
Karnataka,SHIMOGA,S.MADHUBANGARAPPA,0,JD(S),A lady farmer carrying paddy on her head,MALE,1,52,GENERAL,Graduate,"Rs 61,58,87,761
 ~ 61 Crore+","Rs 17,09,09,000
 ~ 17 Crore+",506212,300,506512,30.2094392,39.44591676,1676668
Karnataka,TUMKUR,G. S. BASAVARAJ,1,BJP,Lotus,MALE,0,78,GENERAL,Graduate Professional,"Rs 51,07,79,150
 ~ 51 Crore+","Rs 11,38,44,867
 ~ 11 Crore+",594011,2116,596127,37.06001386,47.86365618,1608545
Karnataka,TUMKUR,H. D. DEVEGOWDA,0,JD(S),A lady farmer carrying paddy on her head,MALE,0,86,GENERAL,Others,"Rs 6,00,84,453
 ~ 6 Crore+","Rs 97,98,283
 ~ 97 Lacs+",581624,1164,582788,36.23075512,46.79265401,1608545
Karnataka,TUMKUR,N. SHIVANNA,0,CPI(M),Ears of Corn And Sickle,MALE,0,74,GENERAL,Others,"Rs 9,85,119
 ~ 9 Lacs+","Rs 0
 ~",17222,5,17227,1.070967862,1.383173728,1608545
Karnataka,UDUPI CHIKMAGALUR,SHOBHA KARANDLAJE,1,BJP,Lotus,FEMALE,3,52,GENERAL,Post Graduate,"Rs 10,48,72,668
 ~ 10 Crore+","Rs 4,99,36,840
 ~ 4 Crore+",717482,1434,718916,47.49062958,62.42633223,1513806
Karnataka,UDUPI CHIKMAGALUR,PRAMOD MADHWARAJ,0,JD(S),A lady farmer carrying paddy on her head,MALE,1,50,GENERAL,12th Pass,"Rs 99,07,39,778
 ~ 99 Crore+","Rs 2,18,13,972
 ~ 2 Crore+",368932,385,369317,24.39658715,32.06926225,1513806
Karnataka,UDUPI CHIKMAGALUR,P. PARAMESHWARA,0,BSP,Elephant,MALE,1,43,SC,Graduate Professional,"Rs 49,94,000
 ~ 49 Lacs+","Rs 0
 ~",15910,37,15947,1.053437495,1.384741361,1513806
Karnataka,UTTARA KANNADA,ANANTKUMAR HEGDE,1,BJP,Lotus,MALE,4,51,GENERAL,12th Pass,"Rs 8,47,55,455
 ~ 8 Crore+","Rs 4,10,16,655
 ~ 4 Crore+",783211,2831,786042,50.4973985,68.09154618,1556599
Karnataka,UTTARA KANNADA,ANAND ASNOTIKAR,0,JD(S),A lady farmer carrying paddy on her head,MALE,1,39,GENERAL,Post Graduate,"Rs 72,19,16,901
 ~ 72 Crore+","Rs 2,38,00,806
 ~ 2 Crore+",306130,263,306393,19.68348945,26.54155008,1556599
Karnataka,UTTARA KANNADA,NOTA,0,NOTA,,,,,,,,,15997,20,16017,1.028974065,1.387486032,1556599
