STATE,CONSTITUENCY,NAME,WINNER,PARTY,SYMBOL,GENDER,"CRIMINAL
CASES",AGE,CATEGORY,EDUCATION,ASSETS,LIABILITIES,"GENERAL
VOTES","POSTAL
VOTES","TOTAL
VOTES","OVER TOTAL ELECTORS 
IN CONSTITUENCY","OVER TOTAL VOTES POLLED 
IN CONSTITUENCY",TOTAL ELECTORS
Kerala,ALAPPUZHA,Adv. A M ARIFF,1,CPI(M),"Hammer, Sickle and Star",MALE,2,54,GENERAL,Graduate Professional,"Rs 1,52,68,906
 ~ 1 Crore+","Rs 22,20,700
 ~ 22 Lacs+",443003,2967,445970,32.87164969,40.91047525,1356701
Kerala,ALAPPUZHA,Adv. SHANIMOL OSMAN,0,INC,Hand,FEMALE,0,52,GENERAL,Post Graduate,"Rs 1,86,65,943
 ~ 1 Crore+","Rs 8,25,000
 ~ 8 Lacs+",433790,1706,435496,32.09962991,39.94965655,1356701
Kerala,ALAPPUZHA,Dr. K. S. RADHAKRISHNAN,0,BJP,Lotus,MALE,1,64,GENERAL,Doctorate,"Rs 1,64,84,722
 ~ 1 Crore+","Rs 0
 ~",186278,1451,187729,13.83716825,17.22107453,1356701
Kerala,ALATHUR,RAMYA HARIDAS,1,INC,Hand,FEMALE,3,32,SC,10th Pass,"Rs 11,52,816
 ~ 11 Lacs+","Rs 0
 ~",532493,1322,533815,42.13905339,52.36684011,1266794
Kerala,ALATHUR,DR. P.K.BIJU,0,CPI(M),"Hammer, Sickle and Star",MALE,0,44,SC,Doctorate,"Rs 40,83,003
 ~ 40 Lacs+","Rs 5,19,379
 ~ 5 Lacs+",373696,1151,374847,29.59020962,36.77220182,1266794
Kerala,ALATHUR,T.V.BABU,0,BDJS,Pot,MALE,4,61,SC,10th Pass,"Rs 12,61,055
 ~ 12 Lacs+","Rs 6,85,000
 ~ 6 Lacs+",89575,262,89837,7.091681836,8.812940466,1266794
Kerala,ATTINGAL,Adv. ADOOR PRAKASH,1,INC,Hand,MALE,7,63,GENERAL,Graduate Professional,"Rs 14,40,98,612
 ~ 14 Crore+","Rs 2,76,22,685
 ~ 2 Crore+",379469,1526,380995,28.20701705,37.87045946,1350710
Kerala,ATTINGAL,Dr. A. SAMPATH,0,CPI(M),"Hammer, Sickle and Star",MALE,0,56,GENERAL,Doctorate,"Rs 3,84,48,688
 ~ 3 Crore+","Rs 36,11,333
 ~ 36 Lacs+",340298,2450,342748,25.37539516,34.06875219,1350710
Kerala,ATTINGAL,SOBHASURENDRAN,0,BJP,Lotus,FEMALE,40,49,GENERAL,Graduate,"Rs 19,81,638
 ~ 19 Lacs+","Rs 0
 ~",246502,1579,248081,18.36671084,24.65896259,1350710
Kerala,CHALAKUDY,BENNY BEHANAN,1,INC,Hand,MALE,4,66,GENERAL,Graduate,"Rs 2,04,61,931
 ~ 2 Crore+","Rs 9,15,938
 ~ 9 Lacs+",472935,509,473444,38.48521822,47.80171905,1230197
Kerala,CHALAKUDY,INNOCENT,0,CPI(M),"Hammer, Sickle and Star",MALE,0,71,GENERAL,8th Pass,"Rs 6,74,56,404
 ~ 6 Crore+","Rs 6,70,000
 ~ 6 Lacs+",340581,589,341170,27.73295659,34.44655015,1230197
Kerala,CHALAKUDY,A N RADHAKRISHNAN,0,BJP,Lotus,MALE,6,59,GENERAL,Graduate,"Rs 2,13,83,000
 ~ 2 Crore+","Rs 54,62,000
 ~ 54 Lacs+",153934,225,154159,12.531245,15.56480852,1230197
Kerala,ERNAKULAM,HIBI EDEN,1,INC,Hand,MALE,7,35,GENERAL,Graduate,"Rs 79,08,467
 ~ 79 Lacs+","Rs 2,00,000
 ~ 2 Lacs+",490854,409,491263,39.42809309,50.78231117,1245972
Kerala,ERNAKULAM,P RAJEEV,0,CPI(M),"Hammer, Sickle and Star",MALE,6,51,GENERAL,Graduate Professional,"Rs 4,81,74,090
 ~ 4 Crore+","Rs 16,29,133
 ~ 16 Lacs+",321344,766,322110,25.85210583,33.29680894,1245972
Kerala,ERNAKULAM,ALPHONS KANNANTHANAM,0,BJP,Lotus,MALE,1,65,GENERAL,Graduate,"Rs 11,58,36,275
 ~ 11 Crore+","Rs 0
 ~",137531,218,137749,11.05554539,14.23924167,1245972
Kerala,IDUKKI,Adv. DEAN KURIAKOSE,1,INC,Hand,MALE,204,37,GENERAL,Post Graduate,"Rs 1,33,95,011
 ~ 1 Crore+","Rs 1,00,00,000
 ~ 1 Crore+",497697,796,498493,41.39650604,54.21000719,1204191
Kerala,IDUKKI,"Adv, JOICE GEORGE",0,IND,Battery Torch,MALE,9,49,GENERAL,Post Graduate,"Rs 1,63,06,010
 ~ 1 Crore+","Rs 31,69,941
 ~ 31 Lacs+",326701,739,327440,27.19169966,35.60837314,1204191
Kerala,IDUKKI,BIJU KRISHNAN,0,BDJS,Pot,MALE,0,49,GENERAL,Graduate,"Rs 1,63,47,063
 ~ 1 Crore+","Rs 17,89,000
 ~ 17 Lacs+",78504,144,78648,6.53118982,8.552795416,1204191
Kerala,KANNUR,K. SUDHAKARAN,1,INC,Hand,MALE,3,70,GENERAL,Post Graduate,"Rs 2,96,99,206
 ~ 2 Crore+","Rs 74,68,633
 ~ 74 Lacs+",527685,2056,529741,41.82551024,50.22450903,1266550
Kerala,KANNUR,P. K. SREEMATHI TEACHER,0,CPI(M),"Hammer, Sickle and Star",FEMALE,10,69,GENERAL,12th Pass,"Rs 2,45,90,760
 ~ 2 Crore+","Rs 0
 ~",432282,2900,435182,34.35963839,41.25941222,1266550
Kerala,KANNUR,C. K. PADMANABHAN,0,BJP,Lotus,MALE,0,70,GENERAL,10th Pass,"Rs 32,90,900
 ~ 32 Lacs+","Rs 0
 ~",67620,889,68509,5.40910347,6.495307875,1266550
Kerala,KASARAGOD,Rajmohan Unnithan,1,INC,Hand,MALE,1,65,GENERAL,Graduate,"Rs 2,15,70,257
 ~ 2 Crore+","Rs 8,62,257
 ~ 8 Lacs+",473983,978,474961,34.82279607,43.17438703,1363937
Kerala,KASARAGOD,K. P. Sathishchandran,0,CPI(M),"Hammer, Sickle and Star",MALE,4,61,GENERAL,Graduate,"Rs 64,81,669
 ~ 64 Lacs+","Rs 10,15,342
 ~ 10 Lacs+",432347,2176,434523,31.85799637,39.49853604,1363937
Kerala,KASARAGOD,Ravisha Thanthri Kuntar,0,BJP,Lotus,MALE,1,52,GENERAL,10th Pass,"Rs 68,43,278
 ~ 68 Lacs+","Rs 19,01,899
 ~ 19 Lacs+",175340,709,176049,12.90741435,16.00301427,1363937
Kerala,KOLLAM,N.K.Premachandran,1,RSP,Spade & Stoker,MALE,5,58,GENERAL,Graduate Professional,"Rs 1,75,00,650
 ~ 1 Crore+","Rs 32,70,587
 ~ 32 Lacs+",497264,2413,499677,38.53391634,51.56534921,1296720
Kerala,KOLLAM,K.N.Balagopal,0,CPI(M),"Hammer, Sickle and Star",MALE,1,55,GENERAL,Post Graduate,"Rs 94,63,866
 ~ 94 Lacs+","Rs 28,00,000
 ~ 28 Lacs+",347492,3329,350821,27.05449133,36.20380241,1296720
Kerala,KOLLAM,Adv.K.V.Sabu,0,BJP,Lotus,MALE,0,57,GENERAL,Post Graduate,"Rs 2,65,50,000
 ~ 2 Crore+","Rs 64,00,000
 ~ 64 Lacs+",102319,1020,103339,7.969260904,10.66431239,1296720
Kerala,KOTTAYAM,Thomas Chazhikadan,1,KEC(M),Two Leaves,MALE,0,66,GENERAL,Graduate Professional,"Rs 2,60,27,478
 ~ 2 Crore+","Rs 4,95,778
 ~ 4 Lacs+",420294,752,421046,34.89240887,46.23586721,1206698
Kerala,KOTTAYAM,V.N. Vasavan,0,CPI(M),"Hammer, Sickle and Star",MALE,0,64,GENERAL,10th Pass,"Rs 73,61,071
 ~ 73 Lacs+","Rs 6,37,399
 ~ 6 Lacs+",313492,1295,314787,26.08664305,34.56736302,1206698
Kerala,KOTTAYAM,Adv. P.C Thomas,0,KEC,Television,MALE,3,68,GENERAL,Graduate Professional,"Rs 2,76,43,705
 ~ 2 Crore+","Rs 40,36,712
 ~ 40 Lacs+",154658,477,155135,12.85615788,17.0356713,1206698
Kerala,KOZHIKODE,M.K.RAGHAVAN,1,INC,Hand,MALE,1,66,GENERAL,Graduate,"Rs 1,25,02,009
 ~ 1 Crore+","Rs 31,74,805
 ~ 31 Lacs+",491835,1609,493444,37.43816501,45.82154776,1318024
Kerala,KOZHIKODE,A.PRADEEP KUMAR,0,CPI(M),"Hammer, Sickle and Star",MALE,1,55,GENERAL,12th Pass,"Rs 1,19,15,342
 ~ 1 Crore+","Rs 20,79,872
 ~ 20 Lacs+",406075,2144,408219,30.97204603,37.9074959,1318024
Kerala,KOZHIKODE,Adv.PRAKASH BABU,0,BJP,Lotus,MALE,22,39,GENERAL,Post Graduate,"Rs 35,24,377
 ~ 35 Lacs+","Rs 3,43,064
 ~ 3 Lacs+",160352,864,161216,12.23164373,14.97062817,1318024
Kerala,MALAPPURAM,P.K. Kunhalikutty,1,IUML,Ladder,MALE,2,67,GENERAL,Graduate,"Rs 5,29,32,535
 ~ 5 Crore+","Rs 0
 ~",589153,720,589873,43.03933329,57.00363066,1370544
Kerala,MALAPPURAM,V.P. Sanu,0,CPI(M),"Hammer, Sickle and Star",MALE,9,30,GENERAL,Post Graduate,"Rs 54,38,969
 ~ 54 Lacs+","Rs 0
 ~",329103,617,329720,24.05760049,31.86319276,1370544
Kerala,MALAPPURAM,Unnikrishnan,0,BJP,Lotus,MALE,0,54,GENERAL,Graduate Professional,"Rs 1,21,00,000
 ~ 1 Crore+","Rs 0
 ~",82087,245,82332,6.007249676,7.956327751,1370544
Kerala,MALAPPURAM,Abdul Majeed Faizy,0,SDPI,Auto- Rickshaw,MALE,2,48,GENERAL,10th Pass,"Rs 12,03,908
 ~ 12 Lacs+","Rs 0
 ~",19095,11,19106,1.394044992,1.846348904,1370544
Kerala,MAVELIKKARA,KODIKUNNIL SURESH,1,INC,Hand,MALE,1,56,SC,Post Graduate,"Rs 1,29,65,129
 ~ 1 Crore+","Rs 9,82,819
 ~ 9 Lacs+",437997,2418,440415,33.66824605,45.29340985,1308102
Kerala,MAVELIKKARA,CHITTAYAM GOPAKUMAR,0,CPI(M),Ears of Corn And Sickle,MALE,0,53,SC,10th Pass,"Rs 37,25,488
 ~ 37 Lacs+","Rs 9,53,336
 ~ 9 Lacs+",376497,2780,379277,28.9944515,39.00582089,1308102
Kerala,MAVELIKKARA,THAZHAVA SAHADEVAN,0,BDJS,Pot,MALE,0,64,SC,10th Pass,"Rs 49,26,063
 ~ 49 Lacs+","Rs 4,00,000
 ~ 4 Lacs+",132323,1223,133546,10.20914271,13.73421367,1308102
Kerala,PALAKKAD,V K SREEKANDAN,1,INC,Hand,MALE,7,49,GENERAL,Graduate,"Rs 63,56,399
 ~ 63 Lacs+","Rs 27,09,000
 ~ 27 Lacs+",398714,560,399274,30.17921255,38.80688986,1323010
Kerala,PALAKKAD,M B RAJESH,0,CPI(M),"Hammer, Sickle and Star",MALE,10,48,GENERAL,Post Graduate,"Rs 1,67,62,314
 ~ 1 Crore+","Rs 6,51,136
 ~ 6 Lacs+",386773,864,387637,29.29962736,37.67584758,1323010
Kerala,PALAKKAD,KRISHNAKUMAR C,0,BJP,Lotus,MALE,10,48,GENERAL,Graduate,"Rs 1,12,98,644
 ~ 1 Crore+","Rs 14,48,919
 ~ 14 Lacs+",217747,809,218556,16.51960303,21.24225124,1323010
Kerala,PATHANAMTHITTA,ANTO ANTONY,1,INC,Hand,MALE,1,62,GENERAL,Graduate,"Rs 60,75,876
 ~ 60 Lacs+","Rs 77,23,227
 ~ 77 Lacs+",380089,838,380927,27.54868772,37.07758975,1382741
Kerala,PATHANAMTHITTA,VEENA GEORGE,0,CPI(M),"Hammer, Sickle and Star",FEMALE,0,42,GENERAL,Post Graduate,"Rs 2,01,79,396
 ~ 2 Crore+","Rs 66,43,517
 ~ 66 Lacs+",335476,1208,336684,24.34902849,32.77119035,1382741
Kerala,PATHANAMTHITTA,K SURENDRAN,0,BJP,Lotus,MALE,240,49,GENERAL,Graduate,"Rs 40,44,300
 ~ 40 Lacs+","Rs 13,08,799
 ~ 13 Lacs+",295627,1769,297396,21.50771547,28.94708666,1382741
Kerala,PONNANI,E. T. Mohammed Basheer,1,IUML,Ladder,MALE,0,72,GENERAL,10th Pass,"Rs 81,03,274
 ~ 81 Lacs+","Rs 0
 ~",521438,386,521824,38.45982062,51.29166888,1356803
Kerala,PONNANI,P.V. Anvar Puthan Veetil,0,IND,Scissors,MALE,Not Available,51,GENERAL,Not Available,Not Available,Not Available,328208,343,328551,24.21508502,32.29427758,1356803
Kerala,PONNANI,Rema,0,BJP,Lotus,FEMALE,7,61,GENERAL,Post Graduate,"Rs 2,44,82,797
 ~ 2 Crore+","Rs 0
 ~",110430,173,110603,8.151736103,10.87150544,1356803
Kerala,PONNANI,Adv. K.C. Nazeer,0,SDPI,Auto- Rickshaw,MALE,1,40,GENERAL,Graduate Professional,"Rs 29,85,000
 ~ 29 Lacs+","Rs 0
 ~",18114,10,18124,1.335787141,1.781463112,1356803
Kerala,PONNANI,Sameera PA,0,IND,CUTTING PLIERS,FEMALE,0,36,GENERAL,10th Pass,"Rs 2,400
 ~ 2 Thou+","Rs 0
 ~",16288,0,16288,1.200469044,1.600997085,1356803
Kerala,THIRUVANANTHAPURAM,Dr. SHASHI THAROOR,1,INC,Hand,MALE,2,63,GENERAL,Doctorate,"Rs 35,00,22,585
 ~ 35 Crore+","Rs 0
 ~",414057,2074,416131,30.34292018,41.14942824,1371427
Kerala,THIRUVANANTHAPURAM,KUMMANAM RAJASEKHARAN,0,BJP,Lotus,MALE,2,66,GENERAL,Graduate,"Rs 11,05,732
 ~ 11 Lacs+","Rs 0
 ~",313925,2217,316142,23.05204725,31.26194045,1371427
Kerala,THIRUVANANTHAPURAM,C. DIVAKARAN,0,CPI(M),Ears of Corn And Sickle,MALE,1,76,GENERAL,Graduate,"Rs 90,06,945
 ~ 90 Lacs+","Rs 13,18,000
 ~ 13 Lacs+",256470,2086,258556,18.85306327,25.56750535,1371427
Kerala,THRISSUR,T. N. PRATHAPAN,1,INC,Hand,MALE,7,58,GENERAL,12th Pass,"Rs 86,09,349
 ~ 86 Lacs+","Rs 29,78,120
 ~ 29 Lacs+",414541,548,415089,31.0437436,39.83113302,1337110
Kerala,THRISSUR,RAJAJI MATHEW THOMAS,0,CPI(M),Ears of Corn And Sickle,MALE,0,64,GENERAL,Post Graduate,"Rs 28,84,096
 ~ 28 Lacs+","Rs 21,50,000
 ~ 21 Lacs+",320887,569,321456,24.04110357,30.84629247,1337110
Kerala,THRISSUR,SURESH GOPI,0,BJP,Lotus,MALE,1,60,GENERAL,Post Graduate,"Rs 10,15,34,170
 ~ 10 Crore+","Rs 61,24,303
 ~ 61 Lacs+",293405,417,293822,21.97440749,28.19458758,1337110
Kerala,VADAKARA,K. MURALEEDHARAN,1,INC,Hand,MALE,3,62,GENERAL,Graduate,"Rs 11,43,79,340
 ~ 11 Crore+","Rs 0
 ~",525004,1751,526755,40.8677457,49.41731743,1288926
Kerala,VADAKARA,P.JAYARAJAN,0,CPI(M),"Hammer, Sickle and Star",MALE,10,66,GENERAL,10th Pass,"Rs 90,72,440
 ~ 90 Lacs+","Rs 6,20,213
 ~ 6 Lacs+",439640,2452,442092,34.2992538,41.47469069,1288926
Kerala,VADAKARA,ADV.V.K.SAJEEVAN,0,BJP,Lotus,MALE,2,43,GENERAL,Graduate Professional,"Rs 35,30,403
 ~ 35 Lacs+","Rs 17,54,758
 ~ 17 Lacs+",79580,548,80128,6.21664859,7.517177456,1288926
Kerala,WAYANAD,Rahul Gandhi,1,INC,Hand,MALE,5,48,GENERAL,Post Graduate,"Rs 15,88,77,063
 ~ 15 Crore+","Rs 72,01,904
 ~ 72 Lacs+",705034,1333,706367,51.95101197,64.64069388,1359679
Kerala,WAYANAD,P.P. Suneer,0,CPI(M),Ears of Corn And Sickle,MALE,0,50,GENERAL,Post Graduate,"Rs 1,38,15,960
 ~ 1 Crore+","Rs 0
 ~",273971,626,274597,20.19572267,25.12877954,1359679
Kerala,WAYANAD,Thushar Vellappally,0,BDJS,Pot,MALE,Not Available,50,GENERAL,Not Available,Not Available,Not Available,78590,226,78816,5.7966623,7.212569286,1359679
