STATE,CONSTITUENCY,NAME,WINNER,PARTY,SYMBOL,GENDER,"CRIMINAL
CASES",AGE,CATEGORY,EDUCATION,ASSETS,LIABILITIES,"GENERAL
VOTES","POSTAL
VOTES","TOTAL
VOTES","OVER TOTAL ELECTORS 
IN CONSTITUENCY","OVER TOTAL VOTES POLLED 
IN CONSTITUENCY",TOTAL ELECTORS
Lakshadweep,LAKSHADWEEP,MOHAMMED FAIZAL PP,1,NCP,Clock,MALE,2,43,ST,Post Graduate,"Rs 9,38,641
 ~ 9 Lacs+","Rs 0
 ~",22796,55,22851,41.40499012,48.59226811,55189
Lakshadweep,LAKSHADWEEP,HAMDULLAH SAYEED,0,INC,Hand,MALE,0,36,ST,Graduate Professional,"Rs 9,50,47,817
 ~ 9 Crore+","Rs 4,45,771
 ~ 4 Lacs+",21980,48,22028,39.91375093,46.84217242,55189
Lakshadweep,LAKSHADWEEP,DR. MOHAMMED SADIQUE KP,0,JD(U),Arrow,MALE,0,64,ST,Post Graduate,"Rs 4,97,83,111
 ~ 4 Crore+","Rs 28,87,460
 ~ 28 Lacs+",1339,3,1342,2.431643987,2.853740484,55189
