STATE,CONSTITUENCY,NAME,WINNER,PARTY,SYMBOL,GENDER,"CRIMINAL
CASES",AGE,CATEGORY,EDUCATION,ASSETS,LIABILITIES,"GENERAL
VOTES","POSTAL
VOTES","TOTAL
VOTES","OVER TOTAL ELECTORS 
IN CONSTITUENCY","OVER TOTAL VOTES POLLED 
IN CONSTITUENCY",TOTAL ELECTORS
Madhya Pradesh,BALAGHAT,DR DHAL SINGH BISEN,1,BJP,Lotus,MALE,0,66,GENERAL,Others,"Rs 8,86,48,133
 ~ 8 Crore+","Rs 15,30,693
 ~ 15 Lacs+",692859,3243,696102,39.3784101,50.70931647,1767725
Madhya Pradesh,BALAGHAT,MADHU BHAGAT,0,INC,Hand,MALE,0,53,GENERAL,12th Pass,"Rs 1,02,37,135
 ~ 1 Crore+","Rs 0
 ~",452594,1442,454036,25.68476432,33.07540449,1767725
Madhya Pradesh,BALAGHAT,KANKAR MUNJARE,0,BSP,Elephant,MALE,6,68,GENERAL,Others,"Rs 2,05,50,745
 ~ 2 Crore+","Rs 22,00,000
 ~ 22 Lacs+",84996,181,85177,4.818453096,6.204934692,1767725
Madhya Pradesh,BALAGHAT,BODHSINGH BHAGAT,0,IND,Auto- Rickshaw,MALE,0,62,GENERAL,Graduate,"Rs 4,42,44,840
 ~ 4 Crore+","Rs 0
 ~",47105,115,47220,2.671229971,3.439860716,1767725
Madhya Pradesh,BETUL,DURGA DAS (D.D.) UIKEY,1,BJP,Lotus,MALE,0,55,ST,Post Graduate,"Rs 1,54,13,532
 ~ 1 Crore+","Rs 8,75,803
 ~ 8 Lacs+",810237,1011,811248,46.69222539,59.72366189,1737437
Madhya Pradesh,BETUL,RAMU TEKAM (ADVOCATE),0,INC,Hand,MALE,0,31,ST,Graduate Professional,"Rs 1,13,554
 ~ 1 Lacs+","Rs 0
 ~",450802,205,451007,25.95817863,33.20290414,1737437
Madhya Pradesh,BETUL,ASHOK BHALAVI,0,BSP,Elephant,MALE,0,44,ST,Literate,"Rs 6,82,000
 ~ 6 Lacs+","Rs 0
 ~",23545,28,23573,1.35676862,1.735432176,1737437
Madhya Pradesh,BETUL,NOTA,0,NOTA,,,,,,,,,22781,6,22787,1.311529569,1.677567259,1737437
Madhya Pradesh,BHIND,SANDHYA RAY,1,BJP,Lotus,FEMALE,0,45,SC,Post Graduate,"Rs 5,11,08,660
 ~ 5 Crore+","Rs 1,34,00,000
 ~ 1 Crore+",522990,4704,527694,29.89202043,54.81299281,1765334
Madhya Pradesh,BHIND,DEVASHISH,0,INC,Hand,MALE,0,28,SC,Graduate Professional,"Rs 7,46,723
 ~ 7 Lacs+","Rs 0
 ~",327177,632,327809,18.56923392,34.0504011,1765334
Madhya Pradesh,BHIND,BABU RAM JAMOR,0,BSP,Elephant,MALE,0,67,SC,10th Pass,"Rs 1,25,71,690
 ~ 1 Crore+","Rs 5,40,000
 ~ 5 Lacs+",66345,268,66613,3.77339359,6.919271188,1765334
Madhya Pradesh,BHOPAL,SADHVI PRAGYA SINGH THAKUR,1,BJP,Lotus,FEMALE,1,49,GENERAL,Post Graduate,"Rs 4,44,224
 ~ 4 Lacs+","Rs 0
 ~",865212,1270,866482,40.43575388,61.51068846,2142861
Madhya Pradesh,BHOPAL,DIGVIJAYA SINGH,0,INC,Hand,MALE,8,71,GENERAL,Graduate Professional,"Rs 38,07,27,853
 ~ 38 Crore+","Rs 1,39,72,396
 ~ 1 Crore+",501279,381,501660,23.41075786,35.61234044,2142861
Madhya Pradesh,CHHINDWARA,NAKUL KAMAL NATH,1,INC,Hand,MALE,0,44,GENERAL,Graduate,"Rs 6,60,19,46,757
 ~ 660 Crore+","Rs 87,91,712
 ~ 87 Lacs+",586551,754,587305,38.77156002,47.04167795,1514783
Madhya Pradesh,CHHINDWARA,NATHANSAHA KAWRETI,0,BJP,Lotus,MALE,0,57,ST,10th Pass,"Rs 90,06,200
 ~ 90 Lacs+","Rs 2,36,000
 ~ 2 Lacs+",548845,924,549769,36.29358132,44.03513718,1514783
Madhya Pradesh,CHHINDWARA,MANMOHAN SHAH BATTI,0,ABGP,Battery Torch,MALE,2,56,ST,Post Graduate,"Rs 62,64,000
 ~ 62 Lacs+","Rs 20,75,000
 ~ 20 Lacs+",35871,97,35968,2.374465518,2.880947842,1514783
Madhya Pradesh,CHHINDWARA,NOTA,0,NOTA,,,,,,,,,20312,12,20324,1.341710331,1.627902134,1514783
Madhya Pradesh,CHHINDWARA,GYANESHWAR GAJBHIYE,0,BSP,Elephant,MALE,0,45,SC,10th Pass,"Rs 33,61,876
 ~ 33 Lacs+","Rs 0
 ~",14262,13,14275,0.942379205,1.143392194,1514783
Madhya Pradesh,DAMOH,PRAHALAD SINGH PATEL,1,BJP,Lotus,MALE,0,59,GENERAL,Graduate Professional,"Rs 4,32,92,483
 ~ 4 Crore+","Rs 42,30,614
 ~ 42 Lacs+",704221,303,704524,39.83113756,60.50506482,1768777
Madhya Pradesh,DAMOH,PRATAP SINGH,0,INC,Hand,MALE,0,57,GENERAL,10th Pass,"Rs 2,38,44,753
 ~ 2 Crore+","Rs 1,20,000
 ~ 1 Lacs+",351016,97,351113,19.85060864,30.1538554,1768777
Madhya Pradesh,DAMOH,JITTU KHARE "BADAL",0,BSP,Elephant,MALE,0,34,GENERAL,8th Pass,"Rs 21,88,000
 ~ 21 Lacs+","Rs 0
 ~",45822,26,45848,2.592073506,3.937461622,1768777
Madhya Pradesh,DEWAS,MAHENDRA SINGH SOLANKY,1,BJP,Lotus,MALE,0,35,SC,Graduate Professional,"Rs 38,12,464
 ~ 38 Lacs+","Rs 18,32,631
 ~ 18 Lacs+",860708,1721,862429,48.98764728,61.61545078,1760503
Madhya Pradesh,DEWAS,PRAHLAD SINGH TIPANYA,0,INC,Hand,MALE,0,65,SC,Post Graduate,"Rs 1,28,98,376
 ~ 1 Crore+","Rs 8,10,000
 ~ 8 Lacs+",489757,423,490180,27.84317891,35.02046159,1760503
Madhya Pradesh,DEWAS,BADRILAL "AKELA",0,BSP,Elephant,MALE,0,43,SC,Post Graduate,"Rs 71,65,222
 ~ 71 Lacs+","Rs 4,02,000
 ~ 4 Lacs+",18307,31,18338,1.041634124,1.310141631,1760503
Madhya Pradesh,DHAR,CHATTARSINGH DARBAR,1,BJP,Lotus,MALE,1,65,ST,Post Graduate,"Rs 2,31,98,238
 ~ 2 Crore+","Rs 24,71,613
 ~ 24 Lacs+",721025,1122,722147,40.43034435,53.72422023,1786151
Madhya Pradesh,DHAR,GIRWAL DINESH,0,INC,Hand,MALE,0,38,ST,Graduate,"Rs 5,34,25,064
 ~ 5 Crore+","Rs 44,84,036
 ~ 44 Lacs+",565687,431,566118,31.69485671,42.11642243,1786151
Madhya Pradesh,DHAR,NOTA,0,NOTA,,,,,,,,,17923,6,17929,1.003778516,1.333830293,1786151
Madhya Pradesh,DHAR,GULSINGH RAMSINGH KAWACHE,0,BSP,Elephant,MALE,0,61,ST,Post Graduate,"Rs 1,19,19,939
 ~ 1 Crore+","Rs 14,00,000
 ~ 14 Lacs+",13805,22,13827,0.774122681,1.028661468,1786151
Madhya Pradesh,GUNA,KRISHNA PAL SINGH "Dr. K. P. YADAV",1,BJP,Lotus,MALE,0,43,GENERAL,Graduate Professional,"Rs 1,62,66,408
 ~ 1 Crore+","Rs 4,94,053
 ~ 4 Lacs+",610855,3194,614049,36.64380292,52.09513475,1675724
Madhya Pradesh,GUNA,JYOTIRADITYA M. SCINDIA,0,INC,Hand,MALE,0,48,GENERAL,Post Graduate,"Rs 3,74,56,18,745
 ~ 374 Crore+","Rs 29,00,000
 ~ 29 Lacs+",486105,2395,488500,29.15157866,41.44371757,1675724
Madhya Pradesh,GUNA,DHAKAD LOKENDRA SINGH RAJPOOT,0,BSP,Elephant,MALE,3,41,GENERAL,Post Graduate,"Rs 12,82,73,308
 ~ 12 Crore+","Rs 5,59,70,713
 ~ 5 Crore+",37381,149,37530,2.23962896,3.18399738,1675724
Madhya Pradesh,GUNA,NOTA,0,NOTA,,,,,,,,,12372,31,12403,0.740157687,1.052254716,1675724
Madhya Pradesh,GWALIOR,VIVEK NARAYAN SHEJWALKAR,1,BJP,Lotus,MALE,0,71,GENERAL,Graduate Professional,"Rs 5,89,11,673
 ~ 5 Crore+","Rs 0
 ~",624801,2449,627250,31.35083749,52.40674148,2000744
Madhya Pradesh,GWALIOR,ASHOK SINGH,0,INC,Hand,MALE,0,56,GENERAL,Graduate,"Rs 37,18,15,574
 ~ 37 Crore+","Rs 6,45,26,891
 ~ 6 Crore+",479482,926,480408,24.01146773,40.13809145,2000744
Madhya Pradesh,GWALIOR,MAMTA BALVEER SINGH KUSHWAH,0,BSP,Elephant,FEMALE,0,50,GENERAL,10th Pass,"Rs 14,34,500
 ~ 14 Lacs+","Rs 0
 ~",44540,137,44677,2.233019317,3.732763634,2000744
Madhya Pradesh,HOSHANGABAD,UDAY PRATAP SINGH,1,BJP,Lotus,MALE,1,54,GENERAL,Graduate,"Rs 15,47,83,105
 ~ 15 Crore+","Rs 91,03,300
 ~ 91 Lacs+",876911,1016,877927,51.45688428,69.32987655,1706141
Madhya Pradesh,HOSHANGABAD,SHAILENDRA DIWAN CHANDARBHAN SINGH,0,INC,Hand,MALE,0,39,GENERAL,Graduate,"Rs 1,59,64,904
 ~ 1 Crore+","Rs 13,99,664
 ~ 13 Lacs+",324139,106,324245,19.00458403,25.60562077,1706141
Madhya Pradesh,HOSHANGABAD,NOTA,0,NOTA,,,,,,,,,18410,3,18413,1.079219127,1.454074219,1706141
Madhya Pradesh,HOSHANGABAD,M.P. CHOUDHARY,0,BSP,Elephant,MALE,0,68,SC,Post Graduate,"Rs 1,83,20,269
 ~ 1 Crore+","Rs 3,00,000
 ~ 3 Lacs+",15336,28,15364,0.90051174,1.213294754,1706141
Madhya Pradesh,INDORE,SHANKAR LALWANI,1,BJP,Lotus,MALE,2,57,GENERAL,Graduate Professional,"Rs 5,90,38,508
 ~ 5 Crore+","Rs 21,06,382
 ~ 21 Lacs+",1066824,1745,1068569,45.45980141,65.57267296,2350580
Madhya Pradesh,INDORE,PANKAJ SANGHVI,0,INC,Hand,MALE,4,58,GENERAL,Graduate,"Rs 25,18,92,330
 ~ 25 Crore+","Rs 5,11,05,911
 ~ 5 Crore+",520268,547,520815,22.15687192,31.95978142,2350580
Madhya Pradesh,JABALPUR,RAKESH SINGH,1,BJP,Lotus,MALE,1,56,GENERAL,Graduate,"Rs 4,31,34,351
 ~ 4 Crore+","Rs 13,87,000
 ~ 13 Lacs+",825674,780,826454,45.41223028,65.38091546,1819893
Madhya Pradesh,JABALPUR,Pt. VIVEK KRISHNA TANKHA,0,INC,Hand,MALE,0,63,GENERAL,Graduate Professional,"Rs 66,91,18,888
 ~ 66 Crore+","Rs 1,10,15,354
 ~ 1 Crore+",371562,148,371710,20.42482717,29.40604085,1819893
Madhya Pradesh,JABALPUR,AD. RAMRAJ RAM,0,BSP,Elephant,MALE,0,78,SC,Post Graduate,"Rs 5,20,000
 ~ 5 Lacs+","Rs 0
 ~",12856,17,12873,0.707349278,1.018385203,1819893
Madhya Pradesh,KHAJURAHO,V.D. SHARMA (VISHNU DATT SHARMA),1,BJP,Lotus,MALE,0,49,GENERAL,Post Graduate,"Rs 1,05,89,334
 ~ 1 Crore+","Rs 25,07,176
 ~ 25 Lacs+",810410,725,811135,44.03328819,64.46194756,1842095
Madhya Pradesh,KHAJURAHO,MAHARANI KAVITA SINGH NATIRAJA,0,INC,Hand,FEMALE,0,39,GENERAL,Graduate,"Rs 7,36,95,721
 ~ 7 Crore+","Rs 21,60,104
 ~ 21 Lacs+",318526,227,318753,17.30383069,25.33171318,1842095
Madhya Pradesh,KHAJURAHO,VEER SINGH PATEL,0,SP,Bicycle,MALE,8,39,GENERAL,12th Pass,"Rs 3,96,87,180
 ~ 3 Crore+","Rs 42,12,532
 ~ 42 Lacs+",40029,48,40077,2.175620693,3.184971025,1842095
Madhya Pradesh,KHANDWA,NANDKUMAR SINGH CHOUHAN (NANDU BHAIYA),1,BJP,Lotus,MALE,0,66,GENERAL,Post Graduate,"Rs 1,90,76,515
 ~ 1 Crore+","Rs 48,19,099
 ~ 48 Lacs+",837969,940,838909,43.94367894,57.14031751,1909055
Madhya Pradesh,KHANDWA,ARUN SUBHASH CHANDRA YADAV,0,INC,Hand,MALE,0,45,GENERAL,Graduate,"Rs 38,95,36,712
 ~ 38 Crore+","Rs 19,68,53,975
 ~ 19 Crore+",564761,805,565566,29.62544295,38.52220064,1909055
Madhya Pradesh,KHANDWA,NOTA,0,NOTA,,,,,,,,,15993,12,16005,0.838372912,1.090143009,1909055
Madhya Pradesh,KHANDWA,DAYARAM KORKU (THAKUR DADA),0,BSP,Elephant,MALE,0,60,ST,10th Pass,"Rs 26,56,005
 ~ 26 Lacs+","Rs 0
 ~",14852,36,14888,0.779862288,1.014061176,1909055
Madhya Pradesh,KHARGONE,GAJENDRA UMRAO SINGH PATEL,1,BJP,Lotus,MALE,0,43,ST,Graduate Professional,"Rs 6,73,03,990
 ~ 6 Crore+","Rs 18,85,020
 ~ 18 Lacs+",772221,1329,773550,42.16944644,54.1700922,1834385
Madhya Pradesh,KHARGONE,DR. GOVIND SUBHAN MUJALDA,0,INC,Hand,MALE,0,55,ST,Post Graduate,"Rs 1,95,56,340
 ~ 1 Crore+","Rs 0
 ~",570106,934,571040,31.12977919,39.98873951,1834385
Madhya Pradesh,KHARGONE,COMRADE JYOTI SUKHLAL GORE,0,CPI(M),Ears of Corn And Sickle,FEMALE,0,39,ST,8th Pass,"Rs 44,30,200
 ~ 44 Lacs+","Rs 0
 ~",20669,4,20673,1.12697171,1.447687048,1834385
Madhya Pradesh,KHARGONE,AMIT KUMAR BALKE,0,BSP,Elephant,MALE,0,33,ST,12th Pass,"Rs 2,86,000
 ~ 2 Lacs+","Rs 22,000
 ~ 22 Thou+",18554,19,18573,1.012491925,1.30062843,1834385
Madhya Pradesh,KHARGONE,NOTA,0,NOTA,,,,,,,,,18408,15,18423,1.004314798,1.290124244,1834385
Madhya Pradesh,MANDLA,FAGGAN SINGH KULASTE,1,BJP,Lotus,MALE,0,59,ST,Post Graduate,"Rs 2,67,02,373
 ~ 2 Crore+","Rs 10,00,075
 ~ 10 Lacs+",735365,1901,737266,37.78396293,48.57045544,1951267
Madhya Pradesh,MANDLA,KAMAL SINGH MARAVI,0,INC,Hand,MALE,1,58,ST,Graduate,"Rs 31,82,853
 ~ 31 Lacs+","Rs 0
 ~",638372,1220,639592,32.77829226,42.13577561,1951267
Madhya Pradesh,MANDLA,DADA RAMGULAM UIKEY,0,GGP,Saw,MALE,0,57,ST,8th Pass,"Rs 1,53,77,000
 ~ 1 Crore+","Rs 2,82,000
 ~ 2 Lacs+",48782,143,48925,2.507345227,3.223137284,1951267
Madhya Pradesh,MANDLA,NOTA,0,NOTA,,,,,,,,,32221,19,32240,1.652259788,2.12394371,1951267
Madhya Pradesh,MANDLA,CHANDRA SINGH KUSHRAM,0,BSCP,FLUTE,MALE,0,43,ST,12th Pass,"Rs 21,20,000
 ~ 21 Lacs+","Rs 0
 ~",15707,2,15709,0.805066657,1.034895526,1951267
Madhya Pradesh,MANDLA,BHARAT SINGH POOSAM,0,IND,Helicopter,MALE,0,40,ST,Post Graduate,"Rs 23,13,900
 ~ 23 Lacs+","Rs 2,94,000
 ~ 2 Lacs+",15626,0,15626,0.80081301,1.029427556,1951267
Madhya Pradesh,MANDSOUR,Sudheer Gupta,1,BJP,Lotus,MALE,1,59,GENERAL,Post Graduate,"Rs 9,09,08,944
 ~ 9 Crore+","Rs 7,99,283
 ~ 7 Lacs+",845944,1842,847786,48.14572301,61.81293223,1760875
Madhya Pradesh,MANDSOUR,Meenakshi Natarajan,0,INC,Hand,FEMALE,0,45,GENERAL,Post Graduate,"Rs 67,59,260
 ~ 67 Lacs+","Rs 0
 ~",470528,524,471052,26.75101867,34.34487636,1760875
Madhya Pradesh,MORENA,NARENDRA SINGH TOMAR,1,BJP,Lotus,MALE,1,61,GENERAL,Graduate,"Rs 2,30,62,224
 ~ 2 Crore+","Rs 66,89,767
 ~ 66 Lacs+",537856,3833,541689,29.47609623,47.56940602,1837723
Madhya Pradesh,MORENA,RAMNIWAS RAWAT,0,INC,Hand,MALE,1,59,GENERAL,Post Graduate,"Rs 4,46,69,161
 ~ 4 Crore+","Rs 10,52,042
 ~ 10 Lacs+",427890,458,428348,23.30862703,37.6161597,1837723
Madhya Pradesh,MORENA,KARTAR SINGH BHADANA,0,BSP,Elephant,MALE,5,61,GENERAL,8th Pass,"Rs 44,10,32,899
 ~ 44 Crore+","Rs 1,15,99,732
 ~ 1 Crore+",129228,152,129380,7.040234029,11.36174032,1837723
Madhya Pradesh,RAJGARH,RODMAL NAGAR,1,BJP,Lotus,MALE,0,58,GENERAL,Graduate,"Rs 4,01,98,295
 ~ 4 Crore+","Rs 39,21,362
 ~ 39 Lacs+",822225,1599,823824,48.62243401,65.33463396,1694329
Madhya Pradesh,RAJGARH,MONA SUSTANI,0,INC,Hand,FEMALE,0,50,GENERAL,Graduate,"Rs 2,31,74,475
 ~ 2 Crore+","Rs 53,53,782
 ~ 53 Lacs+",392160,645,392805,23.18351395,31.15200685,1694329
Madhya Pradesh,RATLAM,GUMAN SINGH DAMOR,1,BJP,Lotus,MALE,0,62,ST,Graduate Professional,"Rs 4,20,72,262
 ~ 4 Crore+","Rs 48,90,940
 ~ 48 Lacs+",694243,1860,696103,37.60458578,49.67427489,1851112
Madhya Pradesh,RATLAM,KANTILAL BHURIA,0,INC,Hand,MALE,1,68,ST,Post Graduate,"Rs 9,06,79,618
 ~ 9 Crore+","Rs 9,04,000
 ~ 9 Lacs+",604409,1058,605467,32.70828561,43.20644243,1851112
Madhya Pradesh,RATLAM,NOTA,0,NOTA,,,,,,,,,35410,21,35431,1.914038697,2.528374728,1851112
Madhya Pradesh,RATLAM,KAMLESHWAR BHIL,0,BTP,Auto- Rickshaw,MALE,4,28,ST,Graduate,"Rs 62,500
 ~ 62 Thou+","Rs 0
 ~",14704,80,14784,0.798655079,1.054993988,1851112
Madhya Pradesh,REWA,JANARDAN MISHRA,1,BJP,Lotus,MALE,0,62,GENERAL,Graduate Professional,"Rs 2,03,59,750
 ~ 2 Crore+","Rs 5,80,627
 ~ 5 Lacs+",580769,3000,583769,34.75779591,57.53504719,1679534
Madhya Pradesh,REWA,SIDDHARTH TIWARI "RAJ",0,INC,Hand,MALE,0,34,GENERAL,Graduate Professional,"Rs 3,01,82,893
 ~ 3 Crore+","Rs 13,25,755
 ~ 13 Lacs+",270519,442,270961,16.13310597,26.70534736,1679534
Madhya Pradesh,REWA,VIKASH SINGH PATEL,0,BSP,Elephant,MALE,0,36,GENERAL,Graduate,"Rs 1,51,56,991
 ~ 1 Crore+","Rs 31,00,000
 ~ 31 Lacs+",91012,97,91109,5.424659459,8.979511784,1679534
Madhya Pradesh,REWA,GIRIJESH SINGH SENGER,0,CPI(M),"Hammer, Sickle and Star",MALE,0,49,GENERAL,Post Graduate,"Rs 34,98,413
 ~ 34 Lacs+","Rs 2,65,000
 ~ 2 Lacs+",10401,22,10423,0.620588806,1.027269,1679534
Madhya Pradesh,SAGAR,RAJBAHADUR SINGH,1,BJP,Lotus,MALE,1,51,GENERAL,Post Graduate,"Rs 1,64,16,828
 ~ 1 Crore+","Rs 5,47,428
 ~ 5 Lacs+",645338,893,646231,40.81985738,62.28516408,1583129
Madhya Pradesh,SAGAR,PRABHU SINGH THAKUR,0,INC,Hand,MALE,0,65,GENERAL,Post Graduate,"Rs 11,61,06,237
 ~ 11 Crore+","Rs 8,69,967
 ~ 8 Lacs+",340335,354,340689,21.51997721,32.83635459,1583129
Madhya Pradesh,SAGAR,RAJKUMAR YADAV,0,BSP,Elephant,MALE,0,47,GENERAL,12th Pass,"Rs 42,25,000
 ~ 42 Lacs+","Rs 3,00,000
 ~ 3 Lacs+",20327,36,20363,1.286250205,1.962630694,1583129
Madhya Pradesh,SATNA,GANESH SINGH,1,BJP,Lotus,MALE,2,56,GENERAL,Post Graduate,"Rs 4,17,19,076
 ~ 4 Crore+","Rs 0
 ~",587410,1343,588753,37.37962394,52.86198491,1575064
Madhya Pradesh,SATNA,RAJARAM TRIPATHI,0,INC,Hand,MALE,0,66,GENERAL,12th Pass,"Rs 15,03,75,545
 ~ 15 Crore+","Rs 1,88,44,623
 ~ 1 Crore+",356973,307,357280,22.6835227,32.07886833,1575064
Madhya Pradesh,SATNA,ACCHE LAL KUSHAWAHA,0,BSP,Elephant,MALE,2,62,GENERAL,8th Pass,"Rs 2,48,46,270
 ~ 2 Crore+","Rs 7,46,000
 ~ 7 Lacs+",109901,60,109961,6.981367106,9.872997203,1575064
Madhya Pradesh,SHAHDOL,HIMADRI SINGH,1,BJP,Lotus,FEMALE,0,32,ST,Graduate,"Rs 3,65,64,408
 ~ 3 Crore+","Rs 17,36,289
 ~ 17 Lacs+",746122,1855,747977,45.1547685,60.3944655,1656474
Madhya Pradesh,SHAHDOL,PRAMILA SINGH,0,INC,Hand,FEMALE,0,50,ST,Post Graduate,"Rs 2,04,91,903
 ~ 2 Crore+","Rs 39,13,894
 ~ 39 Lacs+",343553,1091,344644,20.80588044,27.82784787,1656474
Madhya Pradesh,SHAHDOL,BAHAN KESHKALI KOL,0,CPI(M),Ears of Corn And Sickle,FEMALE,0,31,ST,12th Pass,"Rs 2,23,200
 ~ 2 Lacs+","Rs 20,000
 ~ 20 Thou+",33683,12,33695,2.034139987,2.720660548,1656474
Madhya Pradesh,SHAHDOL,MOHDAL SINGH PAV,0,BSP,Elephant,MALE,0,65,ST,10th Pass,"Rs 8,26,000
 ~ 8 Lacs+","Rs 0
 ~",20547,51,20598,1.243484655,1.663159697,1656474
Madhya Pradesh,SHAHDOL,NOTA,0,NOTA,,,,,,,,,19995,32,20027,1.209013845,1.617055017,1656474
Madhya Pradesh,SHAHDOL,VIMAL SINGH KORCHE,0,GGP,Saw,MALE,0,27,ST,10th Pass,"Rs 9,32,000
 ~ 9 Lacs+","Rs 0
 ~",16759,30,16789,1.013538395,1.355606765,1656474
Madhya Pradesh,SIDHI,Riti Pathak,1,BJP,Lotus,FEMALE,0,41,GENERAL,Post Graduate,"Rs 5,15,41,791
 ~ 5 Crore+","Rs 5,05,922
 ~ 5 Lacs+",697212,1130,698342,37.83929643,54.44291556,1845547
Madhya Pradesh,SIDHI,Ajay Arjun Singh,0,INC,Hand,MALE,2,63,GENERAL,Post Graduate,"Rs 37,54,82,525
 ~ 37 Crore+","Rs 40,00,000
 ~ 40 Lacs+",411282,536,411818,22.31414318,32.10543344,1845547
Madhya Pradesh,SIDHI,Com. Sanjay Namdeo,0,CPI(M),Ears of Corn And Sickle,MALE,4,39,GENERAL,10th Pass,"Rs 11,76,000
 ~ 11 Lacs+","Rs 0
 ~",27647,4,27651,1.498254989,2.155678819,1845547
Madhya Pradesh,SIDHI,Ram Lal Panika,0,BSP,Elephant,MALE,0,48,ST,12th Pass,"Rs 3,08,14,000
 ~ 3 Crore+","Rs 0
 ~",26511,29,26540,1.438056034,2.069064984,1845547
Madhya Pradesh,SIDHI,Fatte Bahadur Singh Markam,0,GGP,Apple,MALE,0,63,ST,Post Graduate,"Rs 61,73,351
 ~ 61 Lacs+","Rs 2,80,000
 ~ 2 Lacs+",17025,7,17032,0.922870022,1.327818945,1845547
Madhya Pradesh,SIDHI,Dileep Kumar Shukla,0,IND,Balloon,MALE,Not Available,34,GENERAL,Not Available,Not Available,Not Available,15555,0,15555,0.842839548,1.212671659,1845547
Madhya Pradesh,TIKAMGARH,Dr Virendra Kumar,1,BJP,Lotus,MALE,0,65,SC,Doctorate,"Rs 2,15,03,766
 ~ 2 Crore+","Rs 19,74,216
 ~ 19 Lacs+",670967,1281,672248,40.80662912,61.25523257,1647399
Madhya Pradesh,TIKAMGARH,Ahirwar Kiran,0,INC,Hand,FEMALE,0,47,SC,Post Graduate,"Rs 3,65,07,983
 ~ 3 Crore+","Rs 25,00,000
 ~ 25 Lacs+",323776,413,324189,19.67883919,29.54009917,1647399
Madhya Pradesh,TIKAMGARH,R.D. Prajapati,0,SP,Bicycle,MALE,0,56,SC,Graduate,"Rs 83,61,117
 ~ 83 Lacs+","Rs 81,27,000
 ~ 81 Lacs+",42519,66,42585,2.584983966,3.880344871,1647399
Madhya Pradesh,UJJAIN,ANIL FIROJIYA,1,BJP,Lotus,MALE,0,47,SC,12th Pass,"Rs 2,64,17,937
 ~ 2 Crore+","Rs 32,03,766
 ~ 32 Lacs+",790207,1456,791663,47.65526005,63.17822807,1661229
Madhya Pradesh,UJJAIN,BABULAL MALVIYA,0,INC,Hand,MALE,1,56,SC,5th Pass,"Rs 21,81,243
 ~ 21 Lacs+","Rs 17,85,483
 ~ 17 Lacs+",425509,517,426026,25.64523013,33.99876942,1661229
Madhya Pradesh,VIDISHA,Ramakant Bhargava,1,BJP,Lotus,MALE,0,65,GENERAL,12th Pass,"Rs 3,00,32,282
 ~ 3 Crore+","Rs 33,32,012
 ~ 33 Lacs+",850443,2579,853022,48.97910202,68.18650166,1741604
Madhya Pradesh,VIDISHA,Shailendra Rameshchandra Patel,0,INC,Hand,MALE,0,43,GENERAL,Post Graduate,"Rs 13,05,23,815
 ~ 13 Crore+","Rs 16,77,179
 ~ 16 Lacs+",348815,1123,349938,20.09285693,27.97237119,1741604
Madhya Pradesh,VIDISHA,Geetawali Er. P.S. Ahirwar,0,BSP,Elephant,FEMALE,0,51,SC,Graduate,"Rs 4,01,24,085
 ~ 4 Crore+","Rs 0
 ~",14319,90,14409,0.827340773,1.151786592,1741604
