STATE,CONSTITUENCY,NAME,WINNER,PARTY,SYMBOL,GENDER,"CRIMINAL
CASES",AGE,CATEGORY,EDUCATION,ASSETS,LIABILITIES,"GENERAL
VOTES","POSTAL
VOTES","TOTAL
VOTES","OVER TOTAL ELECTORS 
IN CONSTITUENCY","OVER TOTAL VOTES POLLED 
IN CONSTITUENCY",TOTAL ELECTORS
Maharashtra,AHMADNAGAR,Dr. SUJAY RADHAKRISHNA VIKHEPATIL,1,BJP,Lotus,MALE,0,37,GENERAL,Doctorate,"Rs 16,86,64,576
 ~ 16 Crore+","Rs 26,23,964
 ~ 26 Lacs+",696961,7699,704660,37.85653348,58.42515898,1861396
Maharashtra,AHMADNAGAR,SANGRAM ARUNKAKA JAGTAP,0,NCP,Clock,MALE,1,34,GENERAL,Graduate,"Rs 9,44,88,381
 ~ 9 Crore+","Rs 3,25,49,132
 ~ 3 Crore+",419364,3822,423186,22.73487211,35.08743129,1861396
Maharashtra,AHMADNAGAR,SUDHAKAR LAXMAN AVHAD,0,VBA,Cup & Saucer,MALE,0,62,GENERAL,Graduate,"Rs 1,39,49,000
 ~ 1 Crore+","Rs 14,00,000
 ~ 14 Lacs+",31644,163,31807,1.708771266,2.637199546,1861396
Maharashtra,AKOLA,Dhotre Sanjay Shamrao,1,BJP,Lotus,MALE,1,60,GENERAL,Graduate Professional,"Rs 7,71,53,230
 ~ 7 Crore+","Rs 1,49,85,774
 ~ 1 Crore+",552898,1546,554444,29.72620712,49.49575293,1865169
Maharashtra,AKOLA,Ambedkar (Adv) Prakash Yashwant,0,VBA,Cup & Saucer,MALE,0,64,GENERAL,Graduate Professional,"Rs 5,87,22,916
 ~ 5 Crore+","Rs 0
 ~",278241,607,278848,14.95028064,24.89303106,1865169
Maharashtra,AKOLA,Hidayatullah Barakatullah Patel,0,INC,Hand,MALE,1,60,GENERAL,10th Pass,"Rs 1,49,47,292
 ~ 1 Crore+","Rs 4,83,635
 ~ 4 Lacs+",254094,276,254370,13.63790627,22.70785629,1865169
Maharashtra,AMRAVATI,Navnit Ravi Rana,1,IND,Spanner,FEMALE,1,33,SC,10th Pass,"Rs 12,45,54,656
 ~ 12 Crore+","Rs 7,05,76,979
 ~ 7 Crore+",507844,3103,510947,27.87352074,45.87203159,1833091
Maharashtra,AMRAVATI,Adsul Anandrao Vithoba,0,SHS,Bow and Arrow,MALE,2,71,SC,Graduate,"Rs 4,40,15,877
 ~ 4 Crore+","Rs 85,45,894
 ~ 85 Lacs+",470549,3447,473996,25.8577452,42.55462794,1833091
Maharashtra,AMRAVATI,Gunwant Deopare,0,VBA,Whistle,MALE,2,47,SC,Others,"Rs 35,19,44,996
 ~ 35 Crore+","Rs 7,91,39,288
 ~ 7 Crore+",64585,550,65135,3.553287862,5.847719582,1833091
Maharashtra,AMRAVATI,Arun Motiramji Wankhade,0,BSP,Elephant,MALE,3,56,SC,12th Pass,"Rs 33,80,97,138
 ~ 33 Crore+","Rs 66,00,000
 ~ 66 Lacs+",12232,104,12336,0.672961681,1.107507005,1833091
Maharashtra,AURANGABAD,Imtiaz Jaleel Syed,1,AIMIM,Kite,MALE,4,50,GENERAL,Post Graduate,"Rs 2,95,62,768
 ~ 2 Crore+","Rs 68,00,000
 ~ 68 Lacs+",388784,258,389042,20.62478397,32.45459558,1886284
Maharashtra,AURANGABAD,Chandrakant Khaire,0,SHS,Bow and Arrow,MALE,9,67,GENERAL,12th Pass,"Rs 8,98,20,322
 ~ 8 Crore+","Rs 3,13,90,310
 ~ 3 Crore+",383759,791,384550,20.38664379,32.07986472,1886284
Maharashtra,AURANGABAD,Harshwardhandada Raibhanji Jadhav,0,IND,Tractor Chalata Kisan,MALE,2,41,GENERAL,Graduate,"Rs 12,39,52,399
 ~ 12 Crore+","Rs 1,10,17,453
 ~ 1 Crore+",283237,561,283798,15.04534842,23.67494851,1886284
Maharashtra,AURANGABAD,Zambad Subhash Manakchand,0,INC,Hand,MALE,0,56,GENERAL,12th Pass,"Rs 33,94,52,909
 ~ 33 Crore+","Rs 19,84,64,347
 ~ 19 Crore+",91688,101,91789,4.866128324,7.657206353,1886284
Maharashtra,BARAMATI,Supriya Sule,1,NCP,Clock,FEMALE,0,49,GENERAL,Graduate,"Rs 1,40,88,88,704
 ~ 140 Crore+","Rs 55,00,000
 ~ 55 Lacs+",683705,3009,686714,32.47392138,52.52845903,2114663
Maharashtra,BARAMATI,Kanchan Rahul Kool,0,BJP,Lotus,FEMALE,0,34,GENERAL,Graduate,"Rs 4,75,72,790
 ~ 4 Crore+","Rs 22,50,279
 ~ 22 Lacs+",528711,2229,530940,25.10754669,40.61291897,2114663
Maharashtra,BARAMATI,Padalkar Navanath,0,VBA,Cup & Saucer,MALE,1,43,GENERAL,Post Graduate,"Rs 49,80,257
 ~ 49 Lacs+","Rs 37,00,190
 ~ 37 Lacs+",43953,181,44134,2.087046494,3.375919248,2114663
Maharashtra,BEED,Pritam Gopinathrao Munde,1,BJP,Lotus,FEMALE,1,36,GENERAL,Post Graduate,"Rs 46,54,000
 ~ 46 Lacs+","Rs 16,22,000
 ~ 16 Lacs+",675841,2334,678175,33.15602533,50.1074298,2045405
Maharashtra,BEED,Bajrang Manohar Sonwane,0,NCP,Clock,MALE,1,48,GENERAL,Graduate,"Rs 16,07,76,182
 ~ 16 Crore+","Rs 84,88,691
 ~ 84 Lacs+",509108,699,509807,24.9245015,37.66744345,2045405
Maharashtra,BEED,Pro. Vishnu Jadhav,0,VBA,Cup & Saucer,MALE,1,62,GENERAL,Post Graduate,"Rs 46,54,000
 ~ 46 Lacs+","Rs 16,22,000
 ~ 16 Lacs+",91972,167,92139,4.504682447,6.80775386,2045405
Maharashtra,BEED,Chavhan Sampat Ramsing,0,IND,SHIP,MALE,1,57,GENERAL,Post Graduate,"Rs 1,10,000
 ~ 1 Lacs+","Rs 2,00,000
 ~ 2 Lacs+",16778,14,16792,0.820962108,1.240688556,2045405
Maharashtra,BHANDARA - GONDIYA,Sunil Baburao Mendhe,1,BJP,Lotus,MALE,2,50,GENERAL,Others,"Rs 62,75,43,615
 ~ 62 Crore+","Rs 1,98,61,338
 ~ 1 Crore+",646152,4091,650243,35.89417054,52.16370394,1811556
Maharashtra,BHANDARA - GONDIYA,Panchabudhe Nana Jairam,0,NCP,Clock,MALE,0,64,GENERAL,10th Pass,"Rs 5,74,62,818
 ~ 5 Crore+","Rs 20,50,134
 ~ 20 Lacs+",448285,4564,452849,24.99779195,36.32838979,1811556
Maharashtra,BHANDARA - GONDIYA,Dr. Vijaya Rajesh Nandurkar,0,BSP,Elephant,FEMALE,0,37,GENERAL,Graduate Professional,"Rs 3,63,43,297
 ~ 3 Crore+","Rs 36,16,000
 ~ 36 Lacs+",52433,226,52659,2.906838099,4.224403009,1811556
Maharashtra,BHANDARA - GONDIYA,K. N. Nanhe,0,VBA,Cup & Saucer,MALE,0,68,GENERAL,Graduate Professional,"Rs 59,95,146
 ~ 59 Lacs+","Rs 60,000
 ~ 60 Thou+",45587,255,45842,2.530531764,3.677530579,1811556
Maharashtra,BHANDARA - GONDIYA,Patle Rajendra Sahasram,0,IND,Tractor Chalata Kisan,MALE,2,56,GENERAL,Others,"Rs 3,25,13,000
 ~ 3 Crore+","Rs 75,00,000
 ~ 75 Lacs+",13079,66,13145,0.725619302,1.05451637,1811556
Maharashtra,BHIWANDI,KAPIL MORESHWAR PATIL,1,BJP,Lotus,MALE,0,58,GENERAL,Graduate,"Rs 41,88,50,781
 ~ 41 Crore+","Rs 56,45,459
 ~ 56 Lacs+",522032,1551,523583,27.70133855,52.06646745,1890100
Maharashtra,BHIWANDI,TAWARE SURESH KASHINATH,0,INC,Hand,MALE,1,62,GENERAL,12th Pass,"Rs 32,45,22,111
 ~ 32 Crore+","Rs 9,64,774
 ~ 9 Lacs+",366671,583,367254,19.43040051,36.52070147,1890100
Maharashtra,BHIWANDI,PROF. (DR.) ARUN SAVANT,0,VBA,Cup & Saucer,MALE,0,69,GENERAL,Doctorate,"Rs 5,08,83,853
 ~ 5 Crore+","Rs 0
 ~",51259,196,51455,2.722342733,5.116820223,1890100
Maharashtra,BHIWANDI,NITESH RAGHUNATH JADHAV,0,IND,Ring,MALE,2,27,GENERAL,12th Pass,"Rs 8,34,000
 ~ 8 Lacs+","Rs 0
 ~",20675,22,20697,1.095021427,2.058163991,1890100
Maharashtra,BHIWANDI,NOTA,0,NOTA,,,,,,,,,16355,42,16397,0.867520237,1.630560707,1890100
Maharashtra,BULDHANA,Jadhav Prataprao Ganpatrao,1,SHS,Bow and Arrow,MALE,3,58,GENERAL,12th Pass,"Rs 11,62,72,966
 ~ 11 Crore+","Rs 7,35,482
 ~ 7 Lacs+",520537,1440,521977,29.60869422,46.5572434,1762918
Maharashtra,BULDHANA,Dr. Rajendra Bhaskarrav Shingne,0,NCP,Clock,MALE,1,58,GENERAL,Graduate Professional,"Rs 9,53,50,365
 ~ 9 Crore+","Rs 2,19,40,000
 ~ 2 Crore+",388293,397,388690,22.04810434,34.66883587,1762918
Maharashtra,BULDHANA,Siraskar Baliram Bhagwan,0,VBA,Cup & Saucer,MALE,2,57,GENERAL,8th Pass,"Rs 4,38,55,736
 ~ 4 Crore+","Rs 17,30,992
 ~ 17 Lacs+",172306,321,172627,9.792117387,15.39730152,1762918
Maharashtra,CHANDRAPUR,Balubhau alias Suresh Narayan Dhanorkar,1,INC,Hand,MALE,5,43,GENERAL,12th Pass,"Rs 13,74,55,342
 ~ 13 Crore+","Rs 2,27,52,880
 ~ 2 Crore+",557550,1957,559507,29.29067715,45.14024362,1910188
Maharashtra,CHANDRAPUR,Ahir Hansraj Gangaram,0,BJP,Lotus,MALE,0,64,GENERAL,10th Pass,"Rs 1,83,00,860
 ~ 1 Crore+","Rs 45,386
 ~ 45 Thou+",512728,2016,514744,26.94729524,41.52882727,1910188
Maharashtra,CHANDRAPUR,Adv. Rajendra Shriramji Mahadole,0,VBA,Cup & Saucer,MALE,2,48,GENERAL,Graduate Professional,"Rs 1,97,03,000
 ~ 1 Crore+","Rs 69,78,054
 ~ 69 Lacs+",111547,532,112079,5.867432944,9.042377243,1910188
Maharashtra,DHULE,Bhamre Subhash Ramrao,1,BJP,Lotus,MALE,2,66,GENERAL,Post Graduate,"Rs 15,86,51,112
 ~ 15 Crore+","Rs 10,00,000
 ~ 10 Lacs+",610268,3265,613533,32.15290228,56.36095898,1908173
Maharashtra,DHULE,Kunalbaba Rohidas Patil,0,INC,Hand,MALE,1,45,GENERAL,Graduate,"Rs 42,09,66,036
 ~ 42 Crore+","Rs 58,57,84,500
 ~ 58 Crore+",382636,1654,384290,20.13915929,35.30201786,1908173
Maharashtra,DHULE,Nabi Ahmad Ahmad Dulla,0,VBA,Cup & Saucer,MALE,1,46,GENERAL,5th Pass,"Rs 11,76,52,383
 ~ 11 Crore+","Rs 0
 ~",39336,113,39449,2.067370202,3.623902008,1908173
Maharashtra,DINDORI,Dr. Bharati Pravin Pawar,1,BJP,Lotus,FEMALE,0,40,ST,Graduate Professional,"Rs 12,28,85,349
 ~ 12 Crore+","Rs 14,49,572
 ~ 14 Lacs+",565452,2018,567470,32.74616027,49.83481192,1732936
Maharashtra,DINDORI,Dhanraj Haribhau Mahale,0,NCP,Clock,MALE,1,44,ST,12th Pass,"Rs 1,19,89,452
 ~ 1 Crore+","Rs 1,25,18,538
 ~ 1 Crore+",368111,580,368691,21.27551162,32.37818147,1732936
Maharashtra,DINDORI,Gavit Jeeva Pandu,0,CPI(M),"Hammer, Sickle and Star",MALE,7,70,ST,Graduate,"Rs 2,22,28,892
 ~ 2 Crore+","Rs 6,83,365
 ~ 6 Lacs+",109485,85,109570,6.322795533,9.622359494,1732936
Maharashtra,DINDORI,Bapu Kelu Barde,0,VBA,Cup & Saucer,MALE,0,53,ST,10th Pass,"Rs 33,60,369
 ~ 33 Lacs+","Rs 2,20,000
 ~ 2 Lacs+",58749,98,58847,3.395797652,5.167901699,1732936
Maharashtra,GADCHIROLI-CHIMUR,ASHOK MAHADEORAO NETE,1,BJP,Lotus,MALE,0,55,ST,12th Pass,"Rs 5,01,36,369
 ~ 5 Crore+","Rs 1,56,82,840
 ~ 1 Crore+",517722,2246,519968,32.88093964,45.46231904,1581366
Maharashtra,GADCHIROLI-CHIMUR,Dr. NAMDEO DALLUJI USENDI,0,INC,Hand,MALE,0,48,ST,Post Graduate,"Rs 1,62,11,186
 ~ 1 Crore+","Rs 21,53,155
 ~ 21 Lacs+",440386,2056,442442,27.97846925,38.68399471,1581366
Maharashtra,GADCHIROLI-CHIMUR,Dr. RAMESHKUMAR BABURAOJI GAJBE,0,VBA,Cup & Saucer,MALE,0,66,ST,Post Graduate,"Rs 1,07,09,012
 ~ 1 Crore+","Rs 6,00,000
 ~ 6 Lacs+",110736,732,111468,7.048842583,9.745972403,1581366
Maharashtra,GADCHIROLI-CHIMUR,HARICHANDRA NAGOJI MANGAM,0,BSP,Elephant,MALE,0,44,ST,12th Pass,"Rs 50,10,301
 ~ 50 Lacs+","Rs 0
 ~",28006,98,28104,1.777197689,2.457214702,1581366
Maharashtra,GADCHIROLI-CHIMUR,NOTA,0,NOTA,,,,,,,,,24418,181,24599,1.555553869,2.150762328,1581366
Maharashtra,GADCHIROLI-CHIMUR,DEORAO MONBA NANNAWARE,0,APoI,Coat,MALE,0,59,ST,Graduate Professional,"Rs 48,92,338
 ~ 48 Lacs+","Rs 5,50,000
 ~ 5 Lacs+",16090,27,16117,1.01918215,1.409156325,1581366
Maharashtra,HATKANANGLE,Dhairyasheel Sambhajirao Mane,1,SHS,Bow and Arrow,MALE,0,38,GENERAL,Graduate,"Rs 4,77,71,462
 ~ 4 Crore+","Rs 4,15,99,959
 ~ 4 Crore+",582776,3000,585776,32.97257895,46.70094307,1776555
Maharashtra,HATKANANGLE,Raju Anna Shetti,0,SWP,Bat,MALE,15,51,GENERAL,10th Pass,"Rs 2,44,21,392
 ~ 2 Crore+","Rs 7,74,059
 ~ 7 Lacs+",487276,2461,489737,27.56666695,39.04424175,1776555
Maharashtra,HATKANANGLE,Aslam Badshahaji Sayyad,0,VBA,Cup & Saucer,MALE,0,56,GENERAL,5th Pass,"Rs 2,32,11,678
 ~ 2 Crore+","Rs 37,82,280
 ~ 37 Lacs+",123151,268,123419,6.94709705,9.839569549,1776555
Maharashtra,HINGOLI,Hemant Patil,1,SHS,Bow and Arrow,MALE,0,48,GENERAL,Graduate,"Rs 1,85,94,458
 ~ 1 Crore+","Rs 12,99,983
 ~ 12 Lacs+",583392,2920,586312,33.81797271,50.59792003,1733729
Maharashtra,HINGOLI,Wankhede Subhashrao Bapurao,0,INC,Hand,MALE,1,56,GENERAL,10th Pass,"Rs 9,94,63,540
 ~ 9 Crore+","Rs 80,59,000
 ~ 80 Lacs+",306928,1528,308456,17.79147721,26.61932899,1733729
Maharashtra,HINGOLI,Mohan Fattusing Rathod,0,VBA,Key,MALE,0,60,GENERAL,Post Graduate,"Rs 1,10,50,000
 ~ 1 Crore+","Rs 8,00,000
 ~ 8 Lacs+",173388,663,174051,10.03911223,15.02036216,1733729
Maharashtra,HINGOLI,Sandesh Ramchandra Chavan,0,IND,SHIP,MALE,0,44,GENERAL,Post Graduate,"Rs 1,07,000
 ~ 1 Lacs+","Rs 0
 ~",23662,28,23690,1.366418858,2.044414451,1733729
Maharashtra,JALGAON,Unmesh Bhaiyyasaheb Patil,1,BJP,Lotus,MALE,1,40,GENERAL,Graduate Professional,"Rs 1,23,24,604
 ~ 1 Crore+","Rs 25,29,954
 ~ 25 Lacs+",709510,4364,713874,36.96147872,65.35590005,1931400
Maharashtra,JALGAON,Gulabrao Baburao Deokar,0,NCP,Clock,MALE,2,63,GENERAL,10th Pass,"Rs 5,06,52,517
 ~ 5 Crore+","Rs 85,52,661
 ~ 85 Lacs+",299240,3017,302257,15.64963239,27.6719397,1931400
Maharashtra,JALGAON,Anjali Ratnakar Baviskar,0,VBA,Cup & Saucer,FEMALE,0,50,GENERAL,Graduate,"Rs 2,03,88,746
 ~ 2 Crore+","Rs 36,65,000
 ~ 36 Lacs+",37164,202,37366,1.934658797,3.42089579,1931400
Maharashtra,JALNA,Danve Raosaheb Dadarao,0,BJP,Lotus,MALE,2,65,GENERAL,Graduate,"Rs 22,95,57,992
 ~ 22 Crore+","Rs 24,00,000
 ~ 24 Lacs+",694945,3074,698019,37.38279367,57.73065166,1867220
Maharashtra,JALNA,Autade Vilas Keshavrao,0,INC,Hand,MALE,3,50,GENERAL,12th Pass,"Rs 27,82,37,603
 ~ 27 Crore+","Rs 1,56,78,811
 ~ 1 Crore+",364348,856,365204,19.55870224,30.20471493,1867220
Maharashtra,JALNA,Dr. Sharadchandra Wankhede,0,VBA,Whistle,MALE,2,65,GENERAL,Post Graduate,"Rs 2,32,82,500
 ~ 2 Crore+","Rs 0
 ~",76924,234,77158,4.132239372,6.381461852,1867220
Maharashtra,JALNA,NOTA,0,NOTA,,,,,,,,,15550,87,15637,0.837448185,1.293280269,1867220
Maharashtra,KALYAN,Dr. SHRIKANT EKNATH SHINDE,1,SHS,Bow and Arrow,MALE,1,32,GENERAL,Post Graduate,"Rs 1,96,16,515
 ~ 1 Crore+","Rs 12,41,233
 ~ 12 Lacs+",558023,1700,559723,28.47483512,62.84136379,1965676
Maharashtra,KALYAN,BABAJI BALARAM PATIL,0,NCP,Clock,MALE,1,52,GENERAL,10th Pass,"Rs 42,18,63,127
 ~ 42 Crore+","Rs 35,87,200
 ~ 35 Lacs+",215014,366,215380,10.9570448,24.18119844,1965676
Maharashtra,KALYAN,SANJAY HEDAOO,0,VBA,Cup & Saucer,MALE,3,54,GENERAL,12th Pass,"Rs 2,60,000
 ~ 2 Lacs+","Rs 8,14,407
 ~ 8 Lacs+",65362,210,65572,3.335849855,7.361916353,1965676
Maharashtra,KALYAN,NOTA,0,NOTA,,,,,,,,,12975,37,13012,0.661960567,1.460886592,1965676
Maharashtra,KALYAN,RAVINDRA (PINTU) KENE,0,BSP,Elephant,MALE,1,35,GENERAL,10th Pass,"Rs 89,99,137
 ~ 89 Lacs+","Rs 9,05,000
 ~ 9 Lacs+",9604,23,9627,0.489755178,1.080845006,1965676
Maharashtra,KOLHAPUR,Sanjay Sadashivrao Mandlik,1,SHS,Bow and Arrow,MALE,0,54,GENERAL,Post Graduate,"Rs 9,51,71,892
 ~ 9 Crore+","Rs 1,05,80,414
 ~ 1 Crore+",745675,3410,749085,39.8344373,56.21634156,1880496
Maharashtra,KOLHAPUR,Dhananjay Mahadik,0,NCP,Clock,MALE,4,47,GENERAL,Graduate,"Rs 66,31,40,000
 ~ 66 Crore+","Rs 13,54,55,000
 ~ 13 Crore+",476820,1697,478517,25.44631842,35.91111171,1880496
Maharashtra,KOLHAPUR,Dr. Aruna Mohan Mali,0,VBA,Cup & Saucer,FEMALE,1,37,GENERAL,Doctorate,"Rs 9,64,227
 ~ 9 Lacs+","Rs 0
 ~",63251,188,63439,3.373524857,4.760886271,1880496
Maharashtra,LATUR,Sudhakar Tukaram Shrangare,1,BJP,Lotus,MALE,0,57,SC,10th Pass,"Rs 28,64,78,302
 ~ 28 Crore+","Rs 10,02,50,602
 ~ 10 Crore+",657590,3905,661495,35.06175208,56.14983248,1886657
Maharashtra,LATUR,Kamant Machhindra Gunwantrao,0,INC,Hand,MALE,0,59,SC,Post Graduate,"Rs 12,50,45,318
 ~ 12 Crore+","Rs 1,92,68,169
 ~ 1 Crore+",370835,1549,372384,19.73776897,31.60915686,1886657
Maharashtra,LATUR,Ram Garkar,0,VBA,Whistle,MALE,0,59,SC,Post Graduate,"Rs 1,43,23,873
 ~ 1 Crore+","Rs 5,40,000
 ~ 5 Lacs+",111780,475,112255,5.949942146,9.528567027,1886657
Maharashtra,MADHA,Ranjeetsinha Hindurao Naik- Nimbalkar,1,BJP,Lotus,MALE,2,42,GENERAL,12th Pass,"Rs 1,27,51,60,578
 ~ 127 Crore+","Rs 89,63,15,287
 ~ 89 Crore+",583191,3123,586314,30.70391616,48.14443478,1909574
Maharashtra,MADHA,Sanjaymama Vitthalrao Shinde,0,NCP,Clock,MALE,1,50,GENERAL,Graduate,"Rs 49,33,06,415
 ~ 49 Crore+","Rs 11,24,17,440
 ~ 11 Crore+",498441,2109,500550,26.21265266,41.10203207,1909574
Maharashtra,MADHA,Adv. Vijayrao More,0,VBA,Key,MALE,1,78,GENERAL,Graduate Professional,"Rs 1,91,59,126
 ~ 1 Crore+","Rs 16,06,630
 ~ 16 Lacs+",51349,183,51532,2.698612361,4.231485199,1909574
Maharashtra,MADHA,Daulat Umaji Shitole,0,IND,Tent,MALE,0,43,GENERAL,Literate,"Rs 6,25,12,874
 ~ 6 Crore+","Rs 11,29,81,121
 ~ 11 Crore+",12859,10,12869,0.673919942,1.056721708,1909574
Maharashtra,MAVAL,SHRIRANG APPA CHANDU BARNE,1,SHS,Bow and Arrow,MALE,3,55,GENERAL,8th Pass,"Rs 1,02,33,10,134
 ~ 102 Crore+","Rs 4,16,612
 ~ 4 Lacs+",718950,1713,720663,31.35935215,52.62403465,2298080
Maharashtra,MAVAL,PARTH AJIT PAWAR,0,NCP,Clock,MALE,0,29,GENERAL,Graduate,"Rs 20,12,39,333
 ~ 20 Crore+","Rs 9,36,13,295
 ~ 9 Crore+",503375,1375,504750,21.96398733,36.85770116,2298080
Maharashtra,MAVAL,RAJARAM NARAYAN PATIL,0,VBA,Cup & Saucer,MALE,0,47,GENERAL,Others,"Rs 65,25,572
 ~ 65 Lacs+","Rs 5,34,788
 ~ 5 Lacs+",75713,191,75904,3.302931143,5.542638829,2298080
Maharashtra,MAVAL,NOTA,0,NOTA,,,,,,,,,15747,32,15779,0.686616654,1.152209344,2298080
Maharashtra,MUMBAI NORTH,Gopal Shetty,1,BJP,Lotus,MALE,9,65,GENERAL,5th Pass,"Rs 15,75,35,232
 ~ 15 Crore+","Rs 2,11,36,135
 ~ 2 Crore+",705555,1123,706678,42.89786627,71.38435617,1647350
Maharashtra,MUMBAI NORTH,Urmila Matondkar,0,INC,Hand,FEMALE,0,48,GENERAL,12th Pass,"Rs 68,90,63,226
 ~ 68 Crore+","Rs 18,94,201
 ~ 18 Lacs+",240956,475,241431,14.65571979,24.3879058,1647350
Maharashtra,MUMBAI NORTH,Thorat Sunil Uttamrao,0,VBA,Cup & Saucer,MALE,0,48,SC,Graduate,"Rs 8,90,000
 ~ 8 Lacs+","Rs 60,000
 ~ 60 Thou+",15629,62,15691,0.952499469,1.585010334,1647350
Maharashtra,MUMBAI NORTH,NOTA,0,NOTA,,,,,,,,,11941,25,11966,0.726378729,1.208733265,1647350
Maharashtra,MUMBAI NORTH CENTRAL,POONAM MAHAJAN,1,BJP,Lotus,FEMALE,2,38,GENERAL,Others,"Rs 2,22,42,513
 ~ 2 Crore+","Rs 0
 ~",485815,857,486672,28.97045106,53.96691273,1679891
Maharashtra,MUMBAI NORTH CENTRAL,DUTT PRIYA SUNIL,0,INC,Hand,FEMALE,0,52,GENERAL,Graduate,"Rs 96,20,96,603
 ~ 96 Crore+","Rs 3,60,57,947
 ~ 3 Crore+",356298,369,356667,21.2315561,39.55069711,1679891
Maharashtra,MUMBAI NORTH CENTRAL,ABDUR REHMAN ANJARIA,0,VBA,Cup & Saucer,MALE,0,46,GENERAL,Doctorate,"Rs 10,00,402
 ~ 10 Lacs+","Rs 17,09,730
 ~ 17 Lacs+",33626,77,33703,2.006261121,3.737315604,1679891
Maharashtra,MUMBAI NORTH CENTRAL,NOTA,0,NOTA,,,,,,,,,10647,22,10669,0.63510073,1.183082224,1679891
Maharashtra,MUMBAI NORTH EAST,Manoj Kotak,1,BJP,Lotus,MALE,2,46,GENERAL,10th Pass,"Rs 5,46,61,944
 ~ 5 Crore+","Rs 20,48,000
 ~ 20 Lacs+",513579,1020,514599,32.39134307,56.60028091,1588693
Maharashtra,MUMBAI NORTH EAST,Patil Sanjay Dina,0,NCP,Clock,MALE,1,50,GENERAL,Graduate,"Rs 2,61,09,673
 ~ 2 Crore+","Rs 0
 ~",287555,558,288113,18.13522185,31.68928959,1588693
Maharashtra,MUMBAI NORTH EAST,Niharika Prakashchandra Khondalay,0,VBA,Cup & Saucer,FEMALE,0,50,GENERAL,Graduate,"Rs 29,27,285
 ~ 29 Lacs+","Rs 32,490
 ~ 32 Thou+",68089,150,68239,4.29529179,7.5055462,1588693
Maharashtra,MUMBAI NORTH EAST,NOTA,0,NOTA,,,,,,,,,12446,20,12466,0.784670166,1.371124122,1588693
Maharashtra,MUMBAI NORTH WEST,Gajanan Kirtikar,1,SHS,Bow and Arrow,MALE,0,75,GENERAL,Graduate,"Rs 10,53,92,000
 ~ 10 Crore+","Rs 40,32,000
 ~ 40 Lacs+",569018,1045,570063,32.90857104,60.52710093,1732263
Maharashtra,MUMBAI NORTH WEST,Sanjay Nirupam,0,INC,Hand,MALE,11,54,GENERAL,Graduate,"Rs 12,20,93,505
 ~ 12 Crore+","Rs 83,99,569
 ~ 83 Lacs+",309517,218,309735,17.88036805,32.88647326,1732263
Maharashtra,MUMBAI NORTH WEST,Suresh Sundar Shetty,0,VBA,Cup & Saucer,MALE,0,46,GENERAL,8th Pass,"Rs 9,54,52,500
 ~ 9 Crore+","Rs 43,42,000
 ~ 43 Lacs+",23367,55,23422,1.352104155,2.486858046,1732263
Maharashtra,MUMBAI NORTH WEST,NOTA,0,NOTA,,,,,,,,,18185,40,18225,1.052091974,1.935060536,1732263
Maharashtra,MUMBAI SOUTH,Arvind Ganpat Sawant,1,SHS,Bow and Arrow,MALE,1,67,GENERAL,Graduate,"Rs 2,71,81,577
 ~ 2 Crore+","Rs 0
 ~",420530,1407,421937,27.14859836,52.62378726,1554176
Maharashtra,MUMBAI SOUTH,Deora Milind Murli,0,INC,Hand,MALE,0,43,GENERAL,Graduate,"Rs 79,32,00,422
 ~ 79 Crore+","Rs 4,96,81,435
 ~ 4 Crore+",321362,508,321870,20.71000968,40.14347736,1554176
Maharashtra,MUMBAI SOUTH,Dr. Anil Kumar,0,VBA,Cup & Saucer,MALE,0,68,GENERAL,Others,"Rs 10,11,00,914
 ~ 10 Crore+","Rs 9,92,020
 ~ 9 Lacs+",30213,135,30348,1.952674601,3.784988507,1554176
Maharashtra,MUMBAI SOUTH,NOTA,0,NOTA,,,,,,,,,15071,44,15115,0.972541076,1.885135801,1554176
Maharashtra,MUMBAI SOUTH CENTRAL,Rahul Ramesh Shewale,1,SHS,Bow & Arrow,MALE,0,47,SC,Others,"Rs 1,88,81,363
 ~ 1 Crore+","Rs 77,78,954
 ~ 77 Lacs+",423743,1170,424913,29.50006248,53.2537163,1440380
Maharashtra,MUMBAI SOUTH CENTRAL,Eknath M. Gaikwad,0,INC,Hand,MALE,0,79,GENERAL,10th Pass,"Rs 21,89,52,482
 ~ 21 Crore+","Rs 2,55,90,000
 ~ 2 Crore+",272393,381,272774,18.93764146,34.186361,1440380
Maharashtra,MUMBAI SOUTH CENTRAL,Bhosale Sanjay Sushil,0,VBA,Cup & Saucer,MALE,3,51,GENERAL,Graduate Professional,"Rs 1,25,06,24,308
 ~ 125 Crore+","Rs 23,76,60,077
 ~ 23 Crore+",63256,156,63412,4.402449354,7.947331944,1440380
Maharashtra,MUMBAI SOUTH CENTRAL,NOTA,0,NOTA,,,,,,,,,13795,39,13834,0.960440995,1.733794709,1440380
Maharashtra,MUMBAI SOUTH CENTRAL,Ahmed Shakil Sagir Ahmed Shaikh,0,BSP,Elephant,MALE,1,41,GENERAL,5th Pass,"Rs 36,47,388
 ~ 36 Lacs+","Rs 0
 ~",8623,12,8635,0.599494578,1.082211748,1440380
Maharashtra,NAGPUR,NITIN JAIRAM GADKARI,1,BJP,Lotus,MALE,4,62,GENERAL,Graduate Professional,"Rs 18,79,16,075
 ~ 18 Crore+","Rs 4,07,29,055
 ~ 4 Crore+",657624,2597,660221,30.5502856,55.61090451,2161096
Maharashtra,NAGPUR,NANA PATOLE,0,INC,Hand,MALE,4,56,GENERAL,12th Pass,"Rs 2,21,60,504
 ~ 2 Crore+","Rs 11,55,060
 ~ 11 Lacs+",442765,1447,444212,20.55494064,37.41630623,2161096
Maharashtra,NAGPUR,MOHAMMAD JAMAL,0,BSP,Elephant,MALE,0,47,GENERAL,10th Pass,"Rs 1,75,000
 ~ 1 Lacs+","Rs 0
 ~",31654,71,31725,1.468005123,2.67222028,2161096
Maharashtra,NAGPUR,MANOHAR Alias SAGAR PUNDLIKRAO DABRASE,0,VBA,Cup & Saucer,MALE,0,47,SC,Graduate,"Rs 41,97,060
 ~ 41 Lacs+","Rs 0
 ~",25993,135,26128,1.209016166,2.200780819,2161096
Maharashtra,NANDED,Prataprao Patil Chikhalikar,1,BJP,Lotus,MALE,0,57,GENERAL,12th Pass,"Rs 5,21,78,606
 ~ 5 Crore+","Rs 5,94,000
 ~ 5 Lacs+",482148,4658,486806,28.31383534,43.1006975,1719322
Maharashtra,NANDED,Ashok Shankarrao Chavan,0,INC,Hand,MALE,3,60,GENERAL,Post Graduate,"Rs 50,00,37,964
 ~ 50 Crore+","Rs 4,85,25,290
 ~ 4 Crore+",442138,4520,446658,25.97872882,39.54608477,1719322
Maharashtra,NANDED,Bhinge Yashpal Narsingrao,0,VBA,Cup & Saucer,MALE,0,42,GENERAL,Doctorate,"Rs 88,17,999
 ~ 88 Lacs+","Rs 20,50,000
 ~ 20 Lacs+",165341,855,166196,9.666368487,14.71461634,1719322
Maharashtra,NANDURBAR,Dr. Heena Vijaykumar Gavit,1,BJP,Lotus,FEMALE,0,31,ST,Post Graduate,"Rs 27,16,34,532
 ~ 27 Crore+","Rs 1,52,91,251
 ~ 1 Crore+",637226,1910,639136,34.15832086,49.7557892,1871099
Maharashtra,NANDURBAR,Adv. K. C. Padavi,0,INC,Hand,MALE,0,61,ST,Post Graduate,"Rs 4,52,36,068
 ~ 4 Crore+","Rs 32,37,933
 ~ 32 Lacs+",541930,1577,543507,29.04747424,42.31121346,1871099
Maharashtra,NANDURBAR,Anturlikar Sushil Suresh,0,VBA,Cup & Saucer,MALE,0,33,ST,Post Graduate,"Rs 70,30,314
 ~ 70 Lacs+","Rs 35,00,000
 ~ 35 Lacs+",25594,108,25702,1.373631219,2.000862562,1871099
Maharashtra,NANDURBAR,NOTA,0,NOTA,,,,,,,,,21902,23,21925,1.171771242,1.706828716,1871099
Maharashtra,NANDURBAR,Dr. Natawadkar Suhas Jayant,0,IND,Bat,MALE,0,58,ST,Graduate Professional,"Rs 4,25,04,576
 ~ 4 Crore+","Rs 59,33,112
 ~ 59 Lacs+",13722,98,13820,0.738603356,1.075866493,1871099
Maharashtra,NASHIK,Godse Hemant Tukaram,1,SHS,Bow and Arrow,MALE,1,48,GENERAL,Others,"Rs 14,68,69,996
 ~ 14 Crore+","Rs 4,10,83,126
 ~ 4 Crore+",562034,1565,563599,29.89813608,50.22752145,1885064
Maharashtra,NASHIK,Sameer Magan Bhujbal,0,NCP,Clock,MALE,16,45,GENERAL,10th Pass,"Rs 65,46,59,863
 ~ 65 Crore+","Rs 13,04,81,204
 ~ 13 Crore+",270854,541,271395,14.39712392,24.18651947,1885064
Maharashtra,NASHIK,Adv. Kokate Manikrao Shivajirao,0,IND,Tractor Chalata Kisan,MALE,1,61,GENERAL,Graduate Professional,"Rs 21,44,14,506
 ~ 21 Crore+","Rs 4,67,37,153
 ~ 4 Crore+",134229,298,134527,7.136468576,11.98894565,1885064
Maharashtra,NASHIK,Pavan Chandrakant Pawar,0,VBA,Cup & Saucer,MALE,8,38,GENERAL,Others,"Rs 90,91,869
 ~ 90 Lacs+","Rs 0
 ~",109836,145,109981,5.83433772,9.801424482,1885064
Maharashtra,OSMANABAD,Omprakash Bhupalsinh Alias Pawan Rajenimbalkar,1,SHS,Bow and Arrow,MALE,4,35,GENERAL,12th Pass,"Rs 5,02,99,295
 ~ 5 Crore+","Rs 1,00,45,858
 ~ 1 Crore+",591605,5035,596640,31.57259729,49.52059706,1889740
Maharashtra,OSMANABAD,Ranajagjitsinha Padmasinha Patil,0,NCP,Clock,MALE,4,47,GENERAL,Graduate Professional,"Rs 41,20,22,397
 ~ 41 Crore+","Rs 10,13,27,317
 ~ 10 Crore+",464747,4327,469074,24.82214485,38.93273087,1889740
Maharashtra,OSMANABAD,Arjun (Dada) Salgar,0,VBA,Cup & Saucer,MALE,3,39,GENERAL,8th Pass,"Rs 45,000
 ~ 45 Thou+","Rs 11,00,000
 ~ 11 Lacs+",98108,471,98579,5.216537725,8.181970598,1889740
Maharashtra,PALGHAR,Rajendra Dhedya Gavit,1,SHS,Bow and Arrow,MALE,0,51,ST,Graduate,"Rs 8,76,16,920
 ~ 8 Crore+","Rs 3,02,23,375
 ~ 3 Crore+",579989,490,580479,30.78484302,48.28484849,1885600
Maharashtra,PALGHAR,Baliram Sukur Jadhav,0,BVA,Auto- Rickshaw,MALE,3,63,ST,8th Pass,"Rs 2,02,85,716
 ~ 2 Crore+","Rs 0
 ~",491391,205,491596,26.07106491,40.89146787,1885600
Maharashtra,PALGHAR,NOTA,0,NOTA,,,,,,,,,29463,16,29479,1.563375053,2.452093958,1885600
Maharashtra,PALGHAR,Dattaram Jayram Karbat,0,IND,BUCKET,MALE,1,55,ST,8th Pass,"Rs 7,52,000
 ~ 7 Lacs+","Rs 0
 ~",13921,11,13932,0.738862961,1.158878287,1885600
Maharashtra,PALGHAR,Suresh Arjun Padavi,0,VBA,Key,MALE,2,34,ST,5th Pass,"Rs 57,90,689
 ~ 57 Lacs+","Rs 0
 ~",13715,13,13728,0.728044124,1.141909354,1885600
Maharashtra,PALGHAR,Sanjay Laxman Tambda,0,BSP,Elephant,MALE,0,43,ST,8th Pass,"Rs 8,40,700
 ~ 8 Lacs+","Rs 0
 ~",13439,7,13446,0.713088672,1.1184523,1885600
Maharashtra,PARBHANI,JADHAV SANJAY (BANDU) HARIBHAU,1,SHS,Bow and Arrow,MALE,6,52,GENERAL,10th Pass,"Rs 4,10,40,011
 ~ 4 Crore+","Rs 45,19,583
 ~ 45 Lacs+",538214,727,538941,27.14756189,43.0088932,1985228
Maharashtra,PARBHANI,RAJESH UTTAMRAO VITEKAR,0,NCP,Clock,MALE,0,39,GENERAL,Graduate,"Rs 5,26,28,119
 ~ 5 Crore+","Rs 46,78,811
 ~ 46 Lacs+",496372,370,496742,25.02191184,39.64130327,1985228
Maharashtra,PARBHANI,ALAMGIR MOHD. KHAN,0,VBA,Cup & Saucer,MALE,1,37,GENERAL,Graduate,"Rs 1,94,10,000
 ~ 1 Crore+","Rs 0
 ~",149834,112,149946,7.553087101,11.9660807,1985228
Maharashtra,PARBHANI,COM. RAJAN KSHIRSAGAR,0,CPI(M),Ears of Corn And Sickle,MALE,15,52,GENERAL,Graduate,"Rs 58,54,206
 ~ 58 Lacs+","Rs 9,90,000
 ~ 9 Lacs+",17085,10,17095,0.86111016,1.364225452,1985228
Maharashtra,PUNE,Girish Bhalchandra Bapat,1,BJP,Lotus,MALE,1,68,GENERAL,Graduate,"Rs 5,79,59,302
 ~ 5 Crore+","Rs 17,93,891
 ~ 17 Lacs+",631875,960,632835,30.48596605,61.10486707,2075824
Maharashtra,PUNE,Mohan Joshi,0,INC,Hand,MALE,6,62,GENERAL,10th Pass,"Rs 6,76,24,702
 ~ 6 Crore+","Rs 3,52,12,523
 ~ 3 Crore+",307870,337,308207,14.84745335,29.75964946,2075824
Maharashtra,PUNE,Anil Narayan Jadhav,0,VBA,Cup & Saucer,MALE,1,35,GENERAL,12th Pass,"Rs 1,87,03,428
 ~ 1 Crore+","Rs 0
 ~",64734,59,64793,3.121314716,6.256240018,2075824
Maharashtra,PUNE,NOTA,0,NOTA,,,,,,,,,10972,29,11001,0.529958224,1.062227346,2075824
Maharashtra,RAIGAD,Tatkare Sunil Dattatray,1,NCP,Clock,MALE,0,64,GENERAL,Others,"Rs 12,74,87,277
 ~ 12 Crore+","Rs 32,21,073
 ~ 32 Lacs+",484563,2405,486968,29.4602729,47.38965125,1652965
Maharashtra,RAIGAD,Anant Geete,0,SHS,Bow and Arrow,MALE,0,67,GENERAL,10th Pass,"Rs 5,44,22,110
 ~ 5 Crore+","Rs 2,13,41,268
 ~ 2 Crore+",452942,2588,455530,27.55835725,44.33023902,1652965
Maharashtra,RAIGAD,Suman Bhaskar Koli,0,VBA,Cup & Saucer,FEMALE,0,61,GENERAL,5th Pass,"Rs 1,10,42,707
 ~ 1 Crore+","Rs 5,19,330
 ~ 5 Lacs+",23042,154,23196,1.403296501,2.257335904,1652965
Maharashtra,RAIGAD,Subhash Janardan Patil,0,IND,Air Conditioner,MALE,0,50,GENERAL,10th Pass,"Rs 28,62,500
 ~ 28 Lacs+","Rs 0
 ~",12264,1,12265,0.741999982,1.19357755,1652965
Maharashtra,RAIGAD,NOTA,0,NOTA,,,,,,,,,11435,55,11490,0.695114537,1.118157852,1652965
Maharashtra,RAMTEK,Krupal Balaji Tumane,1,SHS,Bow and Arrow,MALE,0,53,SC,Graduate,"Rs 9,56,03,165
 ~ 9 Crore+","Rs 42,28,793
 ~ 42 Lacs+",594827,2299,597126,31.05560537,49.85168704,1922764
Maharashtra,RAMTEK,Kishore Uttamrao Gajbhiye,0,INC,Hand,MALE,0,61,SC,Post Graduate,"Rs 7,61,90,424
 ~ 7 Crore+","Rs 2,59,920
 ~ 2 Lacs+",468738,1605,470343,24.46181643,39.26707603,1922764
Maharashtra,RAMTEK,Subhash Dharamdas Gajbhiye,0,BSP,Elephant,MALE,0,29,SC,10th Pass,"Rs 9,50,000
 ~ 9 Lacs+","Rs 0
 ~",44242,85,44327,2.305379131,3.700685838,1922764
Maharashtra,RAMTEK,Kiran Premkumar Rodge (Patankar),0,VBA,Cup & Saucer,FEMALE,0,58,SC,Literate,"Rs 81,00,000
 ~ 81 Lacs+","Rs 0
 ~",36218,122,36340,1.889987539,3.033882811,1922764
Maharashtra,RATNAGIRI - SINDHUDURG,Vinayak Raut,1,SHS,Bow and Arrow,MALE,3,65,GENERAL,Post Graduate,"Rs 5,06,60,534
 ~ 5 Crore+","Rs 28,30,000
 ~ 28 Lacs+",456013,2009,458022,31.46669671,50.75851522,1455577
Maharashtra,RATNAGIRI - SINDHUDURG,Nilesh Narayan Rane,0,MSHP,Refrigerator,MALE,5,38,GENERAL,Doctorate,"Rs 25,41,41,202
 ~ 25 Crore+","Rs 7,63,63,728
 ~ 7 Crore+",278626,1074,279700,19.21574743,30.99666983,1455577
Maharashtra,RATNAGIRI - SINDHUDURG,Navinchandra Bhalchandra Bandivadekar,0,INC,Hand,MALE,0,62,GENERAL,10th Pass,"Rs 12,45,20,857
 ~ 12 Crore+","Rs 1,68,20,672
 ~ 1 Crore+",63013,286,63299,4.348722191,7.014866654,1455577
Maharashtra,RATNAGIRI - SINDHUDURG,Maruti Ramchandra Joshi,0,VBA,Whistle,MALE,0,74,GENERAL,8th Pass,"Rs 34,93,826
 ~ 34 Lacs+","Rs 0
 ~",30639,243,30882,2.121632864,3.422378111,1455577
Maharashtra,RATNAGIRI - SINDHUDURG,Nilesh Bhikaji Bhatade,0,IND,Almirah,MALE,0,28,GENERAL,Graduate,"Rs 3,16,000
 ~ 3 Lacs+","Rs 0
 ~",17667,1,17668,1.213814178,1.95798771,1455577
Maharashtra,RATNAGIRI - SINDHUDURG,NOTA,0,NOTA,,,,,,,,,13715,62,13777,0.946497506,1.526782696,1455577
Maharashtra,RATNAGIRI - SINDHUDURG,Rajesh Dilipkumar Jadhav,0,BARESP,Air Conditioner,MALE,0,32,SC,Graduate,"Rs 2,02,000
 ~ 2 Lacs+","Rs 0
 ~",9563,2,9565,0.657127723,1.0600041,1455577
Maharashtra,RAVER,Khadse Raksha Nikhil,1,BJP,Lotus,FEMALE,0,31,GENERAL,Graduate,"Rs 17,27,13,734
 ~ 17 Crore+","Rs 0
 ~",652212,3174,655386,36.92209407,59.77012543,1775051
Maharashtra,RAVER,Dr.Ulhas Vasudeo Patil,0,INC,Hand,MALE,1,59,GENERAL,Post Graduate,"Rs 19,85,03,281
 ~ 19 Crore+","Rs 45,08,413
 ~ 45 Lacs+",318740,764,319504,17.99970818,29.13823938,1775051
Maharashtra,RAVER,Nitin Pralhad Kandelkar,0,VBA,Cup & Saucer,MALE,0,39,GENERAL,12th Pass,"Rs 89,01,000
 ~ 89 Lacs+","Rs 44,50,000
 ~ 44 Lacs+",88108,257,88365,4.978166825,8.058742685,1775051
Maharashtra,SANGLI,Sanjaykaka Patil,1,BJP,Lotus,MALE,1,54,GENERAL,10th Pass,"Rs 19,11,92,187
 ~ 19 Crore+","Rs 2,33,45,328
 ~ 2 Crore+",503615,5380,508995,28.13512066,42.68047772,1809109
Maharashtra,SANGLI,Vishal Prakashbapu Patil,0,SWP,Bat,MALE,3,38,GENERAL,Graduate,"Rs 21,71,56,936
 ~ 21 Crore+","Rs 10,30,62,594
 ~ 10 Crore+",342016,2627,344643,19.05042759,28.89915988,1809109
Maharashtra,SANGLI,Gopichand Kundlik Padalkar,0,VBA,Cup & Saucer,MALE,5,36,GENERAL,12th Pass,"Rs 1,03,72,000
 ~ 1 Crore+","Rs 42,000
 ~ 42 Thou+",297349,2885,300234,16.59568329,25.17535644,1809109
Maharashtra,SATARA,SHRIMANT CHH. UDAYANRAJE PRATAPSINHMAHARAJ BHONSLE,1,NCP,Clock,MALE,8,53,GENERAL,12th Pass,"Rs 1,99,68,13,173
 ~ 199 Crore+","Rs 1,23,40,338
 ~ 1 Crore+",576078,2948,579026,31.32428703,51.80249374,1848489
Maharashtra,SATARA,NARENDRA ANNASAHEB PATIL,0,SHS,Bow and Arrow,MALE,4,44,GENERAL,12th Pass,"Rs 15,28,01,213
 ~ 15 Crore+","Rs 5,19,54,358
 ~ 5 Crore+",449661,2837,452498,24.47934502,40.48268094,1848489
Maharashtra,SATARA,SAHADEO KERAPPA AIWALE,0,VBA,Cup & Saucer,MALE,0,63,SC,Graduate Professional,"Rs 14,27,313
 ~ 14 Lacs+","Rs 4,00,000
 ~ 4 Lacs+",40563,110,40673,2.200337681,3.638805214,1848489
Maharashtra,SHIRDI,SADASHIV KISAN LOKHANDE,1,SHS,Bow and Arrow,MALE,1,56,SC,10th Pass,"Rs 11,37,10,526
 ~ 11 Crore+","Rs 2,05,100
 ~ 2 Lacs+",483449,3371,486820,30.67396141,47.24105339,1587079
Maharashtra,SHIRDI,KAMBLE BHAUSAHEB MALHARI,0,INC,Hand,MALE,1,64,SC,Others,"Rs 2,64,19,995
 ~ 2 Crore+","Rs 19,35,504
 ~ 19 Lacs+",364113,2512,366625,23.1006144,35.57732057,1587079
Maharashtra,SHIRDI,SANJAY LAXMAN SUKHDAN,0,VBA,Cup & Saucer,MALE,2,39,SC,Graduate,"Rs 2,40,86,176
 ~ 2 Crore+","Rs 88,10,000
 ~ 88 Lacs+",62952,335,63287,3.987640187,6.141375757,1587079
Maharashtra,SHIRDI,WAKCHAURE BHAUSAHEB RAJARAM,0,IND,Ganna Kisan,MALE,0,69,SC,Graduate Professional,"Rs 8,94,93,665
 ~ 8 Crore+","Rs 61,41,795
 ~ 61 Lacs+",35085,441,35526,2.238451898,3.447446002,1587079
Maharashtra,SHIRDI,Adv. BANSI BHAURAO SATPUTE,0,CPI(M),Ears of Corn And Sickle,MALE,1,58,SC,Graduate Professional,"Rs 1,36,05,985
 ~ 1 Crore+","Rs 16,22,993
 ~ 16 Lacs+",20264,36,20300,1.279079365,1.969913693,1587079
Maharashtra,SHIRDI,PRADIP SUNIL SARODE,0,IND,Whistle,MALE,9,32,SC,12th Pass,"Rs 1,13,801
 ~ 1 Lacs+","Rs 0
 ~",12923,23,12946,0.815712387,1.256280919,1587079
Maharashtra,SHIRUR,Dr. Amol Ramsing Kolhe,1,NCP,Clock,MALE,0,38,GENERAL,Graduate Professional,"Rs 4,33,51,521
 ~ 4 Crore+","Rs 14,88,116
 ~ 14 Lacs+",634554,1276,635830,29.22645481,49.16889313,2175529
Maharashtra,SHIRUR,Adhalrao Shivaji Dattatrey,0,SHS,Bow and Arrow,MALE,10,64,GENERAL,Others,"Rs 29,01,65,511
 ~ 29 Crore+","Rs 4,98,98,166
 ~ 4 Crore+",576002,1345,577347,26.53823507,44.6463881,2175529
Maharashtra,SHIRUR,Ovhal Rahul,0,VBA,Cup & Saucer,MALE,2,36,GENERAL,8th Pass,"Rs 11,99,794
 ~ 11 Lacs+","Rs 60,000
 ~ 60 Thou+",38028,42,38070,1.749919215,2.943962634,2175529
Maharashtra,SOLAPUR,SHRI. SHA. BRA. DR. JAI SIDHESHWAR SHIVACHARY MAHASWAMIJI,1,BJP,Lotus,MALE,0,63,SC,Graduate,"Rs 2,78,70,079
 ~ 2 Crore+","Rs 0
 ~",523352,1633,524985,28.35221915,48.32585258,1851654
Maharashtra,SOLAPUR,SHINDE SUSHILKUMAR SAMBHAJIRAO,0,INC,Hand,MALE,0,77,SC,Graduate Professional,"Rs 38,03,58,711
 ~ 38 Crore+","Rs 47,50,000
 ~ 47 Lacs+",365274,1103,366377,19.78647199,33.7256891,1851654
Maharashtra,SOLAPUR,AMBEDKAR PRAKASH YASHVANT,0,VBA,Cup & Saucer,MALE,0,64,SC,Graduate Professional,"Rs 5,87,22,916
 ~ 5 Crore+","Rs 0
 ~",169523,484,170007,9.181358936,15.64946279,1851654
Maharashtra,THANE,RAJAN BABURAO VICHARE,1,SHS,Bow and Arrow,MALE,9,57,GENERAL,12th Pass,"Rs 18,14,41,465
 ~ 18 Crore+","Rs 5,40,80,733
 ~ 5 Crore+",738618,2351,740969,31.25260713,63.27822233,2370903
Maharashtra,THANE,ANAND PRAKASH PARANJPE,0,NCP,Clock,MALE,11,46,GENERAL,Post Graduate,"Rs 11,72,77,230
 ~ 11 Crore+","Rs 5,21,83,748
 ~ 5 Crore+",328088,736,328824,13.86914606,28.08133428,2370903
Maharashtra,THANE,MALLIKARJUN SAIBANNA PUJARI,0,VBA,Cup & Saucer,MALE,0,47,GENERAL,Literate,"Rs 47,000
 ~ 47 Thou+","Rs 1,30,97,861
 ~ 1 Crore+",47260,172,47432,2.000587962,4.050658855,2370903
Maharashtra,THANE,NOTA,0,NOTA,,,,,,,,,20365,61,20426,0.861528287,1.744365782,2370903
Maharashtra,WARDHA,Ramdas Chandrabhanji Tadas,1,BJP,Lotus,MALE,0,65,GENERAL,10th Pass,"Rs 6,58,07,822
 ~ 6 Crore+","Rs 89,61,387
 ~ 89 Lacs+",575488,2876,578364,33.17671313,53.91882028,1743283
Maharashtra,WARDHA,Charulata Rao Tokas,0,INC,Hand,FEMALE,0,53,GENERAL,Graduate Professional,"Rs 13,61,23,032
 ~ 13 Crore+","Rs 0
 ~",389243,1930,391173,22.43886965,36.4676686,1743283
Maharashtra,WARDHA,Dhanraj Kothiramji Wanjari,0,VBA,Whistle,MALE,1,63,GENERAL,Post Graduate,"Rs 9,76,29,000
 ~ 9 Crore+","Rs 0
 ~",36149,303,36452,2.090997274,3.398290413,1743283
Maharashtra,WARDHA,Agrawal Shaileshkumar Premkishorji,0,BSP,Elephant,MALE,1,37,GENERAL,Post Graduate,"Rs 13,51,49,000
 ~ 13 Crore+","Rs 20,98,380
 ~ 20 Lacs+",36296,127,36423,2.089333746,3.395586846,1743283
Maharashtra,YAVATMAL-WASHIM,Bhavana Pundlikrao Gawali,1,SHS,Bow and Arrow,FEMALE,3,46,GENERAL,Graduate,"Rs 9,68,73,189
 ~ 9 Crore+","Rs 73,96,250
 ~ 73 Lacs+",540104,1994,542098,28.29048343,46.14291162,1916185
Maharashtra,YAVATMAL-WASHIM,Thakre Manikrao Govindrao,0,INC,Hand,MALE,0,64,GENERAL,12th Pass,"Rs 3,03,03,524
 ~ 3 Crore+","Rs 12,92,750
 ~ 12 Lacs+",422497,1662,424159,22.13559755,36.10404622,1916185
Maharashtra,YAVATMAL-WASHIM,Pravin Govind Pawar,0,VBA,Cup & Saucer,MALE,0,37,GENERAL,Graduate Professional,"Rs 4,68,66,958
 ~ 4 Crore+","Rs 6,58,47,040
 ~ 6 Crore+",93918,310,94228,4.917479262,8.02060564,1916185
Maharashtra,YAVATMAL-WASHIM,Parashram Bhaosing Ade,0,IND,Tractor Chalata Kisan,MALE,0,64,GENERAL,Post Graduate,"Rs 18,73,01,769
 ~ 18 Crore+","Rs 4,17,919
 ~ 4 Lacs+",24447,52,24499,1.278529996,2.085333633,1916185
Maharashtra,YAVATMAL-WASHIM,Vaishali Sudhakar Yede,0,PHJSP,Whistle,FEMALE,0,28,GENERAL,10th Pass,"Rs 11,68,500
 ~ 11 Lacs+","Rs 9,000
 ~ 9 Thou+",20563,57,20620,1.076096515,1.755156517,1916185
Maharashtra,YAVATMAL-WASHIM,Anil Jayram Rathod,0,IND,SHIP,MALE,0,43,GENERAL,Post Graduate,"Rs 48,90,000
 ~ 48 Lacs+","Rs 10,20,000
 ~ 10 Lacs+",14661,25,14686,0.766418691,1.250059583,1916185
