STATE,CONSTITUENCY,NAME,WINNER,PARTY,SYMBOL,GENDER,"CRIMINAL
CASES",AGE,CATEGORY,EDUCATION,ASSETS,LIABILITIES,"GENERAL
VOTES","POSTAL
VOTES","TOTAL
VOTES","OVER TOTAL ELECTORS 
IN CONSTITUENCY","OVER TOTAL VOTES POLLED 
IN CONSTITUENCY",TOTAL ELECTORS
Manipur,INNER MANIPUR,DR RAJKUMAR RANJAN SINGH,1,BJP,Lotus,MALE,0,67,GENERAL,Doctorate,"Rs 1,96,16,174
 ~ 1 Crore+","Rs 0
 ~",261802,1830,263632,28.12182654,34.66762048,937464
Manipur,INNER MANIPUR,OINAM NABAKISHORE SINGH,0,INC,Hand,MALE,1,59,GENERAL,Post Graduate,"Rs 1,78,67,003
 ~ 1 Crore+","Rs 14,01,257
 ~ 14 Lacs+",244972,905,245877,26.22788715,32.33283714,937464
Manipur,INNER MANIPUR,MOIRANGTHEM NARA SINGH,0,CPI(M),Ears of Corn And Sickle,MALE,0,69,GENERAL,Graduate Professional,"Rs 35,58,822
 ~ 35 Lacs+","Rs 55,89,692
 ~ 55 Lacs+",133093,720,133813,14.27393479,17.59641583,937464
Manipur,INNER MANIPUR,RAJKUMAR SOMENDRO SINGH (KAIKU),0,IND,SHIP,MALE,0,40,GENERAL,10th Pass,"Rs 30,02,505
 ~ 30 Lacs+","Rs 6,30,405
 ~ 6 Lacs+",80566,1068,81634,8.707961052,10.73487486,937464
Manipur,INNER MANIPUR,R.K. ANAND,0,NEINDP,Walking Stick,MALE,0,59,GENERAL,Graduate Professional,"Rs 52,66,941
 ~ 52 Lacs+","Rs 29,63,600
 ~ 29 Lacs+",24938,72,25010,2.667835778,3.288816184,937464
Manipur,OUTER MANIPUR,Lorho S. Pfoze,1,NPF,Cock,MALE,0,59,ST,Graduate Professional,"Rs 1,37,09,352
 ~ 1 Crore+","Rs 0
 ~",362707,820,363527,35.56671125,42.27082716,1022099
Manipur,OUTER MANIPUR,Houlim Shokhopao Mate,0,BJP,Lotus,MALE,0,36,ST,12th Pass,"Rs 1,68,91,558
 ~ 1 Crore+","Rs 0
 ~",287058,2687,289745,28.34803674,33.69147495,1022099
Manipur,OUTER MANIPUR,K. James,0,INC,Hand,MALE,2,56,ST,Graduate,"Rs 12,91,98,371
 ~ 12 Crore+","Rs 2,18,39,605
 ~ 2 Crore+",151103,1407,152510,14.92125518,17.73382403,1022099
Manipur,OUTER MANIPUR,Thangminlien Kipgen,0,NPEP,Book,MALE,0,64,ST,12th Pass,"Rs 66,63,739
 ~ 66 Lacs+","Rs 5,75,332
 ~ 5 Lacs+",30261,465,30726,3.006166722,3.57281147,1022099
Manipur,OUTER MANIPUR,Ashang Kasar,0,NEINDP,Walking Stick,MALE,0,43,ST,Post Graduate,"Rs 1,35,63,720
 ~ 1 Crore+","Rs 0
 ~",12081,130,12211,1.194698361,1.419891976,1022099
