STATE,CONSTITUENCY,NAME,WINNER,PARTY,SYMBOL,GENDER,"CRIMINAL
CASES",AGE,CATEGORY,EDUCATION,ASSETS,LIABILITIES,"GENERAL
VOTES","POSTAL
VOTES","TOTAL
VOTES","OVER TOTAL ELECTORS 
IN CONSTITUENCY","OVER TOTAL VOTES POLLED 
IN CONSTITUENCY",TOTAL ELECTORS
Meghalaya,SHILLONG,VINCENT H. PALA,1,INC,Hand,MALE,0,51,ST,Graduate Professional,"Rs 54,95,15,421
 ~ 54 Crore+","Rs 0
 ~",419212,477,419689,35.03814474,53.51271678,1197806
Meghalaya,SHILLONG,JEMINO MAWTHOH,0,UDP,Drum,MALE,0,54,ST,Doctorate,"Rs 1,14,32,184
 ~ 1 Crore+","Rs 11,78,370
 ~ 11 Lacs+",267080,176,267256,22.31212734,34.07664874,1197806
Meghalaya,SHILLONG,SANBOR SHULLAI,0,BJP,Lotus,MALE,0,52,ST,10th Pass,"Rs 6,61,68,175
 ~ 6 Crore+","Rs 0
 ~",75786,897,76683,6.401954908,9.777515399,1197806
Meghalaya,TURA,AGATHA K. SANGMA,1,NPEP,Book,FEMALE,0,38,ST,Post Graduate,"Rs 2,94,06,813
 ~ 2 Crore+","Rs 0
 ~",304185,270,304455,42.46293533,52.17916638,716990
Meghalaya,TURA,DR. MUKUL SANGMA,0,INC,Hand,MALE,0,53,ST,Graduate Professional,"Rs 13,67,35,735
 ~ 13 Crore+","Rs 34,08,159
 ~ 34 Lacs+",240240,185,240425,33.53254578,41.20535408,716990
Meghalaya,TURA,RIKMAN GARREY MOMIN,0,BJP,Lotus,MALE,0,55,ST,Others,"Rs 10,25,030
 ~ 10 Lacs+","Rs 0
 ~",31394,313,31707,4.422237409,5.434119421,716990
Meghalaya,TURA,NOTA,0,NOTA,,,,,,,,,6451,3,6454,0.900152024,1.106121889,716990
