STATE,CONSTITUENCY,NAME,WINNER,PARTY,SYMBOL,GENDER,"CRIMINAL
CASES",AGE,CATEGORY,EDUCATION,ASSETS,LIABILITIES,"GENERAL
VOTES","POSTAL
VOTES","TOTAL
VOTES","OVER TOTAL ELECTORS 
IN CONSTITUENCY","OVER TOTAL VOTES POLLED 
IN CONSTITUENCY",TOTAL ELECTORS
Mizoram,MIZORAM,C LALROSANGA,1,MNF,Star,MALE,0,62,ST,Graduate,"Rs 13,12,01,374
 ~ 13 Crore+","Rs 0
 ~",223509,777,224286,28.30235821,44.82609069,792464
Mizoram,MIZORAM,LALNGHINGLOVA HMAR,0,IND,Triangle,MALE,0,41,ST,Post Graduate,"Rs 1,38,91,235
 ~ 1 Crore+","Rs 60,00,000
 ~ 60 Lacs+",215202,944,216146,27.27518222,43.19921974,792464
Mizoram,MIZORAM,NIRUPAM CHAKMA,0,BJP,Lotus,MALE,0,59,ST,Graduate Professional,"Rs 1,56,55,480
 ~ 1 Crore+","Rs 10,16,188
 ~ 10 Lacs+",27989,718,28707,3.62249894,5.737418232,792464
Mizoram,MIZORAM,TBC LALVENCHHUNGA,0,PRISMP,DIAMOND,MALE,0,36,ST,10th Pass,"Rs 77,24,713
 ~ 77 Lacs+","Rs 21,45,065
 ~ 21 Lacs+",13211,112,13323,1.681212017,2.66275205,792464
Mizoram,MIZORAM,LAL HRIATRENGA CHHANGTE,0,IND,Tyres,MALE,0,54,ST,Graduate Professional,"Rs 1,34,99,370
 ~ 1 Crore+","Rs 25,00,000
 ~ 25 Lacs+",12467,208,12675,1.599441741,2.53324193,792464
