STATE,CONSTITUENCY,NAME,WINNER,PARTY,SYMBOL,GENDER,"CRIMINAL
CASES",AGE,CATEGORY,EDUCATION,ASSETS,LIABILITIES,"GENERAL
VOTES","POSTAL
VOTES","TOTAL
VOTES","OVER TOTAL ELECTORS 
IN CONSTITUENCY","OVER TOTAL VOTES POLLED 
IN CONSTITUENCY",TOTAL ELECTORS
Nagaland,NAGALAND,Tokheho Yepthomi,1,NDPP,Globe,MALE,0,62,ST,Graduate,"Rs 12,81,17,474
 ~ 12 Crore+","Rs 1,86,00,000
 ~ 1 Crore+",499683,827,500510,41.23574594,49.68151855,1213777
Nagaland,NAGALAND,K L Chishi,0,INC,Hand,MALE,0,75,ST,Graduate Professional,"Rs 37,01,59,329
 ~ 37 Crore+","Rs 0
 ~",481915,2251,484166,39.88920535,48.05918385,1213777
Nagaland,NAGALAND,Hayithung Tungoe,0,NPEP,Book,MALE,0,38,ST,Post Graduate,"Rs 12,65,882
 ~ 12 Lacs+","Rs 0
 ~",14219,778,14997,1.235564688,1.488629066,1213777
