STATE,CONSTITUENCY,NAME,WINNER,PARTY,SYMBOL,GENDER,"CRIMINAL
CASES",AGE,CATEGORY,EDUCATION,ASSETS,LIABILITIES,"GENERAL
VOTES","POSTAL
VOTES","TOTAL
VOTES","OVER TOTAL ELECTORS 
IN CONSTITUENCY","OVER TOTAL VOTES POLLED 
IN CONSTITUENCY",TOTAL ELECTORS
NCT OF Delhi,CHANDNI CHOWK,HARSH VARDHAN,1,BJP,Lotus,MALE,0,64,GENERAL,Post Graduate,"Rs 3,01,71,897
 ~ 3 Crore+","Rs 0
 ~",517939,1116,519055,33.22413417,52.92083922,1562283
NCT OF Delhi,CHANDNI CHOWK,JAI PRAKASH AGARWAL,0,INC,Hand,MALE,0,74,GENERAL,Graduate,"Rs 9,61,59,175
 ~ 9 Crore+","Rs 0
 ~",290689,221,290910,18.62082606,29.66005787,1562283
NCT OF Delhi,CHANDNI CHOWK,PANKAJ KUMAR GUPTA,0,AAP,Broom,MALE,0,52,GENERAL,Graduate Professional,"Rs 20,43,51,194
 ~ 20 Crore+","Rs 7,37,055
 ~ 7 Lacs+",144447,104,144551,9.252548994,14.73786059,1562283
NCT OF Delhi,EAST DELHI,GAUTAM GAMBHIR,1,BJP,Lotus,MALE,1,37,GENERAL,12th Pass,"Rs 1,47,15,87,789
 ~ 147 Crore+","Rs 34,20,35,860
 ~ 34 Crore+",695109,1047,696156,34.13697432,55.32973824,2039302
NCT OF Delhi,EAST DELHI,ARVINDER SINGH LOVELY,0,INC,Hand,MALE,0,50,GENERAL,Graduate,"Rs 5,04,52,066
 ~ 5 Crore+","Rs 0
 ~",304718,216,304934,14.95286132,24.2358299,2039302
NCT OF Delhi,EAST DELHI,ATISHI,0,AAP,Broom,FEMALE,1,37,GENERAL,Post Graduate,"Rs 1,20,12,824
 ~ 1 Crore+","Rs 0
 ~",219156,172,219328,10.75505246,17.4319561,2039302
NCT OF Delhi,EAST DELHI,SANJAY KUMAR,0,BSP,Elephant,MALE,0,48,SC,12th Pass,"Rs 46,93,400
 ~ 46 Lacs+","Rs 8,45,000
 ~ 8 Lacs+",19033,57,19090,0.936104608,1.51725289,2039302
NCT OF Delhi,NEW DELHI,MEENAKASHI LEKHI,1,BJP,Lotus,FEMALE,0,51,GENERAL,Graduate Professional,"Rs 36,14,41,689
 ~ 36 Crore+","Rs 79,38,378
 ~ 79 Lacs+",503157,1049,504206,31.17251015,54.77124424,1617470
NCT OF Delhi,NEW DELHI,AJAY MAKAN,0,INC,Hand,MALE,0,55,GENERAL,Post Graduate,"Rs 24,57,32,926
 ~ 24 Crore+","Rs 0
 ~",247429,273,247702,15.31416348,26.9075472,1617470
NCT OF Delhi,NEW DELHI,BRIJESH GOYAL,0,AAP,Broom,MALE,0,43,GENERAL,Graduate,"Rs 95,94,156
 ~ 95 Lacs+","Rs 32,85,554
 ~ 32 Lacs+",150203,139,150342,9.294886458,16.33145659,1617470
NCT OF Delhi,NORTH EAST DELHI,MANOJ TIWARI,1,BJP,Lotus,MALE,3,47,GENERAL,Post Graduate,"Rs 24,28,17,031
 ~ 24 Crore+","Rs 1,36,18,755
 ~ 1 Crore+",785262,2537,787799,34.39431354,53.85676598,2290492
NCT OF Delhi,NORTH EAST DELHI,SHEILA DIKSHIT,0,INC,Hand,FEMALE,0,81,GENERAL,Post Graduate,"Rs 4,92,85,773
 ~ 4 Crore+","Rs 0
 ~",421293,404,421697,18.41076066,28.82871982,2290492
NCT OF Delhi,NORTH EAST DELHI,DILIP PANDEY,0,AAP,Broom,MALE,1,38,GENERAL,Post Graduate,"Rs 54,33,393
 ~ 54 Lacs+","Rs 0
 ~",190586,270,190856,8.332532923,13.04760088,2290492
NCT OF Delhi,NORTH EAST DELHI,RAJVEER SINGH,0,BSP,Elephant,MALE,0,43,GENERAL,12th Pass,"Rs 9,23,54,028
 ~ 9 Crore+","Rs 4,07,46,162
 ~ 4 Crore+",37630,201,37831,1.65165388,2.586262884,2290492
NCT OF Delhi,NORTH WEST DELHI,HANS RAJ HANS,1,BJP,Lotus,MALE,0,57,SC,10th Pass,"Rs 13,09,37,732
 ~ 13 Crore+","Rs 4,78,97,494
 ~ 4 Crore+",847737,926,848663,35.67317292,60.48976968,2378995
NCT OF Delhi,NORTH WEST DELHI,GUGAN SINGH,0,AAP,Broom,MALE,0,70,SC,8th Pass,"Rs 1,28,53,787
 ~ 1 Crore+","Rs 0
 ~",294662,104,294766,12.39035811,21.00990316,2378995
NCT OF Delhi,NORTH WEST DELHI,RAJESH LILOTHIA,0,INC,Hand,MALE,0,53,SC,Post Graduate,"Rs 4,44,56,251
 ~ 4 Crore+","Rs 79,000
 ~ 79 Thou+",236803,79,236882,9.957229839,16.88413142,2378995
NCT OF Delhi,SOUTH DELHI,RAMESH BIDHURI,1,BJP,Lotus,MALE,2,57,GENERAL,Graduate Professional,"Rs 18,00,52,708
 ~ 18 Crore+","Rs 20,38,454
 ~ 20 Lacs+",685789,1225,687014,33.22980871,56.56554512,2067463
NCT OF Delhi,SOUTH DELHI,RAGHAV CHADHA,0,AAP,Broom,MALE,0,30,GENERAL,Graduate Professional,"Rs 16,47,954
 ~ 16 Lacs+","Rs 0
 ~",319770,201,319971,15.4765043,26.34492752,2067463
NCT OF Delhi,SOUTH DELHI,VIJENDER,0,INC,Hand,MALE,0,33,GENERAL,Graduate,"Rs 12,15,25,000
 ~ 12 Crore+","Rs 3,19,67,000
 ~ 3 Crore+",164394,219,164613,7.962077193,13.55347064,2067463
NCT OF Delhi,SOUTH DELHI,SIDDHANT GAUTAM,0,BSP,Elephant,MALE,0,52,SC,Post Graduate,"Rs 77,97,516
 ~ 77 Lacs+","Rs 9,00,000
 ~ 9 Lacs+",14721,40,14761,0.713966828,1.215352251,2067463
NCT OF Delhi,WEST DELHI,PARVESH SAHIB SINGH VERMA,1,BJP,Lotus,MALE,0,41,GENERAL,Post Graduate,"Rs 15,51,95,014
 ~ 15 Crore+","Rs 4,00,97,329
 ~ 4 Crore+",862058,3590,865648,36.49991314,60.01059278,2371644
NCT OF Delhi,WEST DELHI,MAHABAL MISHRA,0,INC,Hand,MALE,3,64,GENERAL,12th Pass,"Rs 45,07,21,618
 ~ 45 Crore+","Rs 28,14,393
 ~ 28 Lacs+",286745,417,287162,12.10814102,19.90735477,2371644
NCT OF Delhi,WEST DELHI,BALBIR SINGH JAKHAR,0,AAP,Broom,MALE,0,47,GENERAL,Graduate Professional,"Rs 3,28,94,288
 ~ 3 Crore+","Rs 41,61,197
 ~ 41 Lacs+",251504,369,251873,10.62018583,17.46096339,2371644
