STATE,CONSTITUENCY,NAME,WINNER,PARTY,SYMBOL,GENDER,"CRIMINAL
CASES",AGE,CATEGORY,EDUCATION,ASSETS,LIABILITIES,"GENERAL
VOTES","POSTAL
VOTES","TOTAL
VOTES","OVER TOTAL ELECTORS 
IN CONSTITUENCY","OVER TOTAL VOTES POLLED 
IN CONSTITUENCY",TOTAL ELECTORS
Odisha,ASKA,Pramila Bisoyi,1,BJD,Conch,FEMALE,0,70,GENERAL,5th Pass,"Rs 7,32,470
 ~ 7 Lacs+","Rs 0
 ~",552364,385,552749,35.86612551,54.51764984,1541145
Odisha,ASKA,Anita Subhadarshini,0,BJP,Lotus,FEMALE,0,47,GENERAL,Post Graduate,"Rs 1,61,75,950
 ~ 1 Crore+","Rs 1,79,25,000
 ~ 1 Crore+",346249,1793,348042,22.58333901,34.32739252,1541145
Odisha,ASKA,Rama Krushna Panda,0,CPI(M),Ears of Corn And Sickle,MALE,1,47,GENERAL,Post Graduate,"Rs 3,29,980
 ~ 3 Lacs+","Rs 0
 ~",59889,89,59978,3.89178176,5.915631873,1541145
Odisha,ASKA,NOTA,0,NOTA,,,,,,,,,17330,14,17344,1.125397026,1.710639221,1541145
Odisha,BALASORE,PRATAP CHANDRA SARANGI,1,BJP,Lotus,MALE,7,64,GENERAL,Graduate,"Rs 13,46,236
 ~ 13 Lacs+","Rs 160
 ~ 1 Hund+",481438,2420,483858,31.58793587,41.73510271,1531781
Odisha,BALASORE,RABINDRA KUMAR JENA,0,BJD,Conch,MALE,0,51,GENERAL,Others,"Rs 72,61,51,097
 ~ 72 Crore+","Rs 6,33,41,667
 ~ 6 Crore+",470242,660,470902,30.74212306,40.61758478,1531781
Odisha,BALASORE,NAVAJYOTI PATNAIK,0,INC,Hand,MALE,0,46,GENERAL,Graduate Professional,"Rs 1,04,20,05,000
 ~ 104 Crore+","Rs 1,07,95,82,000
 ~ 107 Crore+",179070,333,179403,11.71205283,15.47438015,1531781
Odisha,BARGARH,Suresh Pujari,1,BJP,Lotus,MALE,0,59,GENERAL,Post Graduate,"Rs 1,16,73,429
 ~ 1 Crore+","Rs 0
 ~",577074,4171,581245,36.41224339,46.4595333,1596290
Odisha,BARGARH,Prasanna Acharya,0,BJD,Conch,MALE,0,69,GENERAL,Graduate Professional,"Rs 9,00,51,634
 ~ 9 Crore+","Rs 32,27,600
 ~ 32 Lacs+",516229,1077,517306,32.40676819,41.34882078,1596290
Odisha,BARGARH,Pradeep Kumar Debta,0,INC,Hand,MALE,5,51,GENERAL,Graduate,"Rs 5,10,24,740
 ~ 5 Crore+","Rs 1,34,51,459
 ~ 1 Crore+",108898,519,109417,6.85445627,8.745817607,1596290
Odisha,BARGARH,NOTA,0,NOTA,,,,,,,,,14127,40,14167,0.88749538,1.132383433,1596290
Odisha,BERHAMPUR,CHANDRA SEKHAR SAHU,1,BJD,Conch,MALE,0,68,GENERAL,10th Pass,"Rs 1,17,16,989
 ~ 1 Crore+","Rs 0
 ~",443145,698,443843,29.54118426,44.82868677,1502455
Odisha,BERHAMPUR,BHRUGU BAXIPATRA,0,BJP,Lotus,MALE,4,44,GENERAL,Graduate Professional,"Rs 3,10,44,317
 ~ 3 Crore+","Rs 16,50,465
 ~ 16 Lacs+",347302,1697,348999,23.22858255,35.24932657,1502455
Odisha,BERHAMPUR,V.CHANDRASEKHAR NAIDU,0,INC,Hand,MALE,1,52,GENERAL,Graduate,"Rs 36,00,00,000
 ~ 36 Crore+","Rs 8,000
 ~ 8 Thou+",142372,260,142632,9.493262693,14.40600674,1502455
Odisha,BERHAMPUR,NOTA,0,NOTA,,,,,,,,,14363,18,14381,0.95716677,1.452498619,1502455
Odisha,BHADRAK,MANJULATA MANDAL,1,BJD,Conch,FEMALE,0,42,SC,Graduate,"Rs 3,94,17,891
 ~ 3 Crore+","Rs 89,58,149
 ~ 89 Lacs+",511772,1273,513045,30.87543127,41.77734385,1661661
Odisha,BHADRAK,AVIMANYU SETHI,0,BJP,Lotus,MALE,0,49,SC,Post Graduate,"Rs 4,72,23,493
 ~ 4 Crore+","Rs 1,21,50,231
 ~ 1 Crore+",480874,3380,484254,29.14276739,39.43288769,1661661
Odisha,BHADRAK,MADHUMITA SETHI,0,INC,Hand,FEMALE,0,42,SC,Post Graduate,"Rs 2,38,38,000
 ~ 2 Crore+","Rs 23,84,493
 ~ 23 Lacs+",207134,576,207710,12.50014293,16.91386153,1661661
Odisha,BHUBANESWAR,APARAJITA SARANGI,1,BJP,Lotus,FEMALE,0,49,GENERAL,Graduate,"Rs 3,16,77,600
 ~ 3 Crore+","Rs 43,29,959
 ~ 43 Lacs+",485793,1198,486991,28.65195643,48.42674797,1699678
Odisha,BHUBANESWAR,Arup Mohan Patnaik,0,BJD,Conch,MALE,0,63,GENERAL,Graduate Professional,"Rs 9,27,00,106
 ~ 9 Crore+","Rs 2,70,000
 ~ 2 Lacs+",462911,241,463152,27.24939665,46.05618004,1699678
Odisha,BHUBANESWAR,JANARDAN PATI,0,CPI(M),"Hammer, Sickle and Star",MALE,1,71,GENERAL,Graduate Professional,"Rs 2,36,86,053
 ~ 2 Crore+","Rs 0
 ~",22993,33,23026,1.35472719,2.2897226,1699678
Odisha,BOLANGIR,Sangeeta Kumari Singh Deo,1,BJP,Lotus,FEMALE,0,57,GENERAL,Graduate,"Rs 37,95,90,851
 ~ 37 Crore+","Rs 75,00,000
 ~ 75 Lacs+",496237,1849,498086,28.55267518,38.11657065,1744446
Odisha,BOLANGIR,Kalikesh Narayan Singh Deo,0,BJD,Conch,MALE,0,45,GENERAL,Graduate,"Rs 20,48,95,169
 ~ 20 Crore+","Rs 1,33,42,386
 ~ 1 Crore+",478183,387,478570,27.43392458,36.62308761,1744446
Odisha,BOLANGIR,Samarendra Mishra,0,INC,Hand,MALE,0,45,GENERAL,Post Graduate,"Rs 2,67,71,555
 ~ 2 Crore+","Rs 36,73,500
 ~ 36 Lacs+",270712,344,271056,15.53822818,20.74285399,1744446
Odisha,BOLANGIR,NOTA,0,NOTA,,,,,,,,,15989,12,16001,0.917253959,1.224493856,1744446
Odisha,BOLANGIR,DINESH NAG,0,APoI,Coat,MALE,0,49,SC,Graduate Professional,"Rs 18,19,971
 ~ 18 Lacs+","Rs 10,50,000
 ~ 10 Lacs+",13902,17,13919,0.797903747,1.065166551,1744446
Odisha,CUTTACK,BHARTRUHARI MAHTAB,1,BJD,Conch,MALE,0,62,GENERAL,Post Graduate,"Rs 10,68,94,976
 ~ 10 Crore+","Rs 0
 ~",524117,475,524592,34.53544315,49.46839057,1518996
Odisha,CUTTACK,PRAKASH MISHRA,0,BJP,Lotus,MALE,0,63,GENERAL,Post Graduate,"Rs 9,31,02,541
 ~ 9 Crore+","Rs 0
 ~",401959,1432,403391,26.5564228,38.03928299,1518996
Odisha,CUTTACK,PANCHANAN KANUNGO,0,INC,Hand,MALE,1,67,GENERAL,Post Graduate,"Rs 87,39,577
 ~ 87 Lacs+","Rs 1,52,000
 ~ 1 Lacs+",99742,105,99847,6.573223366,9.415451234,1518996
Odisha,DHENKANAL,MAHESH SAHOO,1,BJD,Conch,MALE,1,58,SC,12th Pass,"Rs 1,45,29,286
 ~ 1 Crore+","Rs 0
 ~",521954,930,522884,34.75691022,46.14172269,1504403
Odisha,DHENKANAL,RUDRA NARAYAN PANY,0,BJP,Lotus,MALE,7,59,GENERAL,Graduate,"Rs 36,28,704
 ~ 36 Lacs+","Rs 0
 ~",483978,3494,487472,32.40301967,43.01680267,1504403
Odisha,DHENKANAL,RAJA KAMAKHYA PRASAD SINGH DEO,0,INC,Hand,MALE,0,77,GENERAL,12th Pass,"Rs 15,41,00,240
 ~ 15 Crore+","Rs 0
 ~",79987,362,80349,5.340922612,7.090370478,1504403
Odisha,JAGATSINGHPUR,RAJASHREE MALLICK,1,BJD,Conch,FEMALE,0,54,SC,Graduate Professional,"Rs 4,00,23,972
 ~ 4 Crore+","Rs 14,33,305
 ~ 14 Lacs+",618955,1030,619985,37.72127562,50.41237507,1643595
Odisha,JAGATSINGHPUR,BIBHU PRASAD TARAI,0,BJP,Lotus,MALE,0,55,SC,Post Graduate,"Rs 54,05,384
 ~ 54 Lacs+","Rs 5,50,000
 ~ 5 Lacs+",346398,1932,348330,21.19317715,28.32349591,1643595
Odisha,JAGATSINGHPUR,PRATIMA MALLICK,0,INC,Hand,FEMALE,0,56,SC,Post Graduate,"Rs 28,89,737
 ~ 28 Lacs+","Rs 2,75,000
 ~ 2 Lacs+",239114,570,239684,14.58291124,19.48924524,1643595
Odisha,JAJPUR,SARMISTHA SETHI,1,BJD,Conch,FEMALE,0,45,SC,Post Graduate,"Rs 1,58,37,082
 ~ 1 Crore+","Rs 0
 ~",542476,1544,544020,36.88253683,49.77469544,1475007
Odisha,JAJPUR,AMIYA KANTA MALLICK,0,BJP,Lotus,MALE,1,61,SC,10th Pass,"Rs 2,45,85,630
 ~ 2 Crore+","Rs 12,46,347
 ~ 12 Lacs+",438171,4156,442327,29.98812887,40.47037188,1475007
Odisha,JAJPUR,MANAS JENA,0,INC,Hand,MALE,0,50,SC,Post Graduate,"Rs 1,38,61,925
 ~ 1 Crore+","Rs 27,60,000
 ~ 27 Lacs+",82834,487,83321,5.648854548,7.623391417,1475007
Odisha,KALAHANDI,BASANTA KUMAR PANDA,1,BJP,Lotus,MALE,3,58,GENERAL,12th Pass,"Rs 95,47,000
 ~ 95 Lacs+","Rs 0
 ~",429710,3364,433074,26.8813747,35.18269535,1611056
Odisha,KALAHANDI,PUSPENDRA SINGH DEO,0,BJD,Conch,MALE,0,52,GENERAL,10th Pass,"Rs 2,58,84,601
 ~ 2 Crore+","Rs 4,56,763
 ~ 4 Lacs+",405641,619,406260,25.21700053,33.00434062,1611056
Odisha,KALAHANDI,BHAKTA CHARAN DAS,0,INC,Hand,MALE,3,60,SC,Graduate Professional,"Rs 1,61,54,671
 ~ 1 Crore+","Rs 80,44,387
 ~ 80 Lacs+",317915,1287,319202,19.81321568,25.93179623,1611056
Odisha,KALAHANDI,NOTA,0,NOTA,,,,,,,,,21172,27,21199,1.315845011,1.722195188,1611056
Odisha,KALAHANDI,KAMALINI YADAV,0,BMUP,Cot,FEMALE,0,43,GENERAL,10th Pass,"Rs 5,39,221
 ~ 5 Lacs+","Rs 1,98,800
 ~ 1 Lacs+",15833,31,15864,0.984695752,1.2887827,1611056
Odisha,KALAHANDI,CHHABILAL NIAL,0,APoI,Coat,MALE,0,42,SC,Graduate Professional,"Rs 23,15,608
 ~ 23 Lacs+","Rs 1,04,000
 ~ 1 Lacs+",12391,18,12409,0.770240141,1.008100386,1611056
Odisha,KANDHAMAL,ACHYUTANANDA SAMANTA,1,BJD,Conch,MALE,0,55,GENERAL,Doctorate,"Rs 12,44,722
 ~ 12 Lacs+","Rs 0
 ~",461154,525,461679,35.82611786,49.00837649,1288666
Odisha,KANDHAMAL,Mahameghabahan Aira Kharabela Swain,0,BJP,Lotus,MALE,0,66,GENERAL,Post Graduate,"Rs 94,15,000
 ~ 94 Lacs+","Rs 10,50,000
 ~ 10 Lacs+",310883,1580,312463,24.24701203,33.1687262,1288666
Odisha,KANDHAMAL,Manoj Kumar Acharya,0,INC,Hand,MALE,0,37,GENERAL,Graduate,"Rs 53,30,945
 ~ 53 Lacs+","Rs 0
 ~",138647,346,138993,10.78580486,14.75445336,1288666
Odisha,KANDHAMAL,NOTA,0,NOTA,,,,,,,,,13247,6,13253,1.028427847,1.40683898,1288666
Odisha,KENDRAPARA,Anubhav Mohanty,1,BJD,Conch,MALE,0,37,GENERAL,Graduate,"Rs 2,23,09,172
 ~ 2 Crore+","Rs 41,33,506
 ~ 41 Lacs+",629349,830,630179,36.83284276,50.88457489,1710916
Odisha,KENDRAPARA,BAIJAYANT PANDA,0,BJP,Lotus,MALE,5,55,GENERAL,Graduate Professional,"Rs 57,44,15,842
 ~ 57 Crore+","Rs 6,00,000
 ~ 6 Lacs+",474294,2304,476598,27.85630621,38.48348901,1710916
Odisha,KENDRAPARA,DHARANIDHAR NAYAK,0,INC,Hand,MALE,0,65,GENERAL,Post Graduate,"Rs 4,08,21,148
 ~ 4 Crore+","Rs 31,35,045
 ~ 31 Lacs+",113896,193,114089,6.66829932,9.212255985,1710916
Odisha,KEONJHAR,Chandrani Murmu,0,BJD,Conch,FEMALE,0,25,ST,Graduate Professional,"Rs 3,40,580
 ~ 3 Lacs+","Rs 0
 ~",525886,473,526359,34.70450086,44.74019511,1516688
Odisha,KEONJHAR,Ananta Nayak,0,BJP,Lotus,MALE,1,49,ST,12th Pass,"Rs 55,12,006
 ~ 55 Lacs+","Rs 5,33,728
 ~ 5 Lacs+",458064,2092,460156,30.33952929,39.11298034,1516688
Odisha,KEONJHAR,Mohan Kumar Hembram,0,INC,Hand,MALE,0,43,ST,Post Graduate,"Rs 72,33,000
 ~ 72 Lacs+","Rs 7,44,762
 ~ 7 Lacs+",128542,174,128716,8.486649858,10.94078177,1516688
Odisha,KEONJHAR,NOTA,0,NOTA,,,,,,,,,19204,3,19207,1.266377792,1.632583327,1516688
Odisha,KORAPUT,SAPTAGIRI SANKAR ULAKA,1,INC,Hand,MALE,0,40,ST,Graduate Professional,"Rs 3,75,87,560
 ~ 3 Crore+","Rs 12,17,963
 ~ 12 Lacs+",370434,695,371129,25.87375487,34.34252301,1434384
Odisha,KORAPUT,KAUSALYA HIKAKA,0,BJD,Conch,FEMALE,0,33,ST,12th Pass,"Rs 4,06,17,427
 ~ 4 Crore+","Rs 0
 ~",366812,704,367516,25.62186974,34.00819307,1434384
Odisha,KORAPUT,JAYARAM PANGI,0,BJP,Lotus,MALE,0,63,ST,10th Pass,"Rs 4,19,44,825
 ~ 4 Crore+","Rs 42,00,000
 ~ 42 Lacs+",206153,2245,208398,14.52874544,19.28416564,1434384
Odisha,KORAPUT,NOTA,0,NOTA,,,,,,,,,36525,36,36561,2.54889904,3.383182084,1434384
Odisha,KORAPUT,BHASKAR MUTUKA,0,BSP,Elephant,MALE,0,61,ST,Graduate Professional,"Rs 3,16,000
 ~ 3 Lacs+","Rs 0
 ~",35668,96,35764,2.493335118,3.309431473,1434384
Odisha,KORAPUT,DAMODARA SABAR,0,CPI(ML)(L),Flag with Three Stars,MALE,0,67,ST,8th Pass,"Rs 15,000
 ~ 15 Thou+","Rs 0
 ~",26112,5,26117,1.820781604,2.416743702,1434384
Odisha,KORAPUT,BANAMALI MAJHI,0,APoI,Coat,MALE,0,45,ST,Post Graduate,"Rs 1,70,000
 ~ 1 Lacs+","Rs 0
 ~",18842,7,18849,1.314083258,1.744197344,1434384
Odisha,KORAPUT,RAJENDRA KENDRUKA,0,CPIM,Saw,MALE,1,27,ST,5th Pass,"Rs 565
 ~ 5 Hund+","Rs 0
 ~",15826,1,15827,1.103400484,1.464555752,1434384
Odisha,MAYURBHANJ,BISHWESWAR TUDU,1,BJP,Lotus,MALE,1,54,ST,10th Pass,"Rs 27,42,000
 ~ 27 Lacs+","Rs 4,00,000
 ~ 4 Lacs+",480253,3559,483812,32.40090945,42.00876449,1493205
Odisha,MAYURBHANJ,DR DEBASHIS MARNDI,0,BJD,Conch,MALE,0,41,ST,Graduate Professional,"Rs 1,18,42,615
 ~ 1 Crore+","Rs 6,32,703
 ~ 6 Lacs+",457676,880,458556,30.7095141,39.81581897,1493205
Odisha,MAYURBHANJ,ANJANI SOREN,0,JMM,Bow & Arrow,FEMALE,0,47,ST,12th Pass,"Rs 2,82,47,881
 ~ 2 Crore+","Rs 71,96,331
 ~ 71 Lacs+",135265,287,135552,9.077922991,11.76980324,1493205
Odisha,MAYURBHANJ,NOTA,0,NOTA,,,,,,,,,21336,21,21357,1.430279165,1.854400435,1493205
Odisha,MAYURBHANJ,PARBATI PURTY,0,IND,Pot,FEMALE,0,47,ST,Post Graduate,"Rs 1,06,73,347
 ~ 1 Crore+","Rs 10,00,000
 ~ 10 Lacs+",13905,32,13937,0.933361461,1.210131519,1493205
Odisha,NABARANGPUR,RAMESH CHANDRA MAJHI,1,BJD,Conch,MALE,0,40,ST,Graduate,"Rs 81,00,600
 ~ 81 Lacs+","Rs 7,71,000
 ~ 7 Lacs+",392481,23,392504,26.86536108,33.78450611,1461004
Odisha,NABARANGPUR,PRADEEP KUMAR MAJHI,0,INC,Hand,MALE,10,43,ST,Graduate,"Rs 23,47,000
 ~ 23 Lacs+","Rs 0
 ~",349437,1433,350870,24.01567689,30.2008888,1461004
Odisha,NABARANGPUR,BALABHADRA MAJHI,0,BJP,Lotus,MALE,0,57,ST,Graduate,"Rs 8,74,71,475
 ~ 8 Crore+","Rs 26,21,246
 ~ 26 Lacs+",342510,329,342839,23.4659864,29.50962612,1461004
Odisha,NABARANGPUR,NOTA,0,NOTA,,,,,,,,,44580,2,44582,3.05146324,3.837364336,1461004
Odisha,NABARANGPUR,CHANDRADHWAJ MAJHI,0,BSP,Elephant,MALE,0,59,ST,Graduate,"Rs 21,42,479
 ~ 21 Lacs+","Rs 0
 ~",28189,716,28905,1.978434008,2.487977572,1461004
Odisha,PURI,PINAKI MISRA,1,BJD,Conch,MALE,0,59,GENERAL,Graduate Professional,"Rs 1,17,47,01,344
 ~ 117 Crore+","Rs 2,19,32,742
 ~ 2 Crore+",537782,539,538321,34.45627079,47.38223997,1562331
Odisha,PURI,Dr Sambit Patra,0,BJP,Lotus,MALE,1,45,GENERAL,Post Graduate,"Rs 72,02,976
 ~ 72 Lacs+","Rs 11,97,946
 ~ 11 Lacs+",524504,2103,526607,33.70649369,46.35119054,1562331
Odisha,PURI,SATYA PRAKASH NAYAK,0,INC,Hand,MALE,4,51,GENERAL,Post Graduate,"Rs 1,32,57,059
 ~ 1 Crore+","Rs 1,38,069
 ~ 1 Lacs+",44599,135,44734,2.863285693,3.937422324,1562331
Odisha,SAMBALPUR,NITESH GANGA DEB,1,BJP,Lotus,MALE,1,47,GENERAL,12th Pass,"Rs 26,95,43,587
 ~ 26 Crore+","Rs 1,03,37,195
 ~ 1 Crore+",471382,2388,473770,32.26151321,42.05076589,1468530
Odisha,SAMBALPUR,NALINI KANTA PRADHAN,0,BJD,Conch,MALE,0,61,GENERAL,Post Graduate,"Rs 7,56,51,064
 ~ 7 Crore+","Rs 22,59,000
 ~ 22 Lacs+",464063,545,464608,31.63762402,41.23756726,1468530
Odisha,SAMBALPUR,SARAT PATTANAYAK,0,INC,Hand,MALE,0,62,GENERAL,Graduate Professional,"Rs 5,94,24,606
 ~ 5 Crore+","Rs 7,03,915
 ~ 7 Lacs+",135672,297,135969,9.258850687,12.06830442,1468530
Odisha,SAMBALPUR,NOTA,0,NOTA,,,,,,,,,13443,13,13456,0.91629044,1.194324474,1468530
Odisha,SUNDARGARH,Jual Oram,1,BJP,Lotus,MALE,2,58,ST,Others,"Rs 7,41,85,014
 ~ 7 Crore+","Rs 1,27,43,330
 ~ 1 Crore+",498468,1588,500056,32.65085454,45.4163257,1531525
Odisha,SUNDARGARH,Sunita Biswal,0,BJD,Conch,FEMALE,0,39,ST,Graduate,"Rs 1,91,17,337
 ~ 1 Crore+","Rs 7,73,540
 ~ 7 Lacs+",276710,281,276991,18.08596007,25.15700936,1531525
Odisha,SUNDARGARH,George Tirkey,0,INC,Hand,MALE,41,60,ST,12th Pass,"Rs 9,01,058
 ~ 9 Lacs+","Rs 0
 ~",267672,546,268218,17.51313234,24.36022375,1531525
Odisha,SUNDARGARH,Miss Juspin Lakra,0,IND,Saw,FEMALE,3,48,ST,10th Pass,"Rs 6,400
 ~ 6 Thou+","Rs 0
 ~",14779,11,14790,0.965704118,1.343264469,1531525
Odisha,SUNDARGARH,NOTA,0,NOTA,,,,,,,,,13665,10,13675,0.892900867,1.241997404,1531525
