STATE,CONSTITUENCY,NAME,WINNER,PARTY,SYMBOL,GENDER,"CRIMINAL
CASES",AGE,CATEGORY,EDUCATION,ASSETS,LIABILITIES,"GENERAL
VOTES","POSTAL
VOTES","TOTAL
VOTES","OVER TOTAL ELECTORS 
IN CONSTITUENCY","OVER TOTAL VOTES POLLED 
IN CONSTITUENCY",TOTAL ELECTORS
Puducherry,PUDUCHERRY,Ve. VAITHILINGAM,1,INC,Hand,MALE,0,68,GENERAL,Graduate,"Rs 10,80,15,548
 ~ 10 Crore+","Rs 5,20,989
 ~ 5 Lacs+",444646,335,444981,45.7136253,56.2629679,973410
Puducherry,PUDUCHERRY,Dr. NARAYANASAMY KESAVAN,0,AINRC,Jug,MALE,0,29,GENERAL,Post Graduate,"Rs 8,37,19,044
 ~ 8 Crore+","Rs 1,27,39,010
 ~ 1 Crore+",247844,112,247956,25.47292508,31.35131718,973410
Puducherry,PUDUCHERRY,Dr.M.A.S. SUBRAMANIAN,0,MNM,Battery Torch,MALE,0,72,GENERAL,Graduate Professional,"Rs 39,35,86,982
 ~ 39 Crore+","Rs 2,88,20,830
 ~ 2 Crore+",38046,22,38068,3.910787849,4.813281156,973410
Puducherry,PUDUCHERRY,N.SHARMILA BEGUM,0,NTK,Ganna Kisan,FEMALE,Not Available,30,GENERAL,Not Available,Not Available,Not Available,22842,15,22857,2.348136962,2.890017006,973410
Puducherry,PUDUCHERRY,NOTA,0,NOTA,,,,,,,,,12192,7,12199,1.253223205,1.542429779,973410
