STATE,CONSTITUENCY,NAME,WINNER,PARTY,SYMBOL,GENDER,"CRIMINAL
CASES",AGE,CATEGORY,EDUCATION,ASSETS,LIABILITIES,"GENERAL
VOTES","POSTAL
VOTES","TOTAL
VOTES","OVER TOTAL ELECTORS 
IN CONSTITUENCY","OVER TOTAL VOTES POLLED 
IN CONSTITUENCY",TOTAL ELECTORS
Punjab,AMRITSAR,GURJEET SINGH AUJLA,1,INC,Hand,MALE,0,46,GENERAL,12th Pass,"Rs 3,40,11,739
 ~ 3 Crore+","Rs 90,31,565
 ~ 90 Lacs+",444052,980,445032,29.51385228,51.71291057,1507875
Punjab,AMRITSAR,HARDEEP SINGH PURI,0,BJP,Lotus,MALE,0,67,GENERAL,Post Graduate,"Rs 34,05,05,737
 ~ 34 Crore+","Rs 5,79,40,950
 ~ 5 Crore+",344049,1357,345406,22.90680594,40.13632635,1507875
Punjab,AMRITSAR,KULDIP SINGH DHALIWAL,0,AAP,Broom,MALE,0,58,GENERAL,10th Pass,"Rs 1,48,78,922
 ~ 1 Crore+","Rs 27,89,687
 ~ 27 Lacs+",19800,287,20087,1.3321396,2.334118074,1507875
Punjab,AMRITSAR,DASWINDER KAUR,0,CPI(M),Ears of Corn And Sickle,FEMALE,0,55,GENERAL,Graduate,"Rs 6,61,000
 ~ 6 Lacs+","Rs 0
 ~",16278,57,16335,1.083312609,1.898134053,1507875
Punjab,AMRITSAR,NOTA,0,NOTA,,,,,,,,,8713,50,8763,0.581148968,1.018264384,1507875
Punjab,ANANDPUR SAHIB,Manish Tewari,1,INC,Hand,MALE,0,53,GENERAL,Graduate Professional,"Rs 15,46,37,860
 ~ 15 Crore+","Rs 0
 ~",426904,1141,428045,25.1957765,39.55965857,1698876
Punjab,ANANDPUR SAHIB,Professor Prem Singh Chandumajra,0,SAD,Scales,MALE,1,69,GENERAL,Post Graduate,"Rs 12,69,71,695
 ~ 12 Crore+","Rs 0
 ~",379552,1609,381161,22.4360695,35.2266678,1698876
Punjab,ANANDPUR SAHIB,Sodhi Vikram Singh,0,BSP,Elephant,MALE,0,62,GENERAL,Graduate,"Rs 1,40,82,65,156
 ~ 140 Crore+","Rs 34,00,824
 ~ 34 Lacs+",146077,364,146441,8.61987573,13.53398816,1698876
Punjab,ANANDPUR SAHIB,Narinder Singh Shergill,0,AAP,Broom,MALE,1,51,GENERAL,Post Graduate,"Rs 25,57,12,677
 ~ 25 Crore+","Rs 2,36,67,368
 ~ 2 Crore+",52539,513,53052,3.122770585,4.903033574,1698876
Punjab,ANANDPUR SAHIB,NOTA,0,NOTA,,,,,,,,,17069,66,17135,1.008608044,1.583606279,1698876
Punjab,BATHINDA,Harsimrat Kaur Badal,1,SAD,Scales,FEMALE,0,52,GENERAL,10th Pass,"Rs 2,17,99,19,870
 ~ 217 Crore+","Rs 95,48,52,600
 ~ 95 Crore+",490811,2013,492824,30.38988796,40.98011547,1621671
Punjab,BATHINDA,Amrinder Singh Raja Warring,0,INC,Hand,MALE,0,41,GENERAL,10th Pass,"Rs 9,29,06,438
 ~ 9 Crore+","Rs 1,04,22,457
 ~ 1 Crore+",469412,1640,471052,29.04732218,39.16969415,1621671
Punjab,BATHINDA,Prof. Baljinder Kaur,0,AAP,Broom,FEMALE,0,33,GENERAL,Post Graduate,"Rs 1,06,04,926
 ~ 1 Crore+","Rs 3,45,000
 ~ 3 Lacs+",133728,670,134398,8.287624309,11.17568454,1621671
Punjab,BATHINDA,Sukhpal Singh Khaira,0,PUNEKP,Key,MALE,1,54,GENERAL,12th Pass,"Rs 59,87,46,355
 ~ 59 Crore+","Rs 1,38,36,396
 ~ 1 Crore+",37854,345,38199,2.355533274,3.176386358,1621671
Punjab,BATHINDA,NOTA,0,NOTA,,,,,,,,,13220,103,13323,0.821559983,1.107856108,1621671
Punjab,FARIDKOT,Mohammad Sadique,1,INC,Hand,MALE,0,78,SC,5th Pass,"Rs 1,97,93,884
 ~ 1 Crore+","Rs 3,11,043
 ~ 3 Lacs+",417936,1129,419065,27.17722966,42.97036018,1541971
Punjab,FARIDKOT,Gulzar Singh Ranike,0,SAD,Scales,MALE,1,61,SC,Literate,"Rs 8,29,57,653
 ~ 8 Crore+","Rs 0
 ~",334674,1135,335809,21.77790633,34.43340217,1541971
Punjab,FARIDKOT,Prof. Sadhu Singh,0,AAP,Broom,MALE,0,78,SC,Post Graduate,"Rs 1,51,38,283
 ~ 1 Crore+","Rs 35,00,000
 ~ 35 Lacs+",114610,709,115319,7.47867502,11.8246548,1541971
Punjab,FARIDKOT,Master Baldev Singh,0,PUNEKP,Key,MALE,0,61,SC,12th Pass,"Rs 75,13,896
 ~ 75 Lacs+","Rs 15,10,708
 ~ 15 Lacs+",43794,138,43932,2.849080819,4.504728057,1541971
Punjab,FARIDKOT,NOTA,0,NOTA,,,,,,,,,19053,193,19246,1.248142799,1.973458895,1541971
Punjab,FATEHGARH SAHIB,AMAR SINGH,1,INC,Hand,MALE,0,65,SC,Post Graduate,"Rs 3,28,08,836
 ~ 3 Crore+","Rs 0
 ~",410723,928,411651,27.39115594,41.70049262,1502861
Punjab,FATEHGARH SAHIB,DARBARA SINGH GURU,0,SAD,Scales,MALE,1,66,SC,Post Graduate,"Rs 4,09,31,745
 ~ 4 Crore+","Rs 2,10,54,000
 ~ 2 Crore+",316999,754,317753,21.14320619,32.18856904,1502861
Punjab,FATEHGARH SAHIB,MANWINDER SINGH GIASPURA,0,LIP,Letter Box,MALE,0,44,SC,Post Graduate,"Rs 76,89,077
 ~ 76 Lacs+","Rs 44,79,598
 ~ 44 Lacs+",142072,202,142274,9.466876844,14.41244133,1502861
Punjab,FATEHGARH SAHIB,BANDEEP SINGH,0,AAP,Broom,MALE,0,35,SC,12th Pass,"Rs 50,69,771
 ~ 50 Lacs+","Rs 0
 ~",62553,328,62881,4.18408622,6.369882927,1502861
Punjab,FATEHGARH SAHIB,NOTA,0,NOTA,,,,,,,,,12985,60,13045,0.86801108,1.321466306,1502861
Punjab,FIROZPUR,SUKHBIR SINGH BADAL,1,SAD,Scales,MALE,4,56,GENERAL,Post Graduate,"Rs 2,17,99,19,870
 ~ 217 Crore+","Rs 95,48,52,600
 ~ 95 Crore+",631100,2327,633427,39.1386285,54.00975954,1618419
Punjab,FIROZPUR,SHER SINGH GHUBAYA,0,INC,Hand,MALE,0,56,SC,10th Pass,"Rs 8,58,22,451
 ~ 8 Crore+","Rs 1,13,50,390
 ~ 1 Crore+",432964,1613,434577,26.85194625,37.05462393,1618419
Punjab,FIROZPUR,HARJINDER SINGH KAKA SRAN,0,AAP,Broom,MALE,0,49,GENERAL,Graduate,"Rs 61,22,270
 ~ 61 Lacs+","Rs 2,00,000
 ~ 2 Lacs+",31240,632,31872,1.969329327,2.717596591,1618419
Punjab,FIROZPUR,HANS RAJ GOLDEN,0,CPI(M),Ears of Corn And Sickle,MALE,2,54,GENERAL,12th Pass,"Rs 28,50,000
 ~ 28 Lacs+","Rs 0
 ~",25967,161,26128,1.614415056,2.227828933,1618419
Punjab,FIROZPUR,NOTA,0,NOTA,,,,,,,,,14436,455,14891,0.920095476,1.26969537,1618419
Punjab,GURDASPUR,SUNNY DEOL,1,BJP,Lotus,MALE,0,59,GENERAL,Others,"Rs 87,19,25,679
 ~ 87 Crore+","Rs 53,46,44,785
 ~ 53 Crore+",551177,7542,558719,35.02316829,50.58358819,1595284
Punjab,GURDASPUR,SUNIL JAKHAR,0,INC,Hand,MALE,0,65,GENERAL,Post Graduate,"Rs 25,17,62,701
 ~ 25 Crore+","Rs 0
 ~",474168,2092,476260,29.85424539,43.11816801,1595284
Punjab,GURDASPUR,PETER MASIH,0,AAP,Broom,MALE,0,37,GENERAL,12th Pass,"Rs 27,68,778
 ~ 27 Lacs+","Rs 7,77,377
 ~ 7 Lacs+",27401,343,27744,1.739126074,2.511801229,1595284
Punjab,GURDASPUR,LAL CHAND KATARU CHAK,0,RMPOI,Pot,MALE,0,49,GENERAL,10th Pass,"Rs 4,06,299
 ~ 4 Lacs+","Rs 25,000
 ~ 25 Thou+",15210,64,15274,0.957447075,1.382830593,1595284
Punjab,HOSHIARPUR,SOM PARKASH,1,BJP,Lotus,MALE,0,70,SC,Post Graduate,"Rs 2,94,04,519
 ~ 2 Crore+","Rs 0
 ~",416711,4609,421320,26.37370892,42.48612183,1597500
Punjab,HOSHIARPUR,Dr. RAJ KUMAR CHABBEWAL,0,INC,Hand,MALE,0,49,SC,Post Graduate,"Rs 14,65,89,292
 ~ 14 Crore+","Rs 6,32,99,925
 ~ 6 Crore+",369719,3071,372790,23.33583725,37.59233209,1597500
Punjab,HOSHIARPUR,KHUSHI RAM,0,BSP,Elephant,MALE,0,68,SC,Graduate Professional,"Rs 2,02,42,482
 ~ 2 Crore+","Rs 5,30,702
 ~ 5 Lacs+",128215,349,128564,8.047824726,12.96445876,1597500
Punjab,HOSHIARPUR,Dr. RAVJOT SINGH,0,AAP,Broom,MALE,1,42,SC,Graduate Professional,"Rs 3,27,29,653
 ~ 3 Crore+","Rs 61,60,003
 ~ 61 Lacs+",44207,707,44914,2.811517997,4.529150469,1597500
Punjab,HOSHIARPUR,NOTA,0,NOTA,,,,,,,,,12755,113,12868,0.805508607,1.297615626,1597500
Punjab,JALANDHAR,Santokh Singh Chaudhary,1,INC,Hand,MALE,0,72,SC,Graduate Professional,"Rs 9,99,25,185
 ~ 9 Crore+","Rs 25,34,363
 ~ 25 Lacs+",385449,263,385712,23.85329044,37.83704776,1617018
Punjab,JALANDHAR,Charanjit Singh Atwal,0,SAD,Scales,MALE,0,82,SC,Graduate Professional,"Rs 3,86,33,246
 ~ 3 Crore+","Rs 22,97,303
 ~ 22 Lacs+",365934,287,366221,22.64792352,35.92504633,1617018
Punjab,JALANDHAR,Balwinder Kumar,0,BSP,Elephant,MALE,0,40,SC,Post Graduate,"Rs 10,48,289
 ~ 10 Lacs+","Rs 32,500
 ~ 32 Thou+",204712,71,204783,12.6642375,20.0885224,1617018
Punjab,JALANDHAR,Justice (Retd.) Jora Singh,0,AAP,Broom,MALE,0,69,SC,Graduate Professional,"Rs 5,45,83,193
 ~ 5 Crore+","Rs 9,69,208
 ~ 9 Lacs+",25382,85,25467,1.574936086,2.498226903,1617018
Punjab,JALANDHAR,NOTA,0,NOTA,,,,,,,,,12301,23,12324,0.76214365,1.208942881,1617018
Punjab,KHADOOR SAHIB,JASBIR SINGH GILL (DIMPA),1,INC,Hand,MALE,0,48,GENERAL,Others,"Rs 8,13,93,500
 ~ 8 Crore+","Rs 46,55,000
 ~ 46 Lacs+",457990,1720,459710,28.05090424,43.85918046,1638842
Punjab,KHADOOR SAHIB,BIBI JAGIR KAUR,0,SAD,Scales,FEMALE,1,65,GENERAL,Graduate Professional,"Rs 13,91,93,710
 ~ 13 Crore+","Rs 50,98,845
 ~ 50 Lacs+",317690,1447,319137,19.47332324,30.44764585,1638842
Punjab,KHADOOR SAHIB,PARAMJIT KAUR KHALRA,0,PUNEKP,Key,FEMALE,0,65,GENERAL,Post Graduate,"Rs 1,13,10,000
 ~ 1 Crore+","Rs 0
 ~",213550,939,214489,13.08783885,20.46357869,1638842
Punjab,KHADOOR SAHIB,MANJINDER SINGH SIDHU,0,AAP,Broom,MALE,2,33,GENERAL,12th Pass,"Rs 44,11,000
 ~ 44 Lacs+","Rs 0
 ~",13155,501,13656,0.833271298,1.302866956,1638842
Punjab,LUDHIANA,RAVNEET SINGH BITTU,1,INC,Hand,MALE,3,43,GENERAL,12th Pass,"Rs 5,42,81,096
 ~ 5 Crore+","Rs 33,31,266
 ~ 33 Lacs+",383284,511,383795,22.79981584,36.65576276,1683325
Punjab,LUDHIANA,SIMARJEET SINGH BAINS,0,LIP,Letter Box,MALE,8,48,GENERAL,Graduate,"Rs 12,34,12,923
 ~ 12 Crore+","Rs 1,24,43,000
 ~ 1 Crore+",306786,637,307423,18.26284289,29.36157207,1683325
Punjab,LUDHIANA,MAHESHINDER SINGH GREWAL,0,SAD,Scales,MALE,0,69,GENERAL,Graduate Professional,"Rs 4,16,21,765
 ~ 4 Crore+","Rs 0
 ~",298963,472,299435,17.78830588,28.59864855,1683325
Punjab,LUDHIANA,PROF. TEJ PAL SINGH GILL,0,AAP,Broom,MALE,0,32,GENERAL,Doctorate,"Rs 19,02,817
 ~ 19 Lacs+","Rs 0
 ~",15794,151,15945,0.947232412,1.522886273,1683325
Punjab,LUDHIANA,NOTA,0,NOTA,,,,,,,,,10458,80,10538,0.626022901,1.006470715,1683325
Punjab,PATIALA,Preneet Kaur,1,INC,Hand,FEMALE,0,74,GENERAL,Graduate,"Rs 63,59,73,757
 ~ 63 Crore+","Rs 4,24,53,369
 ~ 4 Crore+",531178,849,532027,30.58329501,45.13113237,1739600
Punjab,PATIALA,Surjit Singh Rakhra,0,SAD,Scales,MALE,1,68,GENERAL,Graduate,"Rs 18,43,75,011
 ~ 18 Crore+","Rs 67,09,821
 ~ 67 Lacs+",368498,811,369309,21.22953553,31.32798404,1739600
Punjab,PATIALA,Dharam Vira Gandhi,0,NAWPP,Mike,MALE,0,68,GENERAL,Post Graduate,"Rs 4,49,84,048
 ~ 4 Crore+","Rs 1,10,000
 ~ 1 Lacs+",161388,257,161645,9.292078639,13.71212719,1739600
Punjab,PATIALA,Neena Mittal,0,AAP,Broom,FEMALE,0,47,GENERAL,Graduate,"Rs 6,50,98,945
 ~ 6 Crore+","Rs 1,78,76,777
 ~ 1 Crore+",56610,267,56877,3.269544723,4.824799147,1739600
Punjab,SANGRUR,BHAGWANT MANN,1,AAP,Broom,MALE,0,45,GENERAL,12th Pass,"Rs 1,64,27,274
 ~ 1 Crore+","Rs 0
 ~",412201,1360,413561,27.04018684,37.35007984,1529431
Punjab,SANGRUR,KEWAL SINGH DHILLON,0,INC,Hand,MALE,0,68,GENERAL,12th Pass,"Rs 1,31,07,93,341
 ~ 131 Crore+","Rs 10,06,05,212
 ~ 10 Crore+",302559,791,303350,19.83417362,27.39655509,1529431
Punjab,SANGRUR,PARMINDER SINGH DHINDSA,0,SAD,Scales,MALE,1,43,GENERAL,Post Graduate,"Rs 17,90,35,633
 ~ 17 Crore+","Rs 0
 ~",262622,876,263498,17.2284987,23.79738742,1529431
Punjab,SANGRUR,SIMRANJIT SINGH MANN,0,SAD(M),Truck,MALE,0,74,GENERAL,Graduate,"Rs 17,09,71,628
 ~ 17 Crore+","Rs 50,00,000
 ~ 50 Lacs+",48234,131,48365,3.162287151,4.368005231,1529431
Punjab,SANGRUR,JASRAJ SINGH LONGIA,0,LIP,Letter Box,MALE,0,46,GENERAL,Graduate,"Rs 1,70,41,210
 ~ 1 Crore+","Rs 1,17,00,000
 ~ 1 Crore+",20016,71,20087,1.313364251,1.814124286,1529431
