STATE,CONSTITUENCY,NAME,WINNER,PARTY,SYMBOL,GENDER,"CRIMINAL
CASES",AGE,CATEGORY,EDUCATION,ASSETS,LIABILITIES,"GENERAL
VOTES","POSTAL
VOTES","TOTAL
VOTES","OVER TOTAL ELECTORS 
IN CONSTITUENCY","OVER TOTAL VOTES POLLED 
IN CONSTITUENCY",TOTAL ELECTORS
Rajasthan,AJMER,Bhagirath Chaudhary,1,BJP,Lotus,MALE,0,64,GENERAL,12th Pass,"Rs 8,51,01,774
 ~ 8 Crore+","Rs 83,19,942
 ~ 83 Lacs+",811091,3985,815076,43.4395362,64.52234957,1876346
Rajasthan,AJMER,Riju Jhunjhunwala,0,INC,Hand,MALE,0,40,GENERAL,Graduate,"Rs 85,39,98,231
 ~ 85 Crore+","Rs 30,60,12,685
 ~ 30 Crore+",397420,1232,398652,21.24618807,31.55774885,1876346
Rajasthan,AJMER,Durga Lal Regar,0,BSP,Elephant,MALE,0,60,SC,Post Graduate,"Rs 4,17,40,458
 ~ 4 Crore+","Rs 8,90,000
 ~ 8 Lacs+",13547,71,13618,0.725772326,1.078016475,1876346
Rajasthan,AJMER,Vishram Babu,0,APoI,Coat,MALE,0,60,SC,Post Graduate,"Rs 2,57,92,244
 ~ 2 Crore+","Rs 2,68,705
 ~ 2 Lacs+",13036,5,13041,0.695021068,1.032340494,1876346
Rajasthan,ALWAR,Balak Nath,1,BJP,Lotus,MALE,0,35,GENERAL,10th Pass,"Rs 3,52,929
 ~ 3 Lacs+","Rs 0
 ~",750580,9621,760201,40.25371136,59.93021553,1888524
Rajasthan,ALWAR,Bhanwar Jitendra Singh,0,INC,Hand,MALE,2,47,GENERAL,Graduate,"Rs 13,65,42,038
 ~ 13 Crore+","Rs 0
 ~",426794,3436,430230,22.78128316,33.91705171,1888524
Rajasthan,ALWAR,Imran Khan,0,BSP,Elephant,MALE,0,31,GENERAL,10th Pass,"Rs 1,63,28,526
 ~ 1 Crore+","Rs 58,44,684
 ~ 58 Lacs+",56399,250,56649,2.999644167,4.465906753,1888524
Rajasthan,BANSWARA,KANAKMAL KATARA,1,BJP,Lotus,MALE,0,62,ST,Graduate Professional,"Rs 5,87,11,904
 ~ 5 Crore+","Rs 17,46,729
 ~ 17 Lacs+",710684,1025,711709,36.02918545,49.42049525,1975368
Rajasthan,BANSWARA,TARACHAND BHAGORA,0,INC,Hand,MALE,0,65,ST,Post Graduate,"Rs 3,43,54,639
 ~ 3 Crore+","Rs 64,49,772
 ~ 64 Lacs+",405874,371,406245,20.56553513,28.20932304,1975368
Rajasthan,BANSWARA,KANTILAL ROAT,0,BTP,Auto- Rickshaw,MALE,0,43,ST,Post Graduate,"Rs 12,29,683
 ~ 12 Lacs+","Rs 0
 ~",249964,797,250761,12.69439416,17.41264029,1975368
Rajasthan,BANSWARA,NOTA,0,NOTA,,,,,,,,,29957,5,29962,1.516780671,2.080536959,1975368
Rajasthan,BANSWARA,BAPULAL,0,BSP,Elephant,MALE,0,31,ST,8th Pass,"Rs 3,11,000
 ~ 3 Lacs+","Rs 0
 ~",26169,3,26172,1.324917686,1.817362436,1975368
Rajasthan,BANSWARA,NITESH DAMOR,0,IND,Air Conditioner,MALE,0,26,ST,Graduate Professional,"Rs 30,811
 ~ 30 Thou+","Rs 0
 ~",14822,0,14822,0.750341202,1.029227649,1975368
Rajasthan,BARMER,KAILASH CHOUDHARY,1,BJP,Lotus,MALE,2,45,GENERAL,Graduate,"Rs 24,02,250
 ~ 24 Lacs+","Rs 0
 ~",844104,2422,846526,43.60769017,59.49405253,1941231
Rajasthan,BARMER,MANVENDRA SINGH,0,INC,Hand,MALE,0,55,GENERAL,Post Graduate,"Rs 4,50,63,664
 ~ 4 Crore+","Rs 0
 ~",520856,1862,522718,26.92714056,36.73674778,1941231
Rajasthan,BARMER,NOTA,0,NOTA,,,,,,,,,18989,7,18996,0.97855433,1.335043486,1941231
Rajasthan,BARMER,RAMESH KUMAR MEGHWAL,0,BMUP,Cot,MALE,0,39,SC,5th Pass,"Rs 2,95,500
 ~ 2 Lacs+","Rs 0
 ~",16663,36,16699,0.860227351,1.173609769,1941231
Rajasthan,BHARATPUR,RANJEETA KOLI,1,BJP,Lotus,FEMALE,0,39,SC,8th Pass,"Rs 31,17,190
 ~ 31 Lacs+","Rs 0
 ~",701293,6699,707992,36.42320122,61.61965794,1943794
Rajasthan,BHARATPUR,ABHIJEET KUMAR JATAV,0,INC,Hand,MALE,0,59,SC,Graduate Professional,"Rs 13,30,45,865
 ~ 13 Crore+","Rs 2,83,46,352
 ~ 2 Crore+",387863,1730,389593,20.04291607,33.90799246,1943794
Rajasthan,BHARATPUR,SURAJ PRADHAN JATAV,0,BSP,Elephant,MALE,0,56,SC,Graduate Professional,"Rs 1,58,96,000
 ~ 1 Crore+","Rs 12,65,000
 ~ 12 Lacs+",31497,118,31615,1.626458359,2.751592512,1943794
Rajasthan,BHILWARA,SUBHASH CHANDRA BAHERIA,1,BJP,Lotus,MALE,0,62,GENERAL,Graduate,"Rs 23,27,03,276
 ~ 23 Crore+","Rs 18,27,380
 ~ 18 Lacs+",936065,2095,938160,46.97075293,71.5600403,1997328
Rajasthan,BHILWARA,RAM PAL SHARMA,0,INC,Hand,MALE,1,52,GENERAL,12th Pass,"Rs 7,49,00,711
 ~ 7 Crore+","Rs 2,46,50,224
 ~ 2 Crore+",325145,1015,326160,16.32981664,24.87850979,1997328
Rajasthan,BHILWARA,NOTA,0,NOTA,,,,,,,,,17388,30,17418,0.872065079,1.328592971,1997328
Rajasthan,BHILWARA,SHIVLAL GURJAR,0,BSP,Elephant,MALE,1,40,GENERAL,5th Pass,"Rs 62,02,833
 ~ 62 Lacs+","Rs 12,50,000
 ~ 12 Lacs+",15599,28,15627,0.78239528,1.191980845,1997328
Rajasthan,BHILWARA,PAWAN KUMAR SHARMA,0,RTORP,Pressure Cooker,MALE,0,42,GENERAL,Graduate,"Rs 10,89,730
 ~ 10 Lacs+","Rs 0
 ~",13140,8,13148,0.658279461,1.002890136,1997328
Rajasthan,BIKANER (SC),ARJUN RAM MEGHWAL,1,BJP,Lotus,MALE,0,65,SC,Post Graduate,"Rs 2,35,24,459
 ~ 2 Crore+","Rs 10,60,314
 ~ 10 Lacs+",655427,2316,657743,35.52241595,59.76765107,1851628
Rajasthan,BIKANER (SC),MADAN GOPAL MEGHWAL,0,INC,Hand,MALE,0,55,SC,Graduate,"Rs 3,99,62,659
 ~ 3 Crore+","Rs 49,66,129
 ~ 49 Lacs+",392268,1394,393662,21.26031795,35.77119491,1851628
Rajasthan,BIKANER (SC),NOTA,0,NOTA,,,,,,,,,13426,84,13510,0.729628197,1.227623807,1851628
Rajasthan,BIKANER (SC),BHAIRA RAM,0,BSP,Elephant,MALE,0,47,SC,5th Pass,"Rs 11,54,500
 ~ 11 Lacs+","Rs 0
 ~",11357,55,11412,0.616322501,1.036983189,1851628
Rajasthan,CHITTORGARH,Chandra Prakash Joshi,1,BJP,Lotus,MALE,0,43,GENERAL,Graduate,"Rs 1,97,25,115
 ~ 1 Crore+","Rs 1,00,000
 ~ 1 Lacs+",979946,2996,982942,48.75919621,67.35865839,2015911
Rajasthan,CHITTORGARH,Gopal Singh Shekhawat,0,INC,Hand,MALE,0,68,GENERAL,Graduate Professional,"Rs 45,94,912
 ~ 45 Lacs+","Rs 0
 ~",405681,1014,406695,20.17425372,27.86983319,2015911
Rajasthan,CHITTORGARH,NOTA,0,NOTA,,,,,,,,,17513,15,17528,0.869482829,1.201151812,2015911
Rajasthan,CHURU,RAHUL KASWAN,1,BJP,Lotus,MALE,0,42,GENERAL,Graduate,"Rs 3,67,23,865
 ~ 3 Crore+","Rs 1,51,63,379
 ~ 1 Crore+",786573,6426,792999,39.27479714,59.59387437,2019104
Rajasthan,CHURU,RAFIQUE MANDELIA,0,INC,Hand,MALE,3,58,GENERAL,10th Pass,"Rs 58,22,81,544
 ~ 58 Crore+","Rs 46,47,21,999
 ~ 46 Crore+",457117,1480,458597,22.71289641,34.46356427,2019104
Rajasthan,CHURU,BALWAN POONIA,0,CPI(M),"Hammer, Sickle and Star",MALE,12,41,GENERAL,Graduate Professional,"Rs 36,68,789
 ~ 36 Lacs+","Rs 14,15,622
 ~ 14 Lacs+",24892,198,25090,1.242630394,1.885513485,2019104
Rajasthan,CHURU,HARI SINGH,0,BSP,Elephant,MALE,0,57,GENERAL,12th Pass,"Rs 1,81,03,000
 ~ 1 Crore+","Rs 7,95,000
 ~ 7 Lacs+",16059,57,16116,0.798175825,1.21111739,2019104
Rajasthan,DAUSA,Jaskaur Meena,1,BJP,Lotus,FEMALE,0,71,ST,Post Graduate,"Rs 14,37,42,564
 ~ 14 Crore+","Rs 58,25,431
 ~ 58 Lacs+",545481,3252,548733,31.71337274,51.56886995,1730289
Rajasthan,DAUSA,Savita Meena,0,INC,Hand,FEMALE,0,54,ST,12th Pass,"Rs 11,11,23,791
 ~ 11 Crore+","Rs 14,32,480
 ~ 14 Lacs+",467458,2831,470289,27.17979482,44.19685399,1730289
Rajasthan,DAUSA,Dwarka Prasad Maheshwara,0,BSP,Elephant,MALE,0,36,ST,Post Graduate,"Rs 1,000
 ~ 1 Thou+","Rs 0
 ~",13363,51,13414,0.775246216,1.260621872,1730289
Rajasthan,GANGANAGAR,NIHAL CHAND,1,BJP,Lotus,MALE,0,48,SC,Graduate,"Rs 2,10,14,362
 ~ 2 Crore+","Rs 36,31,287
 ~ 36 Lacs+",892744,4433,897177,46.16328597,61.74291249,1943486
Rajasthan,GANGANAGAR,BHARAT RAM MEGHWAL,0,INC,Hand,MALE,0,63,SC,Graduate,"Rs 87,01,890
 ~ 87 Lacs+","Rs 44,70,443
 ~ 44 Lacs+",487597,2602,490199,25.2226669,33.73505335,1943486
Rajasthan,GANGANAGAR,RAVTARAM,0,CPI(M),Ears of Corn And Sickle,MALE,0,74,SC,Literate,"Rs 82,82,084
 ~ 82 Lacs+","Rs 0
 ~",18293,16,18309,0.942070074,1.260008878,1943486
Rajasthan,GANGANAGAR,NOTA,0,NOTA,,,,,,,,,15420,123,15543,0.799748493,1.069655251,1943486
Rajasthan,JAIPUR,Ramcharan Bohra,1,BJP,Lotus,MALE,0,61,GENERAL,12th Pass,"Rs 16,53,22,707
 ~ 16 Crore+","Rs 2,20,00,000
 ~ 2 Crore+",918472,5593,924065,43.44409388,63.44395423,2127021
Rajasthan,JAIPUR,Jyoti Khandelwal,0,INC,Hand,FEMALE,0,44,GENERAL,Doctorate,"Rs 79,59,622
 ~ 79 Lacs+","Rs 21,50,000
 ~ 21 Lacs+",490741,2698,493439,23.19859559,33.87826758,2127021
Rajasthan,JAIPUR RURAL,COL. RAJYAVARDHAN RATHORE,1,BJP,Lotus,MALE,0,49,GENERAL,Graduate,"Rs 12,78,08,070
 ~ 12 Crore+","Rs 0
 ~",811626,8506,820132,42.00329622,64.08948578,1952542
Rajasthan,JAIPUR RURAL,KRISHNA POONIA,0,INC,Hand,FEMALE,0,41,GENERAL,Graduate,"Rs 3,59,99,524
 ~ 3 Crore+","Rs 43,27,330
 ~ 43 Lacs+",422223,4738,426961,21.86693039,33.36500824,1952542
Rajasthan,JALORE,Devaji Patel,1,BJP,Lotus,MALE,0,42,GENERAL,10th Pass,"Rs 8,83,32,292
 ~ 8 Crore+","Rs 6,09,36,530
 ~ 6 Crore+",772383,450,772833,37.31250398,56.75805489,2071244
Rajasthan,JALORE,Ratan Devasi,0,INC,Hand,MALE,0,44,GENERAL,12th Pass,"Rs 2,33,61,271
 ~ 2 Crore+","Rs 45,44,357
 ~ 45 Lacs+",511363,360,511723,24.70607036,37.58173127,2071244
Rajasthan,JALORE,NOTA,0,NOTA,,,,,,,,,17711,3,17714,0.855234825,1.300943651,2071244
Rajasthan,JHALAWAR-BARAN,DUSHYANT SINGH,1,BJP,Lotus,MALE,0,48,GENERAL,Post Graduate,"Rs 37,04,32,373
 ~ 37 Crore+","Rs 8,58,24,156
 ~ 8 Crore+",887017,383,887400,46.61032528,64.77291888,1903870
Rajasthan,JHALAWAR-BARAN,PRAMOD SHARMA,0,INC,Hand,MALE,4,48,GENERAL,Graduate Professional,"Rs 1,55,74,521
 ~ 1 Crore+","Rs 19,94,024
 ~ 19 Lacs+",433272,200,433472,22.76794109,31.63989936,1903870
Rajasthan,JHALAWAR-BARAN,NOTA,0,NOTA,,,,,,,,,17078,2,17080,0.897120076,1.246699858,1903870
Rajasthan,JHUNJHUNU,NARENDRA KUMAR,1,BJP,Lotus,MALE,1,58,GENERAL,Graduate,"Rs 4,74,74,109
 ~ 4 Crore+","Rs 32,78,401
 ~ 32 Lacs+",722994,15169,738163,38.09122537,61.32439757,1937882
Rajasthan,JHUNJHUNU,SHARWAN KUMAR S/O GOKAL RAM,0,INC,Hand,MALE,0,64,GENERAL,10th Pass,"Rs 78,85,036
 ~ 78 Lacs+","Rs 0
 ~",431973,3643,435616,22.47897447,36.18968815,1937882
Rajasthan,JODHPUR,Gajendra Singh Shekhawat,1,BJP,Lotus,MALE,1,51,GENERAL,Post Graduate,"Rs 13,80,29,511
 ~ 13 Crore+","Rs 5,85,73,744
 ~ 5 Crore+",781166,7722,788888,40.31613564,58.52575759,1956755
Rajasthan,JODHPUR,Vaibhav Gehlot,0,INC,Hand,MALE,1,38,GENERAL,Graduate Professional,"Rs 1,86,06,242
 ~ 1 Crore+","Rs 0
 ~",511052,3396,514448,26.29087443,38.16569518,1956755
Rajasthan,KARAULI-DHOLPUR,MANOJ RAJORIA,1,BJP,Lotus,MALE,0,49,SC,Post Graduate,"Rs 6,48,67,148
 ~ 6 Crore+","Rs 2,21,21,569
 ~ 2 Crore+",523801,2642,526443,29.07602782,52.69014042,1810574
Rajasthan,KARAULI-DHOLPUR,SANJAY KUMAR,0,INC,Hand,MALE,0,31,SC,Graduate Professional,"Rs 53,76,898
 ~ 53 Lacs+","Rs 0
 ~",427847,914,428761,23.68094317,42.91343469,1810574
Rajasthan,KARAULI-DHOLPUR,RAMKUMAR,0,BSP,Elephant,MALE,0,44,SC,Graduate,"Rs 35,02,000
 ~ 35 Lacs+","Rs 20,00,000
 ~ 20 Lacs+",25674,44,25718,1.42043352,2.574039414,1810574
Rajasthan,KOTA,OM BIRLA,1,BJP,Lotus,MALE,1,56,GENERAL,Post Graduate,"Rs 4,83,47,737
 ~ 4 Crore+","Rs 0
 ~",796071,3980,800051,41.07016904,58.48633846,1948010
Rajasthan,KOTA,RAMNARAIN MEENA,0,INC,Hand,MALE,0,75,ST,Graduate Professional,"Rs 8,01,57,459
 ~ 8 Crore+","Rs 1,31,37,155
 ~ 1 Crore+",517559,2815,520374,26.71310722,38.04103725,1948010
Rajasthan,NAGAUR,HANUMAN BENIWAL,1,RLTP,Tyres,MALE,0,47,GENERAL,Graduate Professional,"Rs 42,18,568
 ~ 42 Lacs+","Rs 0
 ~",655496,4555,660051,34.14347116,54.78633734,1933169
Rajasthan,NAGAUR,DR. JYOTI MIRDHA,0,INC,Hand,FEMALE,0,47,GENERAL,Graduate Professional,"Rs 65,06,50,190
 ~ 65 Crore+","Rs 9,70,90,675
 ~ 9 Crore+",476671,2120,478791,24.76715693,39.74117946,1933169
Rajasthan,NAGAUR,NOTA,0,NOTA,,,,,,,,,12979,70,13049,0.675005651,1.083108602,1933169
Rajasthan,NAGAUR,SAROJ PRAJAPAT,0,IND,Truck,FEMALE,0,41,GENERAL,Post Graduate,"Rs 83,24,000
 ~ 83 Lacs+","Rs 12,00,000
 ~ 12 Lacs+",12753,32,12785,0.661349318,1.061195761,1933169
Rajasthan,PALI,P. P. CHAUDHARY,1,BJP,Lotus,MALE,0,65,GENERAL,Graduate Professional,"Rs 38,51,11,923
 ~ 38 Crore+","Rs 72,78,041
 ~ 72 Lacs+",890817,9332,900149,41.64150471,66.11377767,2161663
Rajasthan,PALI,BADRIRAM JAKHAR,0,INC,Hand,MALE,0,69,GENERAL,Literate,"Rs 23,25,56,672
 ~ 23 Crore+","Rs 4,90,47,253
 ~ 4 Crore+",413439,5113,418552,19.36250008,30.74163707,2161663
Rajasthan,PALI,NOTA,0,NOTA,,,,,,,,,15105,75,15180,0.70223712,1.114934466,2161663
Rajasthan,RAJSAMAND,Diya Kumari,1,BJP,Lotus,FEMALE,0,48,GENERAL,Others,"Rs 16,59,84,623
 ~ 16 Crore+","Rs 0
 ~",858690,4349,863039,45.11652659,69.55235452,1912911
Rajasthan,RAJSAMAND,Devkinandan (Kaka),0,INC,Hand,MALE,1,76,GENERAL,Post Graduate,"Rs 25,15,86,733
 ~ 25 Crore+","Rs 1,86,11,248
 ~ 1 Crore+",309748,1375,311123,16.26437404,25.07341753,1912911
Rajasthan,RAJSAMAND,Chenaram,0,BSP,Elephant,MALE,0,45,GENERAL,Graduate,"Rs 73,74,000
 ~ 73 Lacs+","Rs 8,851
 ~ 8 Thou+",15916,39,15955,0.834069123,1.285814217,1912911
Rajasthan,RAJSAMAND,Chandra Prakash Tanwar,0,APoI,Coat,MALE,0,44,SC,5th Pass,"Rs 3,00,000
 ~ 3 Lacs+","Rs 0
 ~",12885,2,12887,0.673685289,1.03856395,1912911
Rajasthan,RAJSAMAND,NOTA,0,NOTA,,,,,,,,,12641,30,12671,0.662393598,1.021156499,1912911
Rajasthan,SIKAR,Sumedhanand Saraswati,1,BJP,Lotus,MALE,0,67,GENERAL,Post Graduate,"Rs 28,27,638
 ~ 28 Lacs+","Rs 27,19,583
 ~ 27 Lacs+",761332,10772,772104,37.81835138,58.02409479,2041612
Rajasthan,SIKAR,Subhash Maharia,0,INC,Hand,MALE,0,61,GENERAL,Graduate,"Rs 8,25,42,126
 ~ 8 Crore+","Rs 14,50,462
 ~ 14 Lacs+",470673,4275,474948,23.26338207,35.69263697,2041612
Rajasthan,SIKAR,Amraram,0,CPI(M),"Hammer, Sickle and Star",MALE,0,63,GENERAL,Post Graduate,"Rs 44,44,641
 ~ 44 Lacs+","Rs 7,80,500
 ~ 7 Lacs+",31219,243,31462,1.54103718,2.364388826,2041612
Rajasthan,TONK-SAWAI MADHOPUR,Sukhbir Singh Jaunapuria,1,BJP,Lotus,MALE,0,61,GENERAL,12th Pass,"Rs 1,23,38,02,420
 ~ 123 Crore+","Rs 0
 ~",641561,2758,644319,33.1100539,52.19410482,1945992
Rajasthan,TONK-SAWAI MADHOPUR,Namonarayan,0,INC,Hand,MALE,0,75,ST,Post Graduate,"Rs 4,66,40,598
 ~ 4 Crore+","Rs 0
 ~",530968,2060,533028,27.39106841,43.178797,1945992
Rajasthan,TONK-SAWAI MADHOPUR,Laxmi Kant Bairwa,0,BSP,Elephant,MALE,0,30,SC,Graduate,"Rs 1,63,853
 ~ 1 Lacs+","Rs 0
 ~",23247,54,23301,1.197384162,1.887535268,1945992
Rajasthan,UDAIPUR,ARJUNLAL MEENA,1,BJP,Lotus,MALE,0,54,ST,Post Graduate,"Rs 4,81,96,946
 ~ 4 Crore+","Rs 1,56,02,872
 ~ 1 Crore+",867694,3854,871548,42.11273996,59.88304383,2069559
Rajasthan,UDAIPUR,RAGHUVIR SINGH MEENA,0,INC,Hand,MALE,0,59,ST,Graduate Professional,"Rs 3,20,75,616
 ~ 3 Crore+","Rs 41,27,647
 ~ 41 Lacs+",431960,1674,433634,20.95296631,29.79448502,2069559
Rajasthan,UDAIPUR,BIRDHI LAL CHHANWAL,0,BTP,Auto- Rickshaw,MALE,0,65,ST,Post Graduate,"Rs 1,06,82,700
 ~ 1 Crore+","Rs 0
 ~",50953,690,51643,2.495362539,3.548330135,2069559
Rajasthan,UDAIPUR,NOTA,0,NOTA,,,,,,,,,28144,35,28179,1.361594427,1.936146135,2069559
Rajasthan,UDAIPUR,GHANSHYAM SINGH TAWAR,0,CPI(M),Ears of Corn And Sickle,MALE,0,51,ST,Graduate,"Rs 3,30,700
 ~ 3 Lacs+","Rs 0
 ~",18378,8,18386,0.888401829,1.263280558,2069559
Rajasthan,UDAIPUR,KESULAL MEENA,0,BSP,Elephant,MALE,0,53,ST,10th Pass,"Rs 11,12,508
 ~ 11 Lacs+","Rs 85,000
 ~ 85 Thou+",16303,15,16318,0.788477159,1.121190697,2069559
