STATE,CONSTITUENCY,NAME,WINNER,PARTY,SYMBOL,GENDER,"CRIMINAL
CASES",AGE,CATEGORY,EDUCATION,ASSETS,LIABILITIES,"GENERAL
VOTES","POSTAL
VOTES","TOTAL
VOTES","OVER TOTAL ELECTORS 
IN CONSTITUENCY","OVER TOTAL VOTES POLLED 
IN CONSTITUENCY",TOTAL ELECTORS
Sikkim,SIKKIM,INDRA HANG SUBBA,1,SKM,Table Lamp,MALE,0,30,GENERAL,Post Graduate,"Rs 4,78,817
 ~ 4 Lacs+","Rs 0
 ~",161143,5779,166922,38.44995025,47.23115884,434128
Sikkim,SIKKIM,DEK BAHADUR KATWAL,0,SDF,Umbrella,MALE,0,42,GENERAL,Graduate Professional,"Rs 27,89,212
 ~ 27 Lacs+","Rs 4,36,959
 ~ 4 Lacs+",149158,5331,154489,35.58604835,43.71319836,434128
Sikkim,SIKKIM,LATEN TSHERING SHERPA,0,BJP,Lotus,MALE,0,33,ST,5th Pass,"Rs 5,63,879
 ~ 5 Lacs+","Rs 0
 ~",16062,510,16572,3.817307338,4.689104877,434128
Sikkim,SIKKIM,BHARAT BASNETT,0,INC,Hand,MALE,0,58,GENERAL,10th Pass,"Rs 4,16,50,325
 ~ 4 Crore+","Rs 0
 ~",3922,68,3990,0.919083773,1.128984339,434128
