STATE,CONSTITUENCY,NAME,WINNER,PARTY,SYMBOL,GENDER,"CRIMINAL
CASES",AGE,CATEGORY,EDUCATION,ASSETS,LIABILITIES,"GENERAL
VOTES","POSTAL
VOTES","TOTAL
VOTES","OVER TOTAL ELECTORS 
IN CONSTITUENCY","OVER TOTAL VOTES POLLED 
IN CONSTITUENCY",TOTAL ELECTORS
Tamil Nadu,ARAKKONAM,S. JAGATHRAKSHAKAN,1,DMK,Rising Sun,MALE,2,71,GENERAL,10th Pass,"Rs 1,14,69,84,897
 ~ 114 Crore+","Rs 16,63,65,972
 ~ 16 Crore+",666688,5502,672190,44.81218867,56.97916102,1500016
Tamil Nadu,ARAKKONAM,A.K. MOORTHY,0,PMK,Mango,MALE,6,55,GENERAL,Post Graduate,"Rs 4,60,23,417
 ~ 4 Crore+","Rs 77,10,578
 ~ 77 Lacs+",341527,1707,343234,22.88202259,29.0947282,1500016
Tamil Nadu,ARAKKONAM,N.G. PARTHIBAN,0,IND,Gift Pack,MALE,0,43,GENERAL,8th Pass,"Rs 1,33,000
 ~ 1 Lacs+","Rs 0
 ~",66595,231,66826,4.455019146,5.664602886,1500016
Tamil Nadu,ARAKKONAM,Y.R. PAVENDHAN,0,NTK,Ganna Kisan,MALE,0,40,GENERAL,Post Graduate,"Rs 35,20,000
 ~ 35 Lacs+","Rs 0
 ~",29065,282,29347,1.956445798,2.487641051,1500016
Tamil Nadu,ARAKKONAM,"RAJENDRAN, N.",0,MNM,Battery Torch,MALE,0,61,GENERAL,Post Graduate,"Rs 1,09,61,100
 ~ 1 Crore+","Rs 0
 ~",23598,173,23771,1.58471643,2.014983318,1500016
Tamil Nadu,ARAKKONAM,NOTA,0,NOTA,,,,,,,,,12015,164,12179,0.811924673,1.032370612,1500016
Tamil Nadu,ARANI,VISHNU PRASAD M K,1,INC,Hand,MALE,1,46,GENERAL,Graduate Professional,"Rs 23,45,64,815
 ~ 23 Crore+","Rs 3,34,09,505
 ~ 3 Crore+",613390,4370,617760,42.62912742,53.9567497,1449150
Tamil Nadu,ARANI,ELUMALAI V,0,AIADMK,Two Leaves,MALE,0,63,GENERAL,Graduate Professional,"Rs 11,11,58,268
 ~ 11 Crore+","Rs 18,84,554
 ~ 18 Lacs+",385294,1660,386954,26.70213573,33.79755912,1449150
Tamil Nadu,ARANI,SENTHAMIZHAN G,0,IND,Gift Pack,MALE,0,55,GENERAL,Post Graduate,"Rs 2,20,06,894
 ~ 2 Crore+","Rs 1,13,28,495
 ~ 1 Crore+",46326,57,46383,3.200703861,4.051210699,1449150
Tamil Nadu,ARANI,TAMIZHARASI A,0,NTK,Ganna Kisan,FEMALE,0,37,GENERAL,Post Graduate,"Rs 29,34,243
 ~ 29 Lacs+","Rs 0
 ~",32151,258,32409,2.23641445,2.830685543,1449150
Tamil Nadu,ARANI,NOTA,0,NOTA,,,,,,,,,16819,102,16921,1.167650002,1.477923727,1449150
Tamil Nadu,ARANI,SHAJI V,0,MNM,Battery Torch,MALE,0,41,GENERAL,8th Pass,"Rs 4,46,42,380
 ~ 4 Crore+","Rs 2,05,65,404
 ~ 2 Crore+",14680,96,14776,1.019632198,1.290573902,1449150
Tamil Nadu,CHENNAI CENTRAL,DAYANIDHI MARAN,1,DMK,Rising Sun,MALE,1,52,GENERAL,Graduate,"Rs 11,67,90,616
 ~ 11 Crore+","Rs 0
 ~",447150,1761,448911,33.69443819,57.13102142,1332300
Tamil Nadu,CHENNAI CENTRAL,SAM PAUL. S.R.,0,PMK,Mango,MALE,0,41,GENERAL,Post Graduate,"Rs 29,95,12,500
 ~ 29 Crore+","Rs 25,80,28,373
 ~ 25 Crore+",146813,578,147391,11.06289875,18.7578348,1332300
Tamil Nadu,CHENNAI CENTRAL,KAMEELA NASSER,0,MNM,Battery Torch,FEMALE,0,54,GENERAL,Post Graduate,"Rs 7,19,05,468
 ~ 7 Crore+","Rs 94,90,525
 ~ 94 Lacs+",92047,202,92249,6.924041132,11.74014358,1332300
Tamil Nadu,CHENNAI CENTRAL,Dr.KARTHIKEYAN. R,0,NTK,Ganna Kisan,MALE,0,31,GENERAL,Post Graduate,"Rs 1,76,06,805
 ~ 1 Crore+","Rs 1,06,80,758
 ~ 1 Crore+",30809,77,30886,2.318246641,3.930731766,1332300
Tamil Nadu,CHENNAI CENTRAL,SHEIK MOHAMED @ DHEHLAN BAQAVI,0,SDPI,Gift Pack,MALE,3,48,GENERAL,Others,"Rs 22,74,313
 ~ 22 Lacs+","Rs 0
 ~",23690,51,23741,1.781956016,3.021417563,1332300
Tamil Nadu,CHENNAI CENTRAL,NOTA,0,NOTA,,,,,,,,,13768,54,13822,1.037454027,1.759068007,1332300
Tamil Nadu,CHENNAI NORTH,Dr. KALANIDHI VEERASWAMY,1,DMK,Rising Sun,MALE,0,49,GENERAL,Post Graduate,"Rs 40,52,94,714
 ~ 40 Crore+","Rs 25,83,86,550
 ~ 25 Crore+",589034,1952,590986,39.72531746,61.82308137,1487681
Tamil Nadu,CHENNAI NORTH,ALAGAAPURAM R. MOHANRAJ,0,DMDK,Nagara,MALE,6,65,GENERAL,12th Pass,"Rs 4,57,42,218
 ~ 4 Crore+","Rs 28,31,960
 ~ 28 Lacs+",129076,392,129468,8.702672145,13.54365535,1487681
Tamil Nadu,CHENNAI NORTH,A. G. MOURYA,0,MNM,Battery Torch,MALE,0,62,GENERAL,Post Graduate,"Rs 4,15,90,000
 ~ 4 Crore+","Rs 1,24,97,000
 ~ 1 Crore+",102980,187,103167,6.934752813,10.79230614,1487681
Tamil Nadu,CHENNAI NORTH,KALIYAMMAL.P,0,NTK,Ganna Kisan,FEMALE,3,33,GENERAL,Graduate,"Rs 11,57,000
 ~ 11 Lacs+","Rs 1,30,000
 ~ 1 Lacs+",60411,104,60515,4.067740329,6.330477827,1487681
Tamil Nadu,CHENNAI NORTH,P.SANTHANA KRISHNAN,0,IND,Gift Pack,MALE,0,44,GENERAL,10th Pass,"Rs 1,42,63,825
 ~ 1 Crore+","Rs 0
 ~",33232,45,33277,2.236837064,3.481108992,1487681
Tamil Nadu,CHENNAI NORTH,NOTA,0,NOTA,,,,,,,,,15619,68,15687,1.054459928,1.641018023,1487681
Tamil Nadu,CHENNAI SOUTH,T.SUMATHY (A) THAMIZHACHI THANGAPANDIAN,1,DMK,Rising Sun,FEMALE,0,56,GENERAL,Doctorate,"Rs 9,17,93,460
 ~ 9 Crore+","Rs 5,00,000
 ~ 5 Lacs+",563240,1632,564872,28.62237419,50.15106438,1973533
Tamil Nadu,CHENNAI SOUTH,Dr.J.JAYAVARDHAN,0,AIADMK,Two Leaves,MALE,0,31,GENERAL,Graduate Professional,"Rs 3,28,96,587
 ~ 3 Crore+","Rs 96,21,000
 ~ 96 Lacs+",302152,497,302649,15.3353909,26.87010417,1973533
Tamil Nadu,CHENNAI SOUTH,R.RANGARAJAN,0,MNM,Battery Torch,MALE,0,40,GENERAL,Graduate,"Rs 2,26,54,934
 ~ 2 Crore+","Rs 6,89,310
 ~ 6 Lacs+",135334,131,135465,6.86408588,12.02699715,1973533
Tamil Nadu,CHENNAI SOUTH,A.J.SHERINE,0,NTK,Ganna Kisan,FEMALE,0,26,GENERAL,Post Graduate,"Rs 34,66,760
 ~ 34 Lacs+","Rs 0
 ~",50156,66,50222,2.544776297,4.458862813,1973533
Tamil Nadu,CHENNAI SOUTH,Dr.E.SUBAYA (A) ESAKKI SUBAYA,0,IND,Gift Pack,MALE,0,55,GENERAL,Doctorate,"Rs 2,37,58,41,961
 ~ 237 Crore+","Rs 1,80,87,123
 ~ 1 Crore+",29482,40,29522,1.495895939,2.621053482,1973533
Tamil Nadu,CHENNAI SOUTH,NOTA,0,NOTA,,,,,,,,,16838,53,16891,0.855876238,1.499634658,1973533
Tamil Nadu,CHIDAMBARAM,THIRUMAAVALAVAN THOL,1,VCK,Pot,MALE,3,56,SC,Doctorate,"Rs 92,44,092
 ~ 92 Lacs+","Rs 3,94,248
 ~ 3 Lacs+",498401,1828,500229,33.79418763,43.33774887,1480222
Tamil Nadu,CHIDAMBARAM,CHANDRASEKAR P,0,AIADMK,Two Leaves,MALE,0,46,SC,Post Graduate,"Rs 2,71,82,370
 ~ 2 Crore+","Rs 58,73,380
 ~ 58 Lacs+",495432,1578,497010,33.57672025,43.05886817,1480222
Tamil Nadu,CHIDAMBARAM,ELAVARASAN A,0,IND,Gift Pack,MALE,0,55,SC,Doctorate,"Rs 1,46,72,869
 ~ 1 Crore+","Rs 58,00,000
 ~ 58 Lacs+",62219,89,62308,4.209368595,5.398104582,1480222
Tamil Nadu,CHIDAMBARAM,SIVAJOTHI M,0,NTK,Ganna Kisan,MALE,Not Available,35,SC,Not Available,Not Available,Not Available,37329,142,37471,2.531444608,3.246330756,1480222
Tamil Nadu,CHIDAMBARAM,NOTA,0,NOTA,,,,,,,,,15479,56,15535,1.049504736,1.345887441,1480222
Tamil Nadu,CHIDAMBARAM,RAVI T,0,MNM,Battery Torch,MALE,0,49,SC,Others,"Rs 28,64,000
 ~ 28 Lacs+","Rs 5,00,000
 ~ 5 Lacs+",15260,74,15334,1.035925692,1.328473641,1480222
Tamil Nadu,COIMBATORE,NATARAJAN. P.R,1,CPI(M),"Hammer, Sickle and Star",MALE,1,68,GENERAL,12th Pass,"Rs 2,02,84,430
 ~ 2 Crore+","Rs 32,34,168
 ~ 32 Lacs+",567741,3409,571150,29.15661002,45.65806692,1958904
Tamil Nadu,COIMBATORE,RADHAKRISHNAN. C.P,0,BJP,Lotus,MALE,0,61,GENERAL,Graduate,"Rs 67,11,40,166
 ~ 67 Crore+","Rs 2,36,86,000
 ~ 2 Crore+",390823,1184,392007,20.01154727,31.33727014,1958904
Tamil Nadu,COIMBATORE,MAHENDRAN. R,0,MNM,Battery Torch,MALE,0,55,GENERAL,Post Graduate,"Rs 1,33,30,52,340
 ~ 133 Crore+","Rs 11,57,56,111
 ~ 11 Crore+",144808,296,145104,7.407407407,11.5996991,1958904
Tamil Nadu,COIMBATORE,KALYANA SUNDARAM. S,0,NTK,Ganna Kisan,MALE,0,36,GENERAL,Post Graduate,"Rs 8,55,083
 ~ 8 Lacs+","Rs 0
 ~",60391,128,60519,3.089431641,4.837924455,1958904
Tamil Nadu,COIMBATORE,APPATHURAI. N.R.,0,IND,Gift Pack,MALE,3,68,GENERAL,12th Pass,"Rs 30,08,15,900
 ~ 30 Crore+","Rs 35,55,000
 ~ 35 Lacs+",37989,72,38061,1.942974235,3.042618726,1958904
Tamil Nadu,COIMBATORE,NOTA,0,NOTA,,,,,,,,,23081,109,23190,1.183825241,1.853822239,1958904
Tamil Nadu,CUDDALORE,T. R. V .S. RAMESH,1,DMK,Rising Sun,MALE,0,48,GENERAL,Graduate Professional,"Rs 42,33,78,552
 ~ 42 Crore+","Rs 10,28,28,604
 ~ 10 Crore+",519594,2566,522160,38.28045846,50.04504591,1364038
Tamil Nadu,CUDDALORE,Dr. R. GOVINDASAMY,0,PMK,Mango,MALE,1,69,GENERAL,Post Graduate,"Rs 25,41,47,934
 ~ 25 Crore+","Rs 10,65,600
 ~ 10 Lacs+",376628,1549,378177,27.72481412,36.24537561,1364038
Tamil Nadu,CUDDALORE,K. THANGAVEL,0,IND,Gift Pack,MALE,0,49,GENERAL,10th Pass,"Rs 1,00,08,914
 ~ 1 Crore+","Rs 17,00,000
 ~ 17 Lacs+",44865,27,44892,3.291110658,4.302555157,1364038
Tamil Nadu,CUDDALORE,R. CHITHRA,0,NTK,Ganna Kisan,FEMALE,0,40,GENERAL,Graduate,"Rs 6,40,737
 ~ 6 Lacs+","Rs 0
 ~",34565,127,34692,2.543330904,3.324963101,1364038
Tamil Nadu,CUDDALORE,V. ANNAMALAI,0,MNM,Battery Torch,MALE,0,44,GENERAL,Post Graduate,"Rs 8,82,67,747
 ~ 8 Crore+","Rs 0
 ~",23612,101,23713,1.738441304,2.272709847,1364038
Tamil Nadu,DHARMAPURI,DNV SENTHILKUMAR. S.,1,DMK,Rising Sun,MALE,1,41,GENERAL,Post Graduate,"Rs 4,84,77,451
 ~ 4 Crore+","Rs 60,53,502
 ~ 60 Lacs+",568310,6678,574988,38.69877857,46.95830424,1485804
Tamil Nadu,DHARMAPURI,ANBUMANI RAMADOSS,0,PMK,Mango,MALE,12,50,GENERAL,Graduate Professional,"Rs 33,85,35,112
 ~ 33 Crore+","Rs 7,26,81,681
 ~ 7 Crore+",501013,3222,504235,33.93684497,41.18002556,1485804
Tamil Nadu,DHARMAPURI,PALANIAPPAN. P.,0,IND,Gift Pack,MALE,4,57,GENERAL,Post Graduate,"Rs 4,80,79,072
 ~ 4 Crore+","Rs 53,06,342
 ~ 53 Lacs+",53155,500,53655,3.611176171,4.381913734,1485804
Tamil Nadu,DHARMAPURI,RUKMANIDEVI. R.,0,NTK,Ganna Kisan,FEMALE,0,30,GENERAL,Post Graduate,"Rs 13,78,000
 ~ 13 Lacs+","Rs 0
 ~",19483,191,19674,1.324131581,1.606742537,1485804
Tamil Nadu,DHARMAPURI,RAJASEKAR. D.,0,MNM,Battery Torch,MALE,1,43,GENERAL,Post Graduate,"Rs 1,64,26,500
 ~ 1 Crore+","Rs 53,94,587
 ~ 53 Lacs+",15481,133,15614,1.050878851,1.275169156,1485804
Tamil Nadu,DHARMAPURI,NOTA,0,NOTA,,,,,,,,,13304,75,13379,0.900455242,1.092640459,1485804
Tamil Nadu,DINDIGUL,"VELUSAMY, P.",1,DMK,Rising Sun,MALE,0,52,GENERAL,Illiterate,"Rs 14,80,76,407
 ~ 14 Crore+","Rs 3,14,74,526
 ~ 3 Crore+",743813,2710,746523,48.41638233,64.30382167,1541881
Tamil Nadu,DINDIGUL,"JOTHIMUTHU, K.",0,PMK,Mango,MALE,Not Available,48,GENERAL,Not Available,Not Available,Not Available,206782,769,207551,13.46089614,17.87797897,1541881
Tamil Nadu,DINDIGUL,"JOTHI MURUGAN,P.",0,IND,Gift Pack,MALE,1,42,GENERAL,Post Graduate,"Rs 3,87,70,497
 ~ 3 Crore+","Rs 80,00,000
 ~ 80 Lacs+",62719,156,62875,4.077811452,5.415911885,1541881
Tamil Nadu,DINDIGUL,"MANSOORALI KHAN, A.",0,NTK,Ganna Kisan,MALE,Not Available,56,GENERAL,Not Available,Not Available,Not Available,54574,383,54957,3.564282847,4.733873073,1541881
Tamil Nadu,DINDIGUL,"SUTHAKARAN, S. Dr.",0,MNM,Battery Torch,MALE,0,52,GENERAL,Graduate Professional,"Rs 5,89,04,398
 ~ 5 Crore+","Rs 2,53,02,234
 ~ 2 Crore+",38586,198,38784,2.515369215,3.340767022,1541881
Tamil Nadu,DINDIGUL,NOTA,0,NOTA,,,,,,,,,14051,126,14177,0.919461359,1.221175074,1541881
Tamil Nadu,ERODE,GANESHAMURTHI A,1,DMK,Rising Sun,MALE,0,72,GENERAL,Graduate,"Rs 4,31,10,000
 ~ 4 Crore+","Rs 20,60,000
 ~ 20 Lacs+",558929,4662,563591,38.54283069,52.72118039,1462246
Tamil Nadu,ERODE,MANIMARAN G,0,AIADMK,Two Leaves,MALE,0,52,GENERAL,12th Pass,"Rs 7,75,73,699
 ~ 7 Crore+","Rs 2,93,71,716
 ~ 2 Crore+",352330,643,352973,24.13909835,33.01889705,1462246
Tamil Nadu,ERODE,SARAVANAKUMAR A,0,MNM,Battery Torch,MALE,0,43,GENERAL,Others,"Rs 1,19,19,500
 ~ 1 Crore+","Rs 32,57,200
 ~ 32 Lacs+",47574,145,47719,3.263404379,4.46387896,1462246
Tamil Nadu,ERODE,SEETHALAKSHMI M K,0,NTK,Ganna Kisan,FEMALE,2,43,GENERAL,Post Graduate,"Rs 1,08,95,377
 ~ 1 Crore+","Rs 0
 ~",38849,161,39010,2.66781376,3.649194623,1462246
Tamil Nadu,ERODE,SENTHILKUMAR K C,0,IND,Gift Pack,MALE,0,41,GENERAL,Graduate,"Rs 2,75,00,000
 ~ 2 Crore+","Rs 79,00,000
 ~ 79 Lacs+",25818,40,25858,1.768375499,2.418889376,1462246
Tamil Nadu,ERODE,NOTA,0,NOTA,,,,,,,,,14696,99,14795,1.011799656,1.383999858,1462246
Tamil Nadu,KALLAKURICHI,Gautham Sigamani Pon,1,DMK,Rising Sun,MALE,1,44,GENERAL,Post Graduate,"Rs 47,11,86,830
 ~ 47 Crore+","Rs 8,11,31,909
 ~ 8 Crore+",716961,4752,721713,47.20354913,59.89642595,1528938
Tamil Nadu,KALLAKURICHI,Sudhish L K,0,DMDK,Nagara,MALE,5,51,GENERAL,Graduate,"Rs 60,17,47,124
 ~ 60 Crore+","Rs 17,52,46,855
 ~ 17 Crore+",321004,790,321794,21.0468966,26.70633686,1528938
Tamil Nadu,KALLAKURICHI,Komugi Maniyan M,0,IND,Gift Pack,MALE,0,69,GENERAL,Graduate Professional,"Rs 1,04,87,161
 ~ 1 Crore+","Rs 4,00,000
 ~ 4 Lacs+",50097,82,50179,3.281951263,4.164457004,1528938
Tamil Nadu,KALLAKURICHI,Sharfudeen S,0,NTK,Ganna Kisan,MALE,Not Available,40,GENERAL,Not Available,Not Available,Not Available,30103,143,30246,1.978235874,2.510176898,1528938
Tamil Nadu,KALLAKURICHI,Ganesh H,0,MNM,Battery Torch,MALE,0,40,GENERAL,12th Pass,"Rs 46,07,825
 ~ 46 Lacs+","Rs 0
 ~",14514,73,14587,0.954060923,1.210604721,1528938
Tamil Nadu,KANCHEEPURAM,Selvam.G,1,DMK,Rising Sun,MALE,0,44,SC,Post Graduate,"Rs 4,81,72,936
 ~ 4 Crore+","Rs 0
 ~",680087,3917,684004,41.60628519,55.24367649,1643992
Tamil Nadu,KANCHEEPURAM,Maragatham K,0,AIADMK,Two Leaves,FEMALE,0,36,SC,Post Graduate,"Rs 1,96,31,546
 ~ 1 Crore+","Rs 65,00,000
 ~ 65 Lacs+",396432,940,397372,24.17116385,32.09380386,1643992
Tamil Nadu,KANCHEEPURAM,Sivaranjani.D,0,NTK,Ganna Kisan,FEMALE,0,26,SC,Post Graduate,"Rs 15,014
 ~ 15 Thou+","Rs 0
 ~",62607,164,62771,3.818205928,5.069708389,1643992
Tamil Nadu,KANCHEEPURAM,Munusamy A,0,IND,Gift Pack,MALE,0,51,SC,Post Graduate,"Rs 2,16,15,246
 ~ 2 Crore+","Rs 0
 ~",55157,56,55213,3.358471331,4.459285487,1643992
Tamil Nadu,KANCHEEPURAM,NOTA,0,NOTA,,,,,,,,,21591,70,21661,1.317585487,1.749453624,1643992
Tamil Nadu,KANNIYAKUMARI,Vasanthakumar. H,1,INC,Hand,MALE,0,68,GENERAL,Post Graduate,"Rs 4,17,49,30,444
 ~ 417 Crore+","Rs 1,54,75,11,439
 ~ 154 Crore+",624627,2608,627235,41.78084929,59.76928362,1501250
Tamil Nadu,KANNIYAKUMARI,RADHAKRISHNAN. P,0,BJP,Lotus,MALE,0,67,GENERAL,Graduate Professional,"Rs 7,49,96,453
 ~ 7 Crore+","Rs 0
 ~",364598,2704,367302,24.46641132,35.00024299,1501250
Tamil Nadu,KANNIYAKUMARI,JAINTEEN. V,0,NTK,Ganna Kisan,MALE,0,41,GENERAL,Graduate Professional,"Rs 62,08,507
 ~ 62 Lacs+","Rs 90,00,000
 ~ 90 Lacs+",16810,259,17069,1.136985845,1.626506656,1501250
Tamil Nadu,KANNIYAKUMARI,LEKSHMANAN. E,0,IND,Gift Pack,MALE,0,55,GENERAL,Post Graduate,"Rs 11,34,16,099
 ~ 11 Crore+","Rs 1,25,51,484
 ~ 1 Crore+",12326,19,12345,0.822314738,1.17635624,1501250
Tamil Nadu,KARUR,Jothimani S,1,INC,Hand,FEMALE,0,43,GENERAL,Post Graduate,"Rs 60,46,055
 ~ 60 Lacs+","Rs 3,79,000
 ~ 3 Lacs+",691518,4179,695697,50.14805887,63.03630243,1387286
Tamil Nadu,KARUR,Thambidurai M,0,AIADMK,Two Leaves,MALE,2,73,GENERAL,Doctorate,"Rs 25,52,83,854
 ~ 25 Crore+","Rs 8,32,15,997
 ~ 8 Crore+",274455,696,275151,19.83376175,24.93111462,1387286
Tamil Nadu,KARUR,Karuppaiya R,0,NTK,Ganna Kisan,MALE,0,53,GENERAL,Post Graduate,"Rs 5,41,64,676
 ~ 5 Crore+","Rs 89,06,407
 ~ 89 Lacs+",38399,144,38543,2.778302383,3.492336757,1387286
Tamil Nadu,KARUR,Thangavel P S N,0,IND,Gift Pack,MALE,0,52,GENERAL,Graduate Professional,"Rs 4,87,31,533
 ~ 4 Crore+","Rs 47,69,030
 ~ 47 Lacs+",31099,40,31139,2.244598446,2.82146886,1387286
Tamil Nadu,KARUR,Hariharan Dr R,0,MNM,Battery Torch,MALE,0,42,GENERAL,Graduate Professional,"Rs 66,71,252
 ~ 66 Lacs+","Rs 30,61,250
 ~ 30 Lacs+",15915,52,15967,1.150952291,1.446751446,1387286
Tamil Nadu,KRISHNAGIRI,Dr.A.CHELLAKUMAR,1,INC,Hand,MALE,5,58,GENERAL,Post Graduate,"Rs 12,10,87,979
 ~ 12 Crore+","Rs 6,68,17,959
 ~ 6 Crore+",609396,1902,611298,39.94357046,52.59504437,1530404
Tamil Nadu,KRISHNAGIRI,K.P.MUNUSAMY,0,AIADMK,Two Leaves,MALE,0,67,GENERAL,Graduate Professional,"Rs 11,56,19,769
 ~ 11 Crore+","Rs 0
 ~",453388,1145,454533,29.70019681,39.10724933,1530404
Tamil Nadu,KRISHNAGIRI,MADHUSOODHANAN.N,0,NTK,Ganna Kisan,MALE,0,37,GENERAL,Post Graduate,"Rs 1,03,36,958
 ~ 1 Crore+","Rs 14,00,000
 ~ 14 Lacs+",27757,243,28000,1.829582254,2.409072567,1530404
Tamil Nadu,KRISHNAGIRI,NOTA,0,NOTA,,,,,,,,,19731,94,19825,1.295409578,1.705709416,1530404
Tamil Nadu,KRISHNAGIRI,SRI KARUNYA SUBRAHMANYAM,0,MNM,Battery Torch,MALE,0,50,GENERAL,Graduate,"Rs 13,00,000
 ~ 13 Lacs+","Rs 0
 ~",16895,100,16995,1.110491086,1.46222101,1530404
Tamil Nadu,MADURAI,VENKATESAN S,1,CPI(M),"Hammer, Sickle and Star",MALE,0,49,GENERAL,12th Pass,"Rs 18,11,456
 ~ 18 Lacs+","Rs 0
 ~",444152,2923,447075,29.04921684,43.95490413,1539026
Tamil Nadu,MADURAI,RAJ SATYEN V.V.R,0,AIADMK,Two Leaves,MALE,0,36,GENERAL,Post Graduate,"Rs 3,22,39,213
 ~ 3 Crore+","Rs 87,00,000
 ~ 87 Lacs+",307033,647,307680,19.99186498,30.2500585,1539026
Tamil Nadu,MADURAI,DAVID ANNADURAI K,0,IND,Gift Pack,MALE,3,42,GENERAL,Graduate Professional,"Rs 2,87,87,054
 ~ 2 Crore+","Rs 3,30,000
 ~ 3 Lacs+",85318,429,85747,5.571510813,8.430355454,1539026
Tamil Nadu,MADURAI,ALAGAR M,0,MNM,Battery Torch,MALE,0,52,GENERAL,Graduate Professional,"Rs 62,97,227
 ~ 62 Lacs+","Rs 46,76,374
 ~ 46 Lacs+",84842,206,85048,5.526092477,8.361632135,1539026
Tamil Nadu,MADURAI,PANDIAMMAL J,0,NTK,Ganna Kisan,FEMALE,0,38,GENERAL,Post Graduate,"Rs 1,75,000
 ~ 1 Lacs+","Rs 0
 ~",42721,180,42901,2.787542251,4.217881434,1539026
Tamil Nadu,MADURAI,NOTA,0,NOTA,,,,,,,,,16111,76,16187,1.051769106,1.591451173,1539026
Tamil Nadu,MAYILADUTHURAI,RAMALINGAM. S,1,DMK,Rising Sun,MALE,0,74,GENERAL,Graduate,"Rs 1,33,55,095
 ~ 1 Crore+","Rs 2,15,000
 ~ 2 Lacs+",595845,3447,599292,40.3606579,54.59126601,1484842
Tamil Nadu,MAYILADUTHURAI,ASAIMANI. S,0,AIADMK,Two Leaves,MALE,0,64,GENERAL,Post Graduate,"Rs 1,71,59,486
 ~ 1 Crore+","Rs 3,54,102
 ~ 3 Lacs+",337448,530,337978,22.76188308,30.78740731,1484842
Tamil Nadu,MAYILADUTHURAI,SENTHAMIZHAN. S,0,IND,Gift Pack,MALE,2,39,GENERAL,12th Pass,"Rs 62,70,000
 ~ 62 Lacs+","Rs 0
 ~",68928,102,69030,4.648979487,6.288145166,1484842
Tamil Nadu,MAYILADUTHURAI,SUBHASHINI. K,0,NTK,Ganna Kisan,FEMALE,0,27,GENERAL,Graduate,"Rs 5,25,600
 ~ 5 Lacs+","Rs 57,500
 ~ 57 Thou+",40929,127,41056,2.765007994,3.739911458,1484842
Tamil Nadu,MAYILADUTHURAI,REFAYUDEEN. M,0,MNM,Battery Torch,MALE,0,46,GENERAL,8th Pass,"Rs 86,06,404
 ~ 86 Lacs+","Rs 61,00,000
 ~ 61 Lacs+",16954,51,17005,1.145239696,1.549035326,1484842
Tamil Nadu,NAGAPATTINAM,SELVARAJ M,1,CPI(M),Ears of Corn And Sickle,MALE,0,63,SC,12th Pass,"Rs 45,72,837
 ~ 45 Lacs+","Rs 12,51,381
 ~ 12 Lacs+",519596,3296,522892,40.1098762,52.13696008,1303649
Tamil Nadu,NAGAPATTINAM,SARAVANAN M,0,AIADMK,Two Leaves,MALE,0,41,SC,Post Graduate,"Rs 1,84,92,618
 ~ 1 Crore+","Rs 14,29,090
 ~ 14 Lacs+",311014,525,311539,23.89746013,31.06319547,1303649
Tamil Nadu,NAGAPATTINAM,SENGODI T,0,IND,Gift Pack,FEMALE,2,36,SC,Graduate,"Rs 7,93,540
 ~ 7 Lacs+","Rs 0
 ~",70177,130,70307,5.393092773,7.010230128,1303649
Tamil Nadu,NAGAPATTINAM,MALATHI P,0,NTK,Ganna Kisan,FEMALE,0,25,SC,Graduate Professional,"Rs 1,19,000
 ~ 1 Lacs+","Rs 55,400
 ~ 55 Thou+",51207,241,51448,3.946461049,5.129820923,1303649
Tamil Nadu,NAGAPATTINAM,GURUVIAH K,0,MNM,Battery Torch,MALE,0,61,SC,Graduate Professional,"Rs 68,39,043
 ~ 68 Lacs+","Rs 97,731
 ~ 97 Thou+",14410,93,14503,1.112492703,1.446077454,1303649
Tamil Nadu,NAMAKKAL,CHINRAJ A.K.P,1,DMK,Rising Sun,MALE,0,54,GENERAL,Graduate,"Rs 48,52,05,173
 ~ 48 Crore+","Rs 1,86,42,484
 ~ 1 Crore+",623370,2923,626293,44.3048559,55.22943886,1413599
Tamil Nadu,NAMAKKAL,KALIAPPAN P,0,AIADMK,Two Leaves,MALE,0,70,GENERAL,10th Pass,"Rs 11,60,09,849
 ~ 11 Crore+","Rs 42,81,652
 ~ 42 Lacs+",360541,601,361142,25.54769776,31.84718656,1413599
Tamil Nadu,NAMAKKAL,BASKAR B,0,NTK,Ganna Kisan,MALE,0,44,GENERAL,Doctorate,"Rs 1,99,18,500
 ~ 1 Crore+","Rs 13,78,00,000
 ~ 13 Crore+",38394,137,38531,2.725737638,3.397843356,1413599
Tamil Nadu,NAMAKKAL,THANGAVELU R,0,MNM,Battery Torch,MALE,0,57,GENERAL,Graduate,"Rs 62,80,106
 ~ 62 Lacs+","Rs 2,60,000
 ~ 2 Lacs+",30842,105,30947,2.189234712,2.729050851,1413599
Tamil Nadu,NAMAKKAL,SAMINATHAN P.P,0,IND,Gift Pack,MALE,0,54,GENERAL,12th Pass,"Rs 3,66,80,249
 ~ 3 Crore+","Rs 35,31,974
 ~ 35 Lacs+",23319,28,23347,1.651599923,2.058847391,1413599
Tamil Nadu,NAMAKKAL,NOTA,0,NOTA,,,,,,,,,15007,66,15073,1.066285418,1.329207467,1413599
Tamil Nadu,NILGIRIS,"RAJA, A.",1,DMK,Rising Sun,MALE,6,55,SC,Graduate Professional,"Rs 4,95,91,024
 ~ 4 Crore+","Rs 14,24,914
 ~ 14 Lacs+",545463,2369,547832,40.10307014,54.18451529,1366060
Tamil Nadu,NILGIRIS,"THIYAGARAJAN, M.",0,AIADMK,Two Leaves,MALE,0,59,SC,Graduate,"Rs 1,24,67,318
 ~ 1 Crore+","Rs 0
 ~",341649,360,342009,25.03616239,33.82714389,1366060
Tamil Nadu,NILGIRIS,"RAJENTHIRAN, N.",0,MNM,Battery Torch,MALE,0,55,SC,Graduate Professional,"Rs 5,60,13,763
 ~ 5 Crore+","Rs 8,10,218
 ~ 8 Lacs+",41055,114,41169,3.013703644,4.071909472,1366060
Tamil Nadu,NILGIRIS,"RAMASWAMY, M.",0,IND,Gift Pack,MALE,0,66,SC,Post Graduate,"Rs 5,61,29,105
 ~ 5 Crore+","Rs 0
 ~",40392,27,40419,2.958801224,3.997729091,1366060
Tamil Nadu,NILGIRIS,NOTA,0,NOTA,,,,,,,,,18096,53,18149,1.328565363,1.795066312,1366060
Tamil Nadu,PERAMBALUR,"Dr.PAARIVENDHAR, T. R",1,DMK,Rising Sun,MALE,2,77,GENERAL,Post Graduate,"Rs 97,27,30,368
 ~ 97 Crore+","Rs 6,59,35,070
 ~ 6 Crore+",677005,6692,683697,49.12135118,61.97623192,1391853
Tamil Nadu,PERAMBALUR,"SIVAPATHY, N.R",0,AIADMK,Two Leaves,MALE,0,55,GENERAL,Graduate Professional,"Rs 10,07,98,649
 ~ 10 Crore+","Rs 2,95,80,175
 ~ 2 Crore+",279439,740,280179,20.12992751,25.39785707,1391853
Tamil Nadu,PERAMBALUR,"SHANTHI, K.",0,NTK,Ganna Kisan,FEMALE,0,36,GENERAL,Post Graduate,"Rs 3,11,000
 ~ 3 Lacs+","Rs 0
 ~",53229,316,53545,3.847029823,4.853783676,1391853
Tamil Nadu,PERAMBALUR,"RAJASEKARAN, M.",0,IND,Gift Pack,MALE,5,58,GENERAL,Post Graduate,"Rs 6,24,44,127
 ~ 6 Crore+","Rs 1,91,00,000
 ~ 1 Crore+",45489,102,45591,3.275561428,4.13276406,1391853
Tamil Nadu,PERAMBALUR,NOTA,0,NOTA,,,,,,,,,11219,106,11325,0.813663512,1.026596323,1391853
Tamil Nadu,POLLACHI,SHANMUGA SUNDARAM. K,1,DMK,Rising Sun,MALE,0,49,GENERAL,Graduate Professional,"Rs 13,31,09,284
 ~ 13 Crore+","Rs 1,33,60,639
 ~ 1 Crore+",550905,3325,554230,36.45041381,51.22803839,1520504
Tamil Nadu,POLLACHI,MAHENDRAN. C,0,AIADMK,Two Leaves,MALE,0,47,GENERAL,Post Graduate,"Rs 31,34,73,295
 ~ 31 Crore+","Rs 6,86,68,270
 ~ 6 Crore+",377546,801,378347,24.88299932,34.97099515,1520504
Tamil Nadu,POLLACHI,MOOKAMBIKA. R,0,MNM,Battery Torch,FEMALE,0,40,GENERAL,Graduate Professional,"Rs 9,97,75,631
 ~ 9 Crore+","Rs 9,00,000
 ~ 9 Lacs+",59545,148,59693,3.925869317,5.51748425,1520504
Tamil Nadu,POLLACHI,SANUJA. U,0,NTK,Ganna Kisan,FEMALE,0,35,GENERAL,Others,"Rs 5,84,781
 ~ 5 Lacs+","Rs 0
 ~",31399,84,31483,2.070563445,2.910005472,1520504
Tamil Nadu,POLLACHI,MUTHUKUMAR. S,0,IND,Gift Pack,MALE,0,49,GENERAL,Graduate,"Rs 15,11,16,580
 ~ 15 Crore+","Rs 83,89,361
 ~ 83 Lacs+",26631,32,26663,1.753563292,2.464488006,1520504
Tamil Nadu,POLLACHI,NOTA,0,NOTA,,,,,,,,,15068,42,15110,0.993749441,1.396632553,1520504
Tamil Nadu,RAMANATHAPURAM,K. NAVASKANI,1,IUML,Ladder,MALE,1,39,GENERAL,12th Pass,"Rs 36,47,38,171
 ~ 36 Crore+","Rs 4,70,08,615
 ~ 4 Crore+",467585,2358,469943,30.12957288,44.04657131,1559740
Tamil Nadu,RAMANATHAPURAM,NAINAR NAGENTHRAN,0,BJP,Lotus,MALE,1,59,GENERAL,Post Graduate,"Rs 19,46,74,653
 ~ 19 Crore+","Rs 8,04,59,602
 ~ 8 Crore+",341304,1517,342821,21.97936836,32.13174709,1559740
Tamil Nadu,RAMANATHAPURAM,"V.D.N. ANANDH. B.E.,",0,IND,Gift Pack,MALE,4,38,GENERAL,Graduate Professional,"Rs 4,90,57,656
 ~ 4 Crore+","Rs 61,03,249
 ~ 61 Lacs+",141195,611,141806,9.091643479,13.29111848,1559740
Tamil Nadu,RAMANATHAPURAM,T. BHUVANESWARI,0,NTK,Ganna Kisan,FEMALE,0,37,GENERAL,Graduate,"Rs 9,55,530
 ~ 9 Lacs+","Rs 3,50,000
 ~ 3 Lacs+",46125,260,46385,2.973893085,4.34754898,1559740
Tamil Nadu,RAMANATHAPURAM,VIJAYA BASKAR,0,MNM,Battery Torch,MALE,0,30,GENERAL,Graduate Professional,"Rs 26,36,018
 ~ 26 Lacs+","Rs 0
 ~",14802,123,14925,0.956890251,1.398882581,1559740
Tamil Nadu,SALEM,PARTHIBAN.S.R,1,DMK,Rising Sun,MALE,4,49,GENERAL,Graduate Professional,"Rs 6,00,45,532
 ~ 6 Crore+","Rs 40,39,841
 ~ 40 Lacs+",602453,3849,606302,37.59984422,48.25977251,1612512
Tamil Nadu,SALEM,SARAVANAN.K.R.S,0,AIADMK,Two Leaves,MALE,0,44,GENERAL,Graduate Professional,"Rs 1,50,55,729
 ~ 1 Crore+","Rs 0
 ~",458118,1258,459376,28.4882221,36.56491527,1612512
Tamil Nadu,SALEM,PRABHU MANIKANDAN.M,0,MNM,Battery Torch,MALE,0,28,GENERAL,Graduate Professional,"Rs 27,50,000
 ~ 27 Lacs+","Rs 9,00,000
 ~ 9 Lacs+",58472,190,58662,3.637926415,4.669314591,1612512
Tamil Nadu,SALEM,SELVAM.S.K,0,IND,Gift Pack,MALE,3,57,GENERAL,10th Pass,"Rs 97,48,974
 ~ 97 Lacs+","Rs 1,00,000
 ~ 1 Lacs+",52252,80,52332,3.245371197,4.16546608,1612512
Tamil Nadu,SALEM,RASA.A,0,NTK,Ganna Kisan,MALE,3,57,GENERAL,12th Pass,"Rs 1,56,68,882
 ~ 1 Crore+","Rs 0
 ~",33741,149,33890,2.101689786,2.697539659,1612512
Tamil Nadu,SALEM,NOTA,0,NOTA,,,,,,,,,16998,132,17130,1.062317676,1.36349526,1612512
Tamil Nadu,SIVAGANGA,KARTI P CHIDAMBARAM,1,INC,Hand,MALE,8,47,GENERAL,Graduate Professional,"Rs 79,37,29,024
 ~ 79 Crore+","Rs 17,40,81,116
 ~ 17 Crore+",564002,2102,566104,36.47532666,52.18000453,1552019
Tamil Nadu,SIVAGANGA,H.RAJA,0,BJP,Lotus,MALE,3,61,GENERAL,Graduate Professional,"Rs 2,62,23,393
 ~ 2 Crore+","Rs 59,10,000
 ~ 59 Lacs+",233295,565,233860,15.0681145,21.55578456,1552019
Tamil Nadu,SIVAGANGA,V.PANDI,0,IND,Gift Pack,MALE,Not Available,43,GENERAL,Not Available,Not Available,Not Available,122325,209,122534,7.895135304,11.29443473,1552019
Tamil Nadu,SIVAGANGA,V.SAKTHI PRIYA,0,NTK,Ganna Kisan,FEMALE,0,27,GENERAL,Post Graduate,"Rs 4,67,200
 ~ 4 Lacs+","Rs 42,000
 ~ 42 Thou+",71991,249,72240,4.654582193,6.658641394,1552019
Tamil Nadu,SIVAGANGA,KAVINGNAR SNEKAN,0,MNM,Battery Torch,MALE,0,46,GENERAL,12th Pass,"Rs 1,96,62,950
 ~ 1 Crore+","Rs 45,00,000
 ~ 45 Lacs+",22846,85,22931,1.477494799,2.113639338,1552019
Tamil Nadu,SIVAGANGA,P.RAJENDHIRAN,0,IND,Mixee,MALE,1,59,GENERAL,10th Pass,"Rs 1,66,000
 ~ 1 Lacs+","Rs 0
 ~",11159,8,11167,0.719514387,1.029305765,1552019
Tamil Nadu,SRIPERUMBUDUR,Baalu.T.R.,1,DMK,Rising Sun,MALE,0,77,GENERAL,Graduate,"Rs 20,88,06,446
 ~ 20 Crore+","Rs 0
 ~",790750,2531,793281,35.20298671,56.37489314,2253448
Tamil Nadu,SRIPERUMBUDUR,Vaithilingam A,0,PMK,Mango,MALE,0,49,GENERAL,Post Graduate,"Rs 44,20,74,321
 ~ 44 Crore+","Rs 6,55,75,554
 ~ 6 Crore+",284673,653,285326,12.66175212,20.27682846,2253448
Tamil Nadu,SRIPERUMBUDUR,Sridhar M,0,MNM,Battery Torch,MALE,1,46,GENERAL,Graduate,"Rs 2,94,85,700
 ~ 2 Crore+","Rs 5,00,000
 ~ 5 Lacs+",135383,142,135525,6.014117033,9.631148852,2253448
Tamil Nadu,SRIPERUMBUDUR,Mahendran.H,0,NTK,Ganna Kisan,MALE,1,41,GENERAL,Graduate,"Rs 1,49,23,845
 ~ 1 Crore+","Rs 0
 ~",84855,124,84979,3.771065496,6.039073221,2253448
Tamil Nadu,SRIPERUMBUDUR,Tambaram Narayanan G,0,IND,Gift Pack,MALE,0,59,GENERAL,Post Graduate,"Rs 16,09,02,964
 ~ 16 Crore+","Rs 5,02,94,342
 ~ 5 Crore+",41446,51,41497,1.841489131,2.949004124,2253448
Tamil Nadu,SRIPERUMBUDUR,NOTA,0,NOTA,,,,,,,,,23288,55,23343,1.035879239,1.658881444,2253448
Tamil Nadu,TENKASI,DHANUSH.M.KUMAR,1,DMK,Rising Sun,MALE,1,44,SC,Post Graduate,"Rs 5,13,60,700
 ~ 5 Crore+","Rs 28,96,862
 ~ 28 Lacs+",470346,5810,476156,31.90716182,44.667207,1492317
Tamil Nadu,TENKASI,Dr.KRISHNASAMY.K,0,AIADMK,Two Leaves,MALE,9,66,SC,Post Graduate,"Rs 25,95,84,771
 ~ 25 Crore+","Rs 1,62,20,826
 ~ 1 Crore+",353735,1654,355389,23.81457827,33.33830515,1492317
Tamil Nadu,TENKASI,PONNUTHAI. S,0,IND,Gift Pack,FEMALE,0,32,SC,Post Graduate,"Rs 47,43,888
 ~ 47 Lacs+","Rs 4,84,000
 ~ 4 Lacs+",91130,986,92116,6.17268315,8.641210948,1492317
Tamil Nadu,TENKASI,MATHIVANAN.S.S,0,NTK,Ganna Kisan,MALE,3,32,SC,12th Pass,"Rs 42,385
 ~ 42 Thou+","Rs 0
 ~",58855,590,59445,3.98340299,5.576412185,1492317
Tamil Nadu,TENKASI,MUNESHWARAN. K,0,MNM,Battery Torch,MALE,0,44,SC,8th Pass,"Rs 10,96,500
 ~ 10 Lacs+","Rs 0
 ~",23844,179,24023,1.609778619,2.253547816,1492317
Tamil Nadu,TENKASI,NOTA,0,NOTA,,,,,,,,,13900,156,14056,0.941891033,1.318564213,1492317
Tamil Nadu,THANJAVUR,"PALANIMANICKAM,S.S.",1,DMK,Rising Sun,MALE,0,68,GENERAL,Graduate Professional,"Rs 4,24,52,076
 ~ 4 Crore+","Rs 23,68,600
 ~ 23 Lacs+",583621,5357,588978,40.31191224,55.56123662,1461052
Tamil Nadu,THANJAVUR,"NATARAJAN,N.R .",0,TMC(M),Auto- Rickshaw,MALE,0,52,GENERAL,Graduate Professional,"Rs 15,22,93,009
 ~ 15 Crore+","Rs 3,05,42,133
 ~ 3 Crore+",220417,432,220849,15.11575221,20.83378929,1461052
Tamil Nadu,THANJAVUR,"MURUGESAN, P.",0,IND,Gift Pack,MALE,3,62,GENERAL,Post Graduate,"Rs 64,97,49,591
 ~ 64 Crore+","Rs 36,35,10,252
 ~ 36 Crore+",102418,453,102871,7.040885608,9.704335259,1461052
Tamil Nadu,THANJAVUR,"KRISHNAKUMAR,N.",0,NTK,Ganna Kisan,MALE,0,44,GENERAL,12th Pass,"Rs 48,57,567
 ~ 48 Lacs+","Rs 37,000
 ~ 37 Thou+",57740,184,57924,3.964540619,5.464260244,1461052
Tamil Nadu,THANJAVUR,"SELVARAJ,R .",0,IND,Jackfruit,MALE,0,63,GENERAL,Post Graduate,"Rs 88,74,369
 ~ 88 Lacs+","Rs 7,76,000
 ~ 7 Lacs+",28234,40,28274,1.935180952,2.667227645,1461052
Tamil Nadu,THANJAVUR,SAMPATH RAMADOSS,0,MNM,Battery Torch,MALE,0,53,GENERAL,Post Graduate,"Rs 94,00,851
 ~ 94 Lacs+","Rs 13,75,452
 ~ 13 Lacs+",23375,102,23477,1.606855882,2.214702675,1461052
Tamil Nadu,THANJAVUR,NOTA,0,NOTA,,,,,,,,,15050,55,15105,1.033844107,1.424930098,1461052
Tamil Nadu,THENI,"RAVEENDRANATH KUMAR, P",1,AIADMK,Two Leaves,MALE,0,39,GENERAL,Post Graduate,"Rs 6,58,03,231
 ~ 6 Crore+","Rs 3,27,34,079
 ~ 3 Crore+",503459,1354,504813,32.33824886,42.962516,1561040
Tamil Nadu,THENI,"ELANGOVAN, E.V.K.S.",0,INC,Hand,MALE,10,70,GENERAL,Graduate,"Rs 23,62,41,267
 ~ 23 Crore+","Rs 74,50,651
 ~ 74 Lacs+",425785,2335,428120,27.42530621,36.43549661,1561040
Tamil Nadu,THENI,THANGA TAMILSELVAN,0,IND,Gift Pack,MALE,Not Available,58,GENERAL,Not Available,Not Available,Not Available,143173,877,144050,9.227822477,12.259491,1561040
Tamil Nadu,THENI,SHAGUL HAMEED,0,NTK,Ganna Kisan,MALE,0,59,GENERAL,Graduate,"Rs 1,89,57,000
 ~ 1 Crore+","Rs 0
 ~",27438,426,27864,1.78496387,2.37138811,1561040
Tamil Nadu,THENI,"RADHAKRISHNAN, S.",0,MNM,Battery Torch,MALE,1,51,GENERAL,Post Graduate,"Rs 47,30,000
 ~ 47 Lacs+","Rs 13,75,000
 ~ 13 Lacs+",16708,171,16879,1.081266335,1.436500858,1561040
Tamil Nadu,THIRUVALLUR,Dr.K.Jayakumar,1,INC,Hand,MALE,0,69,SC,Doctorate,"Rs 2,45,83,769
 ~ 2 Crore+","Rs 0
 ~",764093,3199,767292,39.41156831,54.48491584,1946870
Tamil Nadu,THIRUVALLUR,Dr.P.Venugopal,0,AIADMK,Two Leaves,MALE,0,66,SC,Graduate Professional,"Rs 2,27,71,385
 ~ 2 Crore+","Rs 12,49,867
 ~ 12 Lacs+",409274,1063,410337,21.07675397,29.13776881,1946870
Tamil Nadu,THIRUVALLUR,Logarangan.M,0,MNM,Battery Torch,MALE,0,35,SC,Post Graduate,"Rs 1,97,30,000
 ~ 1 Crore+","Rs 0
 ~",73555,176,73731,3.787155794,5.235591313,1946870
Tamil Nadu,THIRUVALLUR,M.VETRISELVI,0,NTK,Ganna Kisan,FEMALE,0,42,SC,Graduate Professional,"Rs 3,10,000
 ~ 3 Lacs+","Rs 0
 ~",65254,162,65416,3.360059994,4.645148463,1946870
Tamil Nadu,THIRUVALLUR,Pon.Raja,0,IND,Gift Pack,MALE,0,43,SC,Graduate Professional,"Rs 7,43,87,951
 ~ 7 Crore+","Rs 1,11,97,323
 ~ 1 Crore+",33869,75,33944,1.743516516,2.410341804,1946870
Tamil Nadu,THIRUVALLUR,NOTA,0,NOTA,,,,,,,,,18175,100,18275,0.938686199,1.297696101,1946870
Tamil Nadu,THIRUVALLUR,R.Anbuchezhian,0,BSP,Elephant,MALE,0,48,SC,12th Pass,"Rs 52,00,000
 ~ 52 Lacs+","Rs 0
 ~",15153,34,15187,0.780072629,1.07841919,1946870
Tamil Nadu,THOOTHUKKUDI,KANIMOZHI KARUNANIDHI,1,DMK,Rising Sun,FEMALE,6,51,GENERAL,Graduate Professional,"Rs 30,33,73,130
 ~ 30 Crore+","Rs 1,92,90,928
 ~ 1 Crore+",560345,2798,563143,39.44177792,56.77033611,1427783
Tamil Nadu,THOOTHUKKUDI,DR. TAMILISAI SOUNDARARAJAN,0,BJP,Lotus,FEMALE,0,57,GENERAL,Graduate Professional,"Rs 10,99,07,600
 ~ 10 Crore+","Rs 1,09,87,000
 ~ 1 Crore+",214497,1437,215934,15.12372678,21.76826447,1427783
Tamil Nadu,THOOTHUKKUDI,"Dr. BHUVANESWARAN, M.",0,IND,Gift Pack,MALE,1,52,GENERAL,Doctorate,"Rs 7,80,31,419
 ~ 7 Crore+","Rs 40,74,230
 ~ 40 Lacs+",76569,297,76866,5.383591204,7.748846484,1427783
Tamil Nadu,THOOTHUKKUDI,"CHRISTANTINE RAJASEKAR, S.",0,NTK,Ganna Kisan,MALE,1,55,GENERAL,12th Pass,"Rs 3,29,36,394
 ~ 3 Crore+","Rs 50,00,000
 ~ 50 Lacs+",48814,408,49222,3.447442644,4.96206023,1427783
Tamil Nadu,THOOTHUKKUDI,"PON KUMARAN, T.P.S.",0,MNM,Battery Torch,MALE,0,59,GENERAL,Post Graduate,"Rs 1,78,86,890
 ~ 1 Crore+","Rs 0
 ~",25596,106,25702,1.800133494,2.591013612,1427783
Tamil Nadu,TIRUCHIRAPPALLI,Thirunavukkarasar. SU,1,INC,Hand,MALE,0,69,GENERAL,Post Graduate,"Rs 3,21,82,184
 ~ 3 Crore+","Rs 40,208
 ~ 40 Thou+",615667,5618,621285,41.17297773,59.23888636,1508963
Tamil Nadu,TIRUCHIRAPPALLI,DR.Elangovan. V,0,DMDK,Nagara,MALE,0,70,GENERAL,Graduate Professional,"Rs 2,73,90,154
 ~ 2 Crore+","Rs 0
 ~",161379,620,161999,10.73578345,15.44643819,1508963
Tamil Nadu,TIRUCHIRAPPALLI,Sarubala. R. Thondaiman,0,IND,Gift Pack,FEMALE,0,60,GENERAL,Post Graduate,"Rs 92,38,76,327
 ~ 92 Crore+","Rs 9,11,82,000
 ~ 9 Crore+",100399,419,100818,6.681277142,9.612892707,1508963
Tamil Nadu,TIRUCHIRAPPALLI,Vinoth. V,0,NTK,Ganna Kisan,MALE,1,33,GENERAL,Post Graduate,"Rs 6,06,116
 ~ 6 Lacs+","Rs 4,03,605
 ~ 4 Lacs+",64979,307,65286,4.326547437,6.224953017,1508963
Tamil Nadu,TIRUCHIRAPPALLI,Anandharaja. V,0,MNM,Battery Torch,MALE,0,53,GENERAL,Graduate,"Rs 1,01,45,000
 ~ 1 Crore+","Rs 5,67,000
 ~ 5 Lacs+",41970,164,42134,2.792248717,4.017433606,1508963
Tamil Nadu,TIRUCHIRAPPALLI,NOTA,0,NOTA,,,,,,,,,14296,141,14437,0.956749768,1.376553116,1508963
Tamil Nadu,TIRUNELVELI,GNANATHIRAVIAM S,1,DMK,Rising Sun,MALE,4,54,GENERAL,10th Pass,"Rs 23,27,59,237
 ~ 23 Crore+","Rs 4,61,49,049
 ~ 4 Crore+",517589,5404,522993,33.78944308,50.26893761,1547800
Tamil Nadu,TIRUNELVELI,PAUL MANOJ PANDIAN,0,AIADMK,Two Leaves,MALE,0,47,GENERAL,Post Graduate,"Rs 10,34,79,811
 ~ 10 Crore+","Rs 2,85,31,015
 ~ 2 Crore+",336070,1203,337273,21.79047681,32.41793943,1547800
Tamil Nadu,TIRUNELVELI,MICHAEL RAYAPPAN S,0,IND,Gift Pack,MALE,0,55,GENERAL,12th Pass,"Rs 2,72,26,236
 ~ 2 Crore+","Rs 60,91,883
 ~ 60 Lacs+",61786,449,62235,4.020868329,5.981891406,1547800
Tamil Nadu,TIRUNELVELI,SATHYA B,0,NTK,Ganna Kisan,FEMALE,0,41,GENERAL,Graduate,"Rs 48,16,687
 ~ 48 Lacs+","Rs 2,79,000
 ~ 2 Lacs+",49528,407,49935,3.226192014,4.799642442,1547800
Tamil Nadu,TIRUNELVELI,VENNIMALAI M,0,MNM,Battery Torch,MALE,0,53,GENERAL,Post Graduate,"Rs 10,18,17,799
 ~ 10 Crore+","Rs 0
 ~",22959,161,23120,1.49373304,2.222243582,1547800
Tamil Nadu,TIRUNELVELI,NOTA,0,NOTA,,,,,,,,,10865,103,10968,0.708618685,1.054220052,1547800
Tamil Nadu,TIRUPPUR,"SUBBARAYAN, K.",1,CPI(M),Ears of Corn And Sickle,MALE,0,71,GENERAL,10th Pass,"Rs 80,35,576
 ~ 80 Lacs+","Rs 5,00,000
 ~ 5 Lacs+",505793,2932,508725,33.24969575,45.41810368,1530014
Tamil Nadu,TIRUPPUR,"ANANDAN, M.S.M.",0,AIADMK,Two Leaves,MALE,0,56,GENERAL,10th Pass,"Rs 9,38,84,772
 ~ 9 Crore+","Rs 1,02,78,297
 ~ 1 Crore+",414782,575,415357,27.14726793,37.08236727,1530014
Tamil Nadu,TIRUPPUR,"CHANDIRAKUMAR, V.S.",0,MNM,Battery Torch,MALE,0,46,GENERAL,10th Pass,"Rs 5,17,56,996
 ~ 5 Crore+","Rs 4,19,24,988
 ~ 4 Crore+",64538,119,64657,4.225909044,5.772467108,1530014
Tamil Nadu,TIRUPPUR,"SELVAM, S.R.",0,IND,Gift Pack,MALE,0,65,GENERAL,8th Pass,"Rs 6,15,58,069
 ~ 6 Crore+","Rs 1,55,37,415
 ~ 1 Crore+",43766,50,43816,2.863764645,3.911818037,1530014
Tamil Nadu,TIRUPPUR,"JAGANATHAN, P.",0,NTK,Ganna Kisan,MALE,0,50,GENERAL,10th Pass,"Rs 1,28,62,368
 ~ 1 Crore+","Rs 0
 ~",42079,110,42189,2.757425749,3.766562241,1530014
Tamil Nadu,TIRUPPUR,NOTA,0,NOTA,,,,,,,,,21782,79,21861,1.428810455,1.951712938,1530014
Tamil Nadu,TIRUVANNAMALAI,ANNADURAI C N,1,DMK,Rising Sun,MALE,0,45,GENERAL,Graduate,"Rs 13,48,97,466
 ~ 13 Crore+","Rs 3,22,43,604
 ~ 3 Crore+",661719,4553,666272,45.20586052,57.84660585,1473862
Tamil Nadu,TIRUVANNAMALAI,AGRI KRISHNAMURTHY S S,0,AIADMK,Two Leaves,MALE,1,59,GENERAL,Graduate Professional,"Rs 7,04,03,250
 ~ 7 Crore+","Rs 98,87,013
 ~ 98 Lacs+",360256,1829,362085,24.56708973,31.43669294,1473862
Tamil Nadu,TIRUVANNAMALAI,GNANASEKAR A,0,IND,Gift Pack,MALE,0,47,GENERAL,10th Pass,"Rs 51,01,62,944
 ~ 51 Crore+","Rs 17,22,96,311
 ~ 17 Crore+",38503,136,38639,2.621615864,3.354688481,1473862
Tamil Nadu,TIRUVANNAMALAI,RAMESHBABU R,0,NTK,Ganna Kisan,MALE,0,41,GENERAL,Post Graduate,"Rs 1,00,60,000
 ~ 1 Crore+","Rs 8,50,000
 ~ 8 Lacs+",27258,245,27503,1.866049874,2.387846406,1473862
Tamil Nadu,TIRUVANNAMALAI,ARUL R,0,MNM,Battery Torch,MALE,0,44,GENERAL,Others,"Rs 21,28,322
 ~ 21 Lacs+","Rs 5,05,039
 ~ 5 Lacs+",14512,142,14654,0.994258621,1.272279433,1473862
Tamil Nadu,TIRUVANNAMALAI,NOTA,0,NOTA,,,,,,,,,12223,94,12317,0.835695608,1.069378038,1473862
Tamil Nadu,VILUPPURAM,RAVIKUMAR D,1,DMK,Rising Sun,MALE,0,58,SC,Doctorate,"Rs 65,09,860
 ~ 65 Lacs+","Rs 13,69,031
 ~ 13 Lacs+",556675,2910,559585,38.74343556,49.25499385,1444335
Tamil Nadu,VILUPPURAM,VADIVEL RAVANAN S,0,PMK,Mango,MALE,0,66,SC,Graduate,"Rs 19,25,000
 ~ 19 Lacs+","Rs 0
 ~",430091,1426,431517,29.87651757,37.98237476,1444335
Tamil Nadu,VILUPPURAM,GANAPATHY N,0,IND,Gift Pack,MALE,0,55,SC,8th Pass,"Rs 79,53,000
 ~ 79 Lacs+","Rs 21,50,000
 ~ 21 Lacs+",57939,80,58019,4.017004365,5.106865781,1444335
Tamil Nadu,VILUPPURAM,PRAKALATHA D,0,NTK,Ganna Kisan,FEMALE,1,30,SC,Post Graduate,"Rs 13,53,000
 ~ 13 Lacs+","Rs 8,00,000
 ~ 8 Lacs+",24480,129,24609,1.703829098,2.166098347,1444335
Tamil Nadu,VILUPPURAM,ANBIN POYYAMOZHI S,0,MNM,Battery Torch,MALE,1,48,SC,Post Graduate,"Rs 1,22,000
 ~ 1 Lacs+","Rs 0
 ~",17819,72,17891,1.238701548,1.57477612,1444335
Tamil Nadu,VILUPPURAM,ARASAN K,0,IND,Jackfruit,MALE,0,64,SC,Illiterate,"Rs 3,30,000
 ~ 3 Lacs+","Rs 0
 ~",12778,3,12781,0.88490551,1.124990978,1444335
Tamil Nadu,VILUPPURAM,NOTA,0,NOTA,,,,,,,,,11882,61,11943,0.826885729,1.051229735,1444335
Tamil Nadu,VIRUDHUNAGAR,"MANICKAM TAGORE, B.",1,INC,Hand,MALE,1,44,GENERAL,Graduate Professional,"Rs 1,72,92,470 
1 Crore+","Rs 49,53,498
 ~49 Lacs+",464667,6216,470883,31.72518757,43.76537048,1484256
Tamil Nadu,VIRUDHUNAGAR,"ALAGARSAMY, R.",0,DMDK,Nagara,MALE,3,47,GENERAL,10th Pass,"Rs 1,26,71,316
 ~ 1 Crore+","Rs 3,38,783
 ~ 3 Lacs+",315055,1274,316329,21.31229384,29.40062792,1484256
Tamil Nadu,VIRUDHUNAGAR,"PARAMASIVA IYYAPPAN, S.",0,IND,Gift Pack,MALE,0,45,GENERAL,12th Pass,"Rs 3,52,54,454
 ~ 3 Crore+","Rs 78,36,152
 ~ 78 Lacs+",107033,582,107615,7.250433887,10.00208193,1484256
Tamil Nadu,VIRUDHUNAGAR,"MUNIYASAMY, V.",0,MNM,Battery Torch,MALE,Not Available,41,GENERAL,Not Available,Not Available,Not Available,56815,314,57129,3.848999094,5.309751786,1484256
Tamil Nadu,VIRUDHUNAGAR,"ARULMOZHITHEVAN, K.",0,NTK,Ganna Kisan,MALE,0,36,GENERAL,Graduate Professional,"Rs 1,58,35,879
 ~ 1 Crore+","Rs 0
 ~",52591,449,53040,3.573507535,4.929707062,1484256
Tamil Nadu,VIRUDHUNAGAR,NOTA,0,NOTA,,,,,,,,,17087,205,17292,1.165028135,1.607173728,1484256
