STATE,CONSTITUENCY,NAME,WINNER,PARTY,SYMBOL,GENDER,"CRIMINAL
CASES",AGE,CATEGORY,EDUCATION,ASSETS,LIABILITIES,"GENERAL
VOTES","POSTAL
VOTES","TOTAL
VOTES","OVER TOTAL ELECTORS 
IN CONSTITUENCY","OVER TOTAL VOTES POLLED 
IN CONSTITUENCY",TOTAL ELECTORS
Tripura,TRIPURA EAST,Rebati Tripura,1,BJP,Lotus,MALE,0,43,ST,Post Graduate,"Rs 19,48,315
 ~ 19 Lacs+","Rs 0
 ~",479634,2492,482126,38.20753633,46.08693242,1261861
Tripura,TRIPURA EAST,Maharaj kumari Pragya DebBurman,0,INC,Hand,FEMALE,0,50,ST,Post Graduate,"Rs 6,92,44,661
 ~ 6 Crore+","Rs 5,76,370
 ~ 5 Lacs+",276517,1319,277836,22.01795602,26.55863603,1261861
Tripura,TRIPURA EAST,Jitendra Chaudhury,0,CPI(M),"Hammer, Sickle and Star",MALE,1,60,ST,10th Pass,"Rs 2,27,51,748
 ~ 2 Crore+","Rs 11,20,000
 ~ 11 Lacs+",200497,466,200963,15.92592211,19.21026495,1261861
Tripura,TRIPURA EAST,Narendra Chandra DebBarma,0,IPFT,Dao,MALE,0,76,ST,Graduate,"Rs 1,22,89,807
 ~ 1 Crore+","Rs 0
 ~",45153,151,45304,3.590252809,4.330657102,1261861
Tripura,TRIPURA EAST,NOTA,0,NOTA,,,,,,,,,11197,17,11214,0.888687423,1.071958078,1261861
Tripura,TRIPURA WEST,Pratima Bhoumik,1,BJP,Lotus,FEMALE,0,50,GENERAL,Graduate,"Rs 6,42,398
 ~ 6 Lacs+","Rs 0
 ~",570021,3511,573532,42.3941333,51.74287526,1352857
Tripura,TRIPURA WEST,Subal Bhowmik,0,INC,Hand,MALE,1,58,GENERAL,Graduate Professional,"Rs 56,78,249
 ~ 56 Lacs+","Rs 0
 ~",266275,1568,267843,19.7983231,24.16424356,1352857
Tripura,TRIPURA WEST,Sankar Prasad Datta,0,CPI(M),"Hammer, Sickle and Star",MALE,0,62,GENERAL,Post Graduate,"Rs 2,79,48,486
 ~ 2 Crore+","Rs 0
 ~",171175,651,171826,12.70097283,15.50178767,1352857
Tripura,TRIPURA WEST,Brishaketu Debbarma,0,IPFT,Dao,MALE,0,42,ST,Graduate,"Rs 34,60,085
 ~ 34 Lacs+","Rs 0
 ~",43764,461,44225,3.269007737,3.989888373,1352857
Tripura,TRIPURA WEST,NOTA,0,NOTA,,,,,,,,,11905,55,11960,0.884055004,1.079006556,1352857
