STATE,CONSTITUENCY,NAME,WINNER,PARTY,SYMBOL,GENDER,"CRIMINAL
CASES",AGE,CATEGORY,EDUCATION,ASSETS,LIABILITIES,"GENERAL
VOTES","POSTAL
VOTES","TOTAL
VOTES","OVER TOTAL ELECTORS 
IN CONSTITUENCY","OVER TOTAL VOTES POLLED 
IN CONSTITUENCY",TOTAL ELECTORS
Uttar Pradesh,AGRA,Satyapal Singh Baghel,1,BJP,Lotus,MALE,5,58,SC,Doctorate,"Rs 7,42,74,036
 ~ 7 Crore+","Rs 86,06,522
 ~ 86 Lacs+",644459,2416,646875,33.38382301,56.46461464,1937690
Uttar Pradesh,AGRA,Manoj Kumar Soni,0,BSP,Elephant,MALE,0,47,SC,Post Graduate,"Rs 13,37,84,385
 ~ 13 Crore+","Rs 2,22,51,891
 ~ 2 Crore+",434199,1130,435329,22.46639039,37.99912537,1937690
Uttar Pradesh,AGRA,Preeta Harit,0,INC,Hand,FEMALE,0,54,SC,Post Graduate,"Rs 5,50,75,753
 ~ 5 Crore+","Rs 0
 ~",44877,272,45149,2.330042473,3.940979148,1937690
Uttar Pradesh,AKBARPUR,Devendra Singh 'Bhole',1,BJP,Lotus,MALE,0,64,GENERAL,10th Pass,"Rs 2,85,46,617
 ~2 Crore+","Rs 5,59,965 
~5 Lacs+",577603,3679,581282,32.91292046,56.62023333,1766121
Uttar Pradesh,AKBARPUR,Nisha Sachan,0,BSP,Elephant,FEMALE,0,46,GENERAL,Post Graduate,"Rs 13,44,48,979
 ~ 13 Crore+","Rs 1,36,19,617
 ~ 1 Crore+",304553,1587,306140,17.33403317,29.81980903,1766121
Uttar Pradesh,AKBARPUR,Rajaram Pal,0,INC,Hand,MALE,1,58,GENERAL,Graduate Professional,"Rs 1,90,97,262
 ~ 1 Crore+","Rs 86,00,000
 ~ 86 Lacs+",107592,749,108341,6.134404155,10.55304086,1766121
Uttar Pradesh,ALIGARH,SATISH KUMAR GAUTAM,1,BJP,Lotus,MALE,0,46,GENERAL,10th Pass,"Rs 10,95,22,559
 ~ 10 Crore+","Rs 2,80,95,176
 ~ 2 Crore+",651805,4410,656215,34.77322936,56.37828085,1887127
Uttar Pradesh,ALIGARH,DR. AJEET BALIYAN,0,BSP,Elephant,MALE,0,51,GENERAL,Doctorate,"Rs 28,18,52,783
 ~ 28 Crore+","Rs 0
 ~",424890,2064,426954,22.62455044,36.68147257,1887127
Uttar Pradesh,ALIGARH,BIJENDRA SINGH CHAUDHARY,0,INC,Hand,MALE,4,62,GENERAL,Graduate,"Rs 1,28,63,000
 ~ 1 Crore+","Rs 42,73,034
 ~ 42 Lacs+",50346,534,50880,2.696161944,4.371321792,1887127
Uttar Pradesh,ALLAHABAD,Rita Bahuguna Joshi,1,BJP,Lotus,FEMALE,6,69,GENERAL,Doctorate,"Rs 2,69,19,330
 ~ 2 Crore+","Rs 16,00,000
 ~ 16 Lacs+",493204,1250,494454,28.81164926,55.5845464,1716160
Uttar Pradesh,ALLAHABAD,Rajendra Singh Patel,0,SP,Bicycle,MALE,0,63,GENERAL,Graduate,"Rs 29,26,81,002
 ~ 29 Crore+","Rs 0
 ~",309328,851,310179,18.07401408,34.86908593,1716160
Uttar Pradesh,ALLAHABAD,Yogesh Shukla,0,INC,Hand,MALE,1,49,GENERAL,12th Pass,"Rs 42,00,199
 ~ 42 Lacs+","Rs 0
 ~",31852,101,31953,1.861889334,3.592028805,1716160
Uttar Pradesh,ALLAHABAD,Girdhar Gopal Tripathi,0,CPI(M),Ears of Corn And Sickle,MALE,0,77,GENERAL,Post Graduate,"Rs 3,13,97,972
 ~ 3 Crore+","Rs 3,08,458
 ~ 3 Lacs+",10397,6,10403,0.606178911,1.169463764,1716160
Uttar Pradesh,AMBEDKAR NAGAR,Ritesh Pandey,1,BSP,Elephant,MALE,1,38,GENERAL,Graduate,"Rs 30,72,65,103
 ~ 30 Crore+","Rs 2,47,39,098
 ~ 2 Crore+",563445,673,564118,31.59162146,51.7247608,1785657
Uttar Pradesh,AMBEDKAR NAGAR,Mukut Bihari,0,BJP,Lotus,MALE,0,71,GENERAL,Graduate Professional,"Rs 2,41,16,406
 ~ 2 Crore+","Rs 12,848
 ~ 12 Thou+",467287,951,468238,26.22216921,42.93339079,1785657
Uttar Pradesh,AMBEDKAR NAGAR,Rakesh,0,SBSP,Walking Stick,MALE,0,36,GENERAL,12th Pass,"Rs 21,37,783
 ~ 21 Lacs+","Rs 0
 ~",15164,3,15167,0.849379248,1.390683238,1785657
Uttar Pradesh,AMBEDKAR NAGAR,NOTA,0,NOTA,,,,,,,,,11329,15,11344,0.63528438,1.040147073,1785657
Uttar Pradesh,AMETHI,Smriti Irani,1,BJP,Lotus,FEMALE,0,43,GENERAL,12th Pass,"Rs 11,10,99,609
 ~ 11 Crore+","Rs 0
 ~",467598,916,468514,26.87180781,49.68566932,1743515
Uttar Pradesh,AMETHI,Rahul Gandhi,0,INC,Hand,MALE,6,48,GENERAL,Post Graduate,"Rs 15,88,77,063
 ~ 15 Crore+","Rs 72,01,904
 ~ 72 Lacs+",412867,527,413394,23.71037817,43.8402216,1743515
Uttar Pradesh,AMROHA,KUNWAR DANISH ALI,1,BSP,Elephant,MALE,0,43,GENERAL,Graduate,"Rs 7,49,20,879
 ~ 7 Crore+","Rs 1,95,79,691
 ~ 1 Crore+",600744,338,601082,36.50809173,51.38533401,1646435
Uttar Pradesh,AMROHA,KANWAR SINGH TANWAR,0,BJP,Lotus,MALE,0,58,GENERAL,8th Pass,"Rs 1,82,12,51,171
 ~ 182 Crore+","Rs 1,07,00,504
 ~ 1 Crore+",536380,1454,537834,32.66657961,45.9783852,1646435
Uttar Pradesh,AMROHA,SACHIN CHOUDHARY,0,INC,Hand,MALE,0,35,GENERAL,12th Pass,"Rs 2,70,03,125
 ~ 2 Crore+","Rs 1,22,93,421
 ~ 1 Crore+",12454,56,12510,0.759823497,1.069455629,1646435
Uttar Pradesh,AONLA,DHARMENDRA KASHYAP,1,BJP,Lotus,MALE,0,50,GENERAL,10th Pass,"Rs 2,17,66,502
 ~ 2 Crore+","Rs 33,24,300
 ~ 33 Lacs+",536377,1298,537675,30.11164283,51.06600614,1785605
Uttar Pradesh,AONLA,RUCHIVIRA,0,BSP,Elephant,FEMALE,1,57,GENERAL,Graduate,"Rs 24,11,64,456
 ~ 24 Crore+","Rs 21,00,000
 ~ 21 Lacs+",423100,832,423932,23.74164499,40.26319638,1785605
Uttar Pradesh,AONLA,KUNWAR SARVARAJ SINGH,0,INC,Hand,MALE,0,64,GENERAL,Graduate Professional,"Rs 4,11,89,445
 ~ 4 Crore+","Rs 0
 ~",62407,141,62548,3.502902378,5.940533877,1785605
Uttar Pradesh,AZAMGARH,Akhilesh Yadav,1,SP,Bicycle,MALE,0,45,GENERAL,Graduate Professional,"Rs 37,78,59,166
 ~ 37 Crore+","Rs 28,53,000
 ~ 28 Lacs+",619594,1984,621578,34.74117579,60.3593333,1789168
Uttar Pradesh,AZAMGARH,Dinesh Lal Yadav Nirahua,0,BJP,Lotus,MALE,1,40,GENERAL,12th Pass,"Rs 5,93,80,841
 ~ 5 Crore+","Rs 54,15,364
 ~ 54 Lacs+",360255,1449,361704,20.21632401,35.12384977,1789168
Uttar Pradesh,BADAUN,Dr. Sanghmitra Maurya,0,BJP,Lotus,FEMALE,2,34,GENERAL,Graduate Professional,"Rs 4,03,72,093
 ~ 4 Crore+","Rs 0
 ~",510343,1009,511352,27.03311947,47.28287504,1891576
Uttar Pradesh,BADAUN,Dharmendra Yadav,0,SP,Bicycle,MALE,3,40,GENERAL,Post Graduate,"Rs 11,86,88,322
 ~ 11 Crore+","Rs 2,65,10,293
 ~ 2 Crore+",491959,939,492898,26.05753086,45.57650022,1891576
Uttar Pradesh,BADAUN,Saleem Iqbal Shervani,0,INC,Hand,MALE,5,66,GENERAL,Graduate,"Rs 76,38,72,000
 ~ 76 Crore+","Rs 50,00,000
 ~ 50 Lacs+",51896,51,51947,2.746228542,4.803351722,1891576
Uttar Pradesh,BAGHPAT,Dr. SATYAPAL SINGH,1,BJP,Lotus,MALE,1,63,GENERAL,Post Graduate,"Rs 7,81,95,793
 ~ 7 Crore+","Rs 0
 ~",519631,6158,525789,32.52686709,50.28552793,1616476
Uttar Pradesh,BAGHPAT,JAYANT CHAUDHARY,0,RLD,Hand Pump,MALE,0,40,GENERAL,Post Graduate,"Rs 27,50,23,812
 ~ 27 Crore+","Rs 2,92,42,618
 ~ 2 Crore+",500794,1493,502287,31.07296366,48.03783831,1616476
Uttar Pradesh,BAHRAICH,AKSHAIBAR LAL,1,BJP,Lotus,MALE,0,73,SC,10th Pass,"Rs 4,56,91,463
 ~ 4 Crore+","Rs 30,28,133
 ~ 30 Lacs+",525512,470,525982,30.40520074,53.1218218,1729908
Uttar Pradesh,BAHRAICH,SHABBIR BALMIKI,0,SP,Bicycle,MALE,1,60,SC,12th Pass,"Rs 1,11,62,030
 ~ 1 Crore+","Rs 0
 ~",396843,387,397230,22.9624928,40.11844754,1729908
Uttar Pradesh,BAHRAICH,SAVITRI BAI PHULE,0,INC,Hand,FEMALE,7,38,SC,Graduate,"Rs 30,46,772
 ~ 30 Lacs+","Rs 0
 ~",34383,71,34454,1.991666609,3.479699397,1729908
Uttar Pradesh,BAHRAICH,NOTA,0,NOTA,,,,,,,,,13184,5,13189,0.762410487,1.332029818,1729908
Uttar Pradesh,BALLIA,Virendra Singh,1,BJP,Lotus,MALE,2,62,GENERAL,Graduate,"Rs 2,44,98,319
 ~ 2 Crore+","Rs 0
 ~",464039,5075,469114,25.73837185,47.357938,1822625
Uttar Pradesh,BALLIA,Sanatan Pandey,0,SP,Bicycle,MALE,5,56,GENERAL,Others,"Rs 2,65,00,222
 ~ 2 Crore+","Rs 5,31,827
 ~ 5 Lacs+",450408,3187,453595,24.88690762,45.79126585,1822625
Uttar Pradesh,BALLIA,Vinod,0,SBSP,Walking Stick,MALE,3,51,GENERAL,12th Pass,"Rs 6,79,39,301
 ~ 6 Crore+","Rs 0
 ~",35874,26,35900,1.969686578,3.624172321,1822625
Uttar Pradesh,BANDA,R.K. SINGH PATEL,1,BJP,Lotus,MALE,2,59,GENERAL,Graduate,"Rs 5,57,94,086
 ~ 5 Crore+","Rs 0
 ~",477100,826,477926,28.07986256,46.18035157,1702024
Uttar Pradesh,BANDA,SHYAMA CHARAN GUPTA,0,SP,Bicycle,MALE,0,74,GENERAL,Graduate Professional,"Rs 65,56,45,059
 ~ 65 Crore+","Rs 0
 ~",418647,341,418988,24.61704418,40.4853746,1702024
Uttar Pradesh,BANDA,BALKUMAR PATEL,0,INC,Hand,MALE,8,59,GENERAL,12th Pass,"Rs 4,32,32,650
 ~ 4 Crore+","Rs 1,38,68,284
 ~ 1 Crore+",75350,88,75438,4.432252424,7.28931542,1702024
Uttar Pradesh,BANDA,NOTA,0,NOTA,,,,,,,,,19248,2,19250,1.131006378,1.860061532,1702024
Uttar Pradesh,BANDA,CHHOTELAL,0,PSPL,Key,MALE,0,37,GENERAL,12th Pass,"Rs 29,95,889
 ~ 29 Lacs+","Rs 0
 ~",12746,1,12747,0.74893186,1.231698927,1702024
Uttar Pradesh,BANSGAON,Kamlesh Paswan,1,BJP,Lotus,MALE,5,42,SC,Graduate,"Rs 17,17,06,883
 ~ 17 Crore+","Rs 60,49,264
 ~ 60 Lacs+",544434,2239,546673,31.21601729,56.37065199,1751258
Uttar Pradesh,BANSGAON,Sadal Prasad,0,BSP,Elephant,MALE,0,62,SC,Post Graduate,"Rs 87,02,160
 ~ 87 Lacs+","Rs 0
 ~",391441,1764,393205,22.45271685,40.54566846,1751258
Uttar Pradesh,BANSGAON,NOTA,0,NOTA,,,,,,,,,14060,33,14093,0.804735796,1.453211698,1751258
Uttar Pradesh,BARABANKI,Upendra Singh Rawat,1,BJP,Lotus,MALE,1,51,SC,Post Graduate,"Rs 1,80,50,127
 ~ 1 Crore+","Rs 31,71,774
 ~ 31 Lacs+",535594,323,535917,29.49736629,46.37131525,1816830
Uttar Pradesh,BARABANKI,Ram Sagar Rawat,0,SP,Bicycle,MALE,5,68,SC,10th Pass,"Rs 1,02,94,367
 ~ 1 Crore+","Rs 1,27,553
 ~ 1 Lacs+",425624,153,425777,23.43515904,36.84122633,1816830
Uttar Pradesh,BARABANKI,Tanuj Punia,0,INC,Hand,MALE,0,34,SC,Graduate Professional,"Rs 1,25,72,577
 ~ 1 Crore+","Rs 27,052
 ~ 27 Thou+",159575,36,159611,8.785136749,13.81066844,1816830
Uttar Pradesh,BAREILLY,SANTOSH KUMAR GANGWAR,1,BJP,Lotus,MALE,0,70,GENERAL,Graduate Professional,"Rs 12,63,56,142
 ~ 12 Crore+","Rs 1,30,55,209
 ~ 1 Crore+",563533,1737,565270,31.44485455,52.88056758,1797655
Uttar Pradesh,BAREILLY,BHAGWAT SARAN GANGWAR,0,SP,Bicycle,MALE,2,63,GENERAL,12th Pass,"Rs 3,18,57,876
 ~ 3 Crore+","Rs 0
 ~",397403,585,397988,22.13928702,37.23146696,1797655
Uttar Pradesh,BAREILLY,PRAVEEN SINGH ARON,0,INC,Hand,MALE,1,61,ST,Graduate Professional,"Rs 1,47,76,86,028
 ~ 147 Crore+","Rs 4,65,48,771
 ~ 4 Crore+",74003,203,74206,4.127933335,6.941913418,1797655
Uttar Pradesh,BASTI,HARISH CHANDRA ALIAS HARISH DWIVEDI,1,BJP,Lotus,MALE,5,45,GENERAL,Post Graduate,"Rs 86,62,344
 ~ 86 Lacs+","Rs 3,22,490
 ~ 3 Lacs+",469214,1948,471162,25.53414953,44.65139817,1845223
Uttar Pradesh,BASTI,RAM PRASAD CHAUDHARY,0,BSP,Elephant,MALE,3,65,GENERAL,Others,"Rs 6,60,59,943
 ~ 6 Crore+","Rs 11,66,159
 ~ 11 Lacs+",437641,3167,440808,23.88914511,41.77478983,1845223
Uttar Pradesh,BASTI,RAJ KISHOR SINGH,0,INC,Hand,MALE,0,50,GENERAL,Graduate,"Rs 5,28,12,489
 ~ 5 Crore+","Rs 0
 ~",86453,467,86920,4.710541761,8.237293179,1845223
Uttar Pradesh,BASTI,VINOD KUMAR RAJBHAR,0,SBSP,Walking Stick,MALE,0,42,GENERAL,12th Pass,"Rs 20,26,650
 ~ 20 Lacs+","Rs 0
 ~",11960,11,11971,0.648756275,1.134475801,1845223
Uttar Pradesh,BHADOHI,RAMESH CHAND,1,BJP,Lotus,MALE,6,44,GENERAL,10th Pass,"Rs 9,40,89,148
 ~ 9 Crore+","Rs 2,16,96,413
 ~ 2 Crore+",508989,1040,510029,26.25612994,49.04771109,1942514
Uttar Pradesh,BHADOHI,RANGNATH MISHRA,0,BSP,Elephant,MALE,5,59,GENERAL,Graduate,"Rs 12,48,99,017
 ~ 12 Crore+","Rs 5,48,80,849
 ~ 5 Crore+",465412,1002,466414,24.01084368,44.85340857,1942514
Uttar Pradesh,BHADOHI,RAMAKANT,0,INC,Hand,MALE,2,59,GENERAL,10th Pass,"Rs 8,24,44,969
 ~ 8 Crore+","Rs 0
 ~",25508,96,25604,1.318085738,2.462247431,1942514
Uttar Pradesh,BIJNOR,MALOOK NAGAR,1,BSP,Elephant,MALE,7,53,GENERAL,Graduate,"Rs 2,49,96,28,021
 ~ 249 Crore+","Rs 1,01,61,48,176
 ~ 101 Crore+",559824,1221,561045,33.71411402,50.91309532,1664125
Uttar Pradesh,BIJNOR,RAJA BHARATENDRA SINGH,0,BJP,Lotus,MALE,3,55,GENERAL,Graduate,"Rs 4,98,67,061
 ~ 4 Crore+","Rs 0
 ~",488061,3043,491104,29.51124465,44.56616629,1664125
Uttar Pradesh,BIJNOR,NASIMUDDIN SIDDIQUI,0,INC,Hand,MALE,1,59,GENERAL,Graduate Professional,"Rs 13,07,39,688
 ~ 13 Crore+","Rs 0
 ~",25699,134,25833,1.55234733,2.344264705,1664125
Uttar Pradesh,BULANDSHAHR,BHOLA SINGH,1,BJP,Lotus,MALE,1,42,SC,Graduate,"Rs 1,87,28,861
 ~ 1 Crore+","Rs 0
 ~",677196,4125,681321,38.10679978,60.56186667,1787925
Uttar Pradesh,BULANDSHAHR,YOGESH VERMA,0,BSP,Elephant,MALE,28,50,SC,12th Pass,"Rs 4,73,37,130
 ~ 4 Crore+","Rs 86,09,902
 ~ 86 Lacs+",390458,806,391264,21.88369199,34.77902222,1787925
Uttar Pradesh,BULANDSHAHR,BANSHI SINGH,0,INC,Hand,MALE,3,58,SC,10th Pass,"Rs 1,33,24,200
 ~ 1 Crore+","Rs 3,60,000
 ~ 3 Lacs+",29288,177,29465,1.647999776,2.619111111,1787925
Uttar Pradesh,CHANDAULI,Dr. Mahendra Nath Pandey,1,BJP,Lotus,MALE,0,62,GENERAL,Doctorate,"Rs 3,33,59,734
 ~ 3 Crore+","Rs 0
 ~",508113,2620,510733,29.07116596,47.02046506,1756837
Uttar Pradesh,CHANDAULI,Sanjay Singh Chauhan,0,SP,Bicycle,MALE,2,43,GENERAL,Post Graduate,"Rs 40,15,011
 ~ 40 Lacs+","Rs 3,69,000
 ~ 3 Lacs+",494689,2085,496774,28.27661303,45.73533433,1756837
Uttar Pradesh,CHANDAULI,Shivkanya Kushwaha,0,JANADIP,Dolli,FEMALE,2,52,GENERAL,5th Pass,"Rs 6,60,18,000
 ~ 6 Crore+","Rs 2,47,77,000
 ~ 2 Crore+",22190,101,22291,1.268814352,2.052213557,1756837
Uttar Pradesh,CHANDAULI,Ramgovind,0,SBSP,Walking Stick,MALE,0,32,GENERAL,Graduate Professional,"Rs 1,97,703
 ~ 1 Lacs+","Rs 9,917
 ~ 9 Thou+",18971,14,18985,1.080635255,1.747847758,1756837
Uttar Pradesh,CHANDAULI,NOTA,0,NOTA,,,,,,,,,11182,36,11218,0.638533911,1.032781467,1756837
Uttar Pradesh,DEORIA,RAMAPATI RAM TRIPATHI,1,BJP,Lotus,MALE,1,69,GENERAL,Graduate Professional,"Rs 2,94,51,678
 ~ 2 Crore+","Rs 93,10,684
 ~ 93 Lacs+",577617,3027,580644,33.10031097,57.17273404,1754195
Uttar Pradesh,DEORIA,BINOD KUMAR JAISWAL,0,BSP,Elephant,MALE,Not Available,56,GENERAL,Not Available,Not Available,Not Available,327728,2985,330713,18.85269312,32.56344058,1754195
Uttar Pradesh,DEORIA,NIYAZ AHMED,0,INC,Hand,MALE,Not Available,57,GENERAL,Not Available,Not Available,Not Available,50749,307,51056,2.910508809,5.027195853,1754195
Uttar Pradesh,DEORIA,NOTA,0,NOTA,,,,,,,,,13358,63,13421,0.765080279,1.321490041,1754195
Uttar Pradesh,DHAURAHRA,REKHA VERMA,1,BJP,Lotus,FEMALE,3,45,GENERAL,12th Pass,"Rs 2,47,35,488
 ~ 2 Crore+","Rs 70,95,916
 ~ 70 Lacs+",512582,323,512905,31.18581555,48.20748661,1644674
Uttar Pradesh,DHAURAHRA,ARSHAD ILIYAS SIDDIQUI,0,BSP,Elephant,MALE,7,63,GENERAL,10th Pass,"Rs 52,49,86,176
 ~ 52 Crore+","Rs 17,66,77,024
 ~ 17 Crore+",352093,201,352294,21.42029363,33.11180099,1644674
Uttar Pradesh,DHAURAHRA,KUNWAR JITIN PRASADA,0,INC,Hand,MALE,0,42,GENERAL,Post Graduate,"Rs 12,18,01,005
 ~ 12 Crore+","Rs 0
 ~",162727,129,162856,9.902023137,15.30669118,1644674
Uttar Pradesh,DHAURAHRA,NOTA,0,NOTA,,,,,,,,,10792,6,10798,0.656543485,1.014894455,1644674
Uttar Pradesh,DOMARIYAGANJ,JAGDAMBIKA PAL,1,BJP,Lotus,MALE,3,68,GENERAL,Post Graduate,"Rs 10,33,66,710
 ~ 10 Crore+","Rs 28,38,478
 ~ 28 Lacs+",492145,108,492253,26.10822023,49.9581866,1885433
Uttar Pradesh,DOMARIYAGANJ,AFTAB ALAM,0,BSP,Elephant,MALE,3,37,GENERAL,Graduate,"Rs 6,32,42,772
 ~ 6 Crore+","Rs 1,93,91,778
 ~ 1 Crore+",386901,31,386932,20.52218244,39.26928034,1885433
Uttar Pradesh,DOMARIYAGANJ,CHANDRASH ALIAS CHANDRESH KUMAR UPADHYAY,0,INC,Hand,MALE,0,37,GENERAL,Post Graduate,"Rs 6,40,76,173
 ~ 6 Crore+","Rs 2,44,38,446
 ~ 2 Crore+",60538,11,60549,3.211410854,6.145047852,1885433
Uttar Pradesh,DOMARIYAGANJ,NOTA,0,NOTA,,,,,,,,,11754,3,11757,0.623570289,1.193204307,1885433
Uttar Pradesh,ETAH,Rajveer Singh (Raju Bhaiya),1,BJP,Lotus,MALE,0,58,GENERAL,Graduate Professional,"Rs 38,36,29,735
 ~ 38 Crore+","Rs 10,02,20,000
 ~ 10 Crore+",544267,1081,545348,33.6365683,54.51561051,1621295
Uttar Pradesh,ETAH,Ku. Devendra Singh Yadav,0,SP,Bicycle,MALE,0,70,GENERAL,Doctorate,"Rs 2,04,64,15,655
 ~ 204 Crore+","Rs 5,31,56,203
 ~ 5 Crore+",422054,624,422678,26.07039435,42.25292697,1621295
Uttar Pradesh,ETAWAH,Dr RAM SHANKAR KATHERIA,0,BJP,Lotus,MALE,12,54,SC,Doctorate,"Rs 1,51,54,538
 ~ 1 Crore+","Rs 73,04,616
 ~ 73 Lacs+",519674,2445,522119,29.69987213,50.74974898,1757984
Uttar Pradesh,ETAWAH,KAMLESH KUMAR,0,SP,Bicycle,MALE,0,35,SC,Graduate,"Rs 1,12,07,526
 ~ 1 Crore+","Rs 21,90,246
 ~ 21 Lacs+",455957,1725,457682,26.0344804,44.48649946,1757984
Uttar Pradesh,ETAWAH,ASHOK KUMAR DOHARE,0,INC,Hand,MALE,0,45,SC,Graduate,"Rs 2,43,98,780
 ~ 2 Crore+","Rs 19,00,000
 ~ 19 Lacs+",16460,110,16570,0.942556929,1.610597087,1757984
Uttar Pradesh,FAIZABAD,LALLU SINGH,1,BJP,Lotus,MALE,1,64,GENERAL,Post Graduate,"Rs 3,18,84,642
 ~ 3 Crore+","Rs 1,12,76,478
 ~ 1 Crore+",528113,908,529021,29.03860774,48.64918799,1821785
Uttar Pradesh,FAIZABAD,ANAND SEN,0,SP,Bicycle,MALE,8,55,GENERAL,12th Pass,"Rs 4,39,20,899
 ~ 4 Crore+","Rs 15,60,431
 ~ 15 Lacs+",463187,357,463544,25.44449537,42.62787148,1821785
Uttar Pradesh,FAIZABAD,NIRMAL KHATRI,0,INC,Hand,MALE,3,68,GENERAL,Doctorate,"Rs 1,44,59,169
 ~ 1 Crore+","Rs 4,09,256
 ~ 4 Lacs+",53322,64,53386,2.930422635,4.909418624,1821785
Uttar Pradesh,FARRUKHABAD,Mukesh Rajput,1,BJP,Lotus,MALE,0,50,GENERAL,Graduate,"Rs 7,49,64,501
 ~ 7 Crore+","Rs 3,88,246
 ~ 3 Lacs+",567930,1950,569880,33.35391567,56.80389856,1708585
Uttar Pradesh,FARRUKHABAD,Manoj Agarwal,0,BSP,Elephant,MALE,2,54,GENERAL,Graduate,"Rs 54,78,43,588
 ~ 54 Crore+","Rs 17,41,06,490
 ~ 17 Crore+",347714,464,348178,20.37814917,34.70532006,1708585
Uttar Pradesh,FARRUKHABAD,Salman Khurshid,0,INC,Hand,MALE,1,66,GENERAL,Post Graduate,"Rs 38,42,80,845
 ~ 38 Crore+","Rs 0
 ~",55143,115,55258,3.23413819,5.507948738,1708585
Uttar Pradesh,FATEHPUR,NIRANJAN JYOTI,1,BJP,Lotus,FEMALE,0,52,GENERAL,12th Pass,"Rs 1,06,67,372
 ~ 1 Crore+","Rs 9,10,148
 ~ 9 Lacs+",563715,2325,566040,30.77455048,54.1930073,1839312
Uttar Pradesh,FATEHPUR,SUKHDEV PRASAD VERMA,0,BSP,Elephant,MALE,0,62,GENERAL,8th Pass,"Rs 7,45,44,921
 ~ 7 Crore+","Rs 45,00,729
 ~ 45 Lacs+",366167,1668,367835,19.99851031,35.21674235,1839312
Uttar Pradesh,FATEHPUR,RAKESH SACHAN,0,INC,Hand,MALE,8,63,GENERAL,Post Graduate,"Rs 35,06,70,770
 ~ 35 Crore+","Rs 6,77,94,880
 ~ 6 Crore+",65738,339,66077,3.592484581,6.326251401,1839312
Uttar Pradesh,FATEHPUR,NOTA,0,NOTA,,,,,,,,,14640,52,14692,0.798776934,1.406620845,1839312
Uttar Pradesh,FATEHPUR SIKRI,RAJKUMAR CHAHAR,1,BJP,Lotus,MALE,3,52,GENERAL,Graduate,"Rs 1,48,54,247
 ~ 1 Crore+","Rs 3,56,404
 ~ 3 Lacs+",662794,4353,667147,38.81386077,64.24388036,1718837
Uttar Pradesh,FATEHPUR SIKRI,RAJ BABBAR,0,INC,Hand,MALE,4,68,GENERAL,Graduate,"Rs 18,28,61,705
 ~ 18 Crore+","Rs 1,22,94,927
 ~ 1 Crore+",170889,1193,172082,10.01153687,16.57088381,1718837
Uttar Pradesh,FATEHPUR SIKRI,SHREEBHAGWAN SHARMA,0,BSP,Elephant,MALE,6,44,GENERAL,10th Pass,"Rs 1,37,18,806
 ~ 1 Crore+","Rs 0
 ~",167517,526,168043,9.776552401,16.18194249,1718837
Uttar Pradesh,FATEHPUR SIKRI,NOTA,0,NOTA,,,,,,,,,10664,28,10692,0.622048513,1.029601525,1718837
Uttar Pradesh,FIROZABAD,Dr. Chandra Sen Jadon,1,BJP,Lotus,MALE,0,68,GENERAL,Graduate Professional,"Rs 4,28,72,395
 ~ 4 Crore+","Rs 0
 ~",494050,1769,495819,27.69149572,46.0552642,1790510
Uttar Pradesh,FIROZABAD,Akshay Yadav,0,SP,Bicycle,MALE,0,32,GENERAL,Graduate Professional,"Rs 32,11,57,801
 ~ 32 Crore+","Rs 5,03,58,593
 ~ 5 Crore+",465686,1352,467038,26.0840766,43.38187621,1790510
Uttar Pradesh,FIROZABAD,Shivpal Singh Yadav,0,PSPL,Key,MALE,0,64,GENERAL,Graduate Professional,"Rs 9,98,33,148
 ~ 9 Crore+","Rs 1,29,18,796
 ~ 1 Crore+",91651,218,91869,5.130884497,8.533458917,1790510
Uttar Pradesh,GAUTAM BUDDHA NAGAR,Dr. MAHESH SHARMA,1,BJP,Lotus,MALE,0,59,GENERAL,Graduate Professional,"Rs 47,87,59,568
 ~ 47 Crore+","Rs 4,38,63,749
 ~ 4 Crore+",828164,2648,830812,36.07583284,59.63588754,2302960
Uttar Pradesh,GAUTAM BUDDHA NAGAR,SATVEER,0,BSP,Elephant,MALE,1,42,GENERAL,8th Pass,"Rs 5,35,81,678
 ~ 5 Crore+","Rs 70,70,674
 ~ 70 Lacs+",493421,469,493890,21.44587835,35.45154439,2302960
Uttar Pradesh,GAUTAM BUDDHA NAGAR,Dr. ARVIND KUMAR SINGH,0,INC,Hand,MALE,0,30,GENERAL,Doctorate,"Rs 9,96,90,439
 ~ 9 Crore+","Rs 3,53,29,571
 ~ 3 Crore+",41960,117,42077,1.827083406,3.020297299,2302960
Uttar Pradesh,GHAZIABAD,Vijay Kumar Singh,1,BJP,Lotus,MALE,2,67,GENERAL,Doctorate,"Rs 5,65,45,702
 ~ 5 Crore+","Rs 0
 ~",942576,1927,944503,34.6101361,61.93068375,2728978
Uttar Pradesh,GHAZIABAD,Suresh Bansal,0,SP,Bicycle,MALE,0,76,GENERAL,Post Graduate,"Rs 13,85,22,059
 ~ 13 Crore+","Rs 1,73,00,000
 ~ 1 Crore+",442615,388,443003,16.2332932,29.04752944,2728978
Uttar Pradesh,GHAZIABAD,Dolly Sharma,0,INC,Hand,FEMALE,0,34,GENERAL,Post Graduate,"Rs 2,10,01,366
 ~ 2 Crore+","Rs 0
 ~",111730,214,111944,4.102048459,7.340123284,2728978
Uttar Pradesh,GHAZIPUR,AFZAL ANSARI,1,BSP,Elephant,MALE,5,65,GENERAL,Post Graduate,"Rs 13,79,38,756
 ~ 13 Crore+","Rs 0
 ~",564144,1938,566082,30.09350494,51.11363733,1881077
Uttar Pradesh,GHAZIPUR,MANOJ SINHA,0,BJP,Lotus,MALE,0,59,GENERAL,Graduate Professional,"Rs 4,52,85,263
 ~ 4 Crore+","Rs 61,16,500
 ~ 61 Lacs+",443188,3502,446690,23.74650267,40.3332921,1881077
Uttar Pradesh,GHAZIPUR,RAMJI,0,SBSP,Walking Stick,MALE,0,59,GENERAL,Graduate,"Rs 1,82,57,859
 ~ 1 Crore+","Rs 3,07,100
 ~ 3 Lacs+",33868,9,33877,1.800936378,3.058879618,1881077
Uttar Pradesh,GHAZIPUR,AJIT PRATAP KUSHAWAHA,0,INC,Hand,MALE,1,46,GENERAL,Graduate Professional,"Rs 1,57,33,302
 ~ 1 Crore+","Rs 68,07,639
 ~ 68 Lacs+",19656,178,19834,1.054395966,1.790885212,1881077
Uttar Pradesh,GHOSI,ATUL KUMAR SINGH,1,BSP,Elephant,MALE,13,36,GENERAL,Graduate,"Rs 6,65,36,025
 ~ 6 Crore+","Rs 34,54,591
 ~ 34 Lacs+",572459,1370,573829,28.81172454,50.27061359,1991651
Uttar Pradesh,GHOSI,HARINARAYAN,0,BJP,Lotus,MALE,0,78,GENERAL,Literate,"Rs 3,43,41,628
 ~ 3 Crore+","Rs 28,00,000
 ~ 28 Lacs+",449212,2049,451261,22.65763429,39.53297473,1991651
Uttar Pradesh,GHOSI,MAHENDRA,0,SBSP,Walking Stick,MALE,0,53,GENERAL,10th Pass,"Rs 1,06,13,500
 ~ 1 Crore+","Rs 0
 ~",39842,18,39860,2.001354655,3.491957809,1991651
Uttar Pradesh,GHOSI,BALKRISHNA,0,INC,Hand,MALE,2,70,GENERAL,Post Graduate,"Rs 1,11,58,421
 ~ 1 Crore+","Rs 6,73,100
 ~ 6 Lacs+",23695,117,23812,1.195590995,2.086063707,1991651
Uttar Pradesh,GHOSI,ATUL KUMAR SINGH,0,CPI(M),Ears of Corn And Sickle,MALE,0,64,GENERAL,Graduate Professional,"Rs 1,04,11,346
 ~ 1 Crore+","Rs 74,745
 ~ 74 Thou+",14622,22,14644,0.735269382,1.28289589,1991651
Uttar Pradesh,GONDA,KIRTI VARDHAN SINGH ALIAS RAJA BHAIYA,1,BJP,Lotus,MALE,0,53,GENERAL,Post Graduate,"Rs 23,27,35,285
 ~ 23 Crore+","Rs 2,32,01,603
 ~ 2 Crore+",507276,914,508190,28.70727717,54.99159744,1770248
Uttar Pradesh,GONDA,VINOD KUMAR ALIAS PANDIT SINGH,0,SP,Bicycle,MALE,4,52,GENERAL,12th Pass,"Rs 2,60,80,396
 ~ 2 Crore+","Rs 35,00,000
 ~ 35 Lacs+",341179,651,341830,19.30972384,36.9896648,1770248
Uttar Pradesh,GONDA,SMT KRISHNA PATEL,0,INC,Hand,FEMALE,0,62,GENERAL,12th Pass,"Rs 15,75,85,039
 ~ 15 Crore+","Rs 5,05,20,999
 ~ 5 Crore+",25646,40,25686,1.450983139,2.779500131,1770248
Uttar Pradesh,GORAKHPUR,Ravindra Shyamnarayan Shukla alias Ravi Kishan,1,BJP,Lotus,MALE,0,51,GENERAL,12th Pass,"Rs 20,84,94,688
 ~ 20 Crore+","Rs 1,77,11,043
 ~ 1 Crore+",715010,2112,717122,36.19640046,60.52045488,1981197
Uttar Pradesh,GORAKHPUR,Rambhual Nishad,0,SP,Bicycle,MALE,7,58,GENERAL,Graduate,"Rs 3,97,17,782
 ~ 3 Crore+","Rs 21,00,000
 ~ 21 Lacs+",414340,1118,415458,20.97004992,35.06196595,1981197
Uttar Pradesh,GORAKHPUR,Madhusudan Tripathi,0,INC,Hand,MALE,1,64,GENERAL,Graduate Professional,"Rs 5,76,60,121
 ~ 5 Crore+","Rs 26,38,815
 ~ 26 Lacs+",22855,117,22972,1.159501049,1.938688103,1981197
Uttar Pradesh,HAMIRPUR,KUNWAR PUSHPENDRA SINGH CHANDEL,1,BJP,Lotus,MALE,4,45,GENERAL,Post Graduate,"Rs 16,71,59,924
 ~ 16 Crore+","Rs 3,55,02,582
 ~ 3 Crore+",574101,1021,575122,32.88102453,52.76208248,1749100
Uttar Pradesh,HAMIRPUR,DILIP KUMAR SINGH,0,BSP,Elephant,MALE,0,42,GENERAL,Graduate,"Rs 16,17,87,422
 ~ 16 Crore+","Rs 2,20,26,230
 ~ 2 Crore+",325803,667,326470,18.66502773,29.9505793,1749100
Uttar Pradesh,HAMIRPUR,PRITAM SINGH LODHI KISAAN,0,INC,Hand,MALE,0,64,GENERAL,Post Graduate,"Rs 2,84,24,501
 ~ 2 Crore+","Rs 1,54,60,966
 ~ 1 Crore+",114376,158,114534,6.548167629,10.50742687,1749100
Uttar Pradesh,HAMIRPUR,SANJAY KUMAR SAHU,0,IND,Saw,MALE,1,43,GENERAL,Graduate,"Rs 12,37,46,239
 ~ 12 Crore+","Rs 1,20,41,195
 ~ 1 Crore+",24787,14,24801,1.417929221,2.275260566,1749100
Uttar Pradesh,HAMIRPUR,NOTA,0,NOTA,,,,,,,,,15141,14,15155,0.866445601,1.390329982,1749100
Uttar Pradesh,HARDOI,Jai Prakash,1,BJP,Lotus,MALE,0,61,SC,Graduate,"Rs 23,40,32,624
 ~ 23 Crore+","Rs 26,15,368
 ~ 26 Lacs+",567244,899,568143,31.43915813,53.70748322,1807119
Uttar Pradesh,HARDOI,Usha Verma,0,SP,Bicycle,FEMALE,0,55,SC,Post Graduate,"Rs 4,24,03,277
 ~ 4 Crore+","Rs 10,60,839
 ~ 10 Lacs+",434459,1210,435669,24.10848428,41.18450022,1807119
Uttar Pradesh,HARDOI,Virendra Kumar,0,INC,Hand,MALE,0,46,SC,Graduate,"Rs 1,28,64,500
 ~ 1 Crore+","Rs 1,47,62,567
 ~ 1 Crore+",19943,29,19972,1.105184551,1.887985692,1807119
Uttar Pradesh,HARDOI,NOTA,0,NOTA,,,,,,,,,11003,21,11024,0.610031769,1.042116677,1807119
Uttar Pradesh,HATHRAS,RAJVIR DILER,1,BJP,Lotus,MALE,0,61,SC,12th Pass,"Rs 1,49,30,000
 ~ 1 Crore+","Rs 0
 ~",679799,4500,684299,36.70501845,59.42876051,1864320
Uttar Pradesh,HATHRAS,RAMJI LAL SUMAN,0,SP,Bicycle,MALE,2,68,SC,Graduate Professional,"Rs 2,06,54,961
 ~ 2 Crore+","Rs 0
 ~",422588,1503,424091,22.7477579,36.83068727,1864320
Uttar Pradesh,HATHRAS,TRILOKI RAM,0,INC,Hand,MALE,0,71,SC,Graduate,"Rs 11,82,25,490
 ~ 11 Crore+","Rs 95,10,364
 ~ 95 Lacs+",23715,211,23926,1.283363371,2.077881926,1864320
Uttar Pradesh,JALAUN,BHANU PRATAP SINGH VERMA,1,BJP,Lotus,MALE,1,60,SC,Post Graduate,"Rs 1,06,99,516
 ~ 1 Crore+","Rs 12,265
 ~ 12 Thou+",579723,2040,581763,30.09080574,51.44948556,1933358
Uttar Pradesh,JALAUN,AJAY SINGH (PANKAJ),0,BSP,Elephant,MALE,0,46,SC,12th Pass,"Rs 1,91,37,271
 ~ 1 Crore+","Rs 6,61,326
 ~ 6 Lacs+",422476,910,423386,21.89899646,37.44306856,1933358
Uttar Pradesh,JALAUN,BRIJLAL KHABRI,0,INC,Hand,MALE,0,56,SC,Post Graduate,"Rs 3,54,24,896
 ~ 3 Crore+","Rs 43,43,988
 ~ 43 Lacs+",89444,162,89606,4.634733971,7.924502939,1933358
Uttar Pradesh,JALAUN,SHRAVAN KUMAR PAL,0,RSOSP,Glass Tumbler,MALE,0,55,SC,12th Pass,"Rs 3,39,42,093
 ~ 3 Crore+","Rs 15,00,000
 ~ 15 Lacs+",13861,33,13894,0.718646003,1.228746332,1933358
Uttar Pradesh,JALAUN,NOTA,0,NOTA,,,,,,,,,12493,21,12514,0.647267604,1.106703008,1933358
Uttar Pradesh,JAUNPUR,SHYAM SINGH YADAV,1,BSP,Elephant,MALE,0,65,GENERAL,Post Graduate,"Rs 14,07,17,620
 ~ 14 Crore+","Rs 35,77,000
 ~ 35 Lacs+",520046,1082,521128,27.89800297,50.02030076,1867976
Uttar Pradesh,JAUNPUR,KRISHNA PRATAP SINGH K.P.,0,BJP,Lotus,MALE,0,42,GENERAL,Doctorate,"Rs 11,39,72,361
 ~ 11 Crore+","Rs 17,51,674
 ~ 17 Lacs+",439292,900,440192,23.56518499,42.25168525,1867976
Uttar Pradesh,JAUNPUR,DEO VRAT MISHRA,0,INC,Hand,MALE,0,48,GENERAL,Graduate Professional,"Rs 51,09,60,626
 ~ 51 Crore+","Rs 1,25,12,381
 ~ 1 Crore+",27107,78,27185,1.455318484,2.60934334,1867976
Uttar Pradesh,JHANSI,Anurag Sharma,1,BJP,Lotus,MALE,0,54,GENERAL,Post Graduate,"Rs 1,24,30,60,113
 ~ 124 Crore+","Rs 1,42,12,970
 ~ 1 Crore+",808371,901,809272,39.65583056,58.59491865,2040739
Uttar Pradesh,JHANSI,Shyam Sundar Singh,0,SP,Bicycle,MALE,4,59,GENERAL,Graduate,"Rs 27,20,86,643
 ~ 27 Crore+","Rs 0
 ~",443090,499,443589,21.7366846,32.11783105,2040739
Uttar Pradesh,JHANSI,Shivsharan,0,INC,Hand,MALE,1,47,GENERAL,Post Graduate,"Rs 4,57,15,000
 ~ 4 Crore+","Rs 20,25,000
 ~ 20 Lacs+",86080,59,86139,4.220970933,6.236849536,2040739
Uttar Pradesh,JHANSI,NOTA,0,NOTA,,,,,,,,,18228,11,18239,0.893744864,1.320585318,2040739
Uttar Pradesh,KAIRANA,Pradeep Kumar,1,BJP,Lotus,MALE,5,48,GENERAL,Post Graduate,"Rs 1,72,92,937
 ~ 1 Crore+","Rs 13,00,000
 ~ 13 Lacs+",564380,2581,566961,34.01691843,50.43181319,1666703
Uttar Pradesh,KAIRANA,Tabassum Begum,0,SP,Bicycle,FEMALE,0,48,GENERAL,10th Pass,"Rs 2,14,04,646
 ~ 2 Crore+","Rs 11,93,748
 ~ 11 Lacs+",474339,462,474801,28.48743897,42.23407842,1666703
Uttar Pradesh,KAIRANA,Harendra Singh Malik,0,INC,Hand,MALE,0,64,GENERAL,Graduate,"Rs 5,72,66,147
 ~ 5 Crore+","Rs 50,82,884
 ~ 50 Lacs+",69245,110,69355,4.161209286,6.16920459,1666703
Uttar Pradesh,KAISERGANJ,Brijbhusan Sharan Singh,1,BJP,Lotus,MALE,4,62,GENERAL,Graduate Professional,"Rs 9,89,05,402
 ~ 9 Crore+","Rs 6,15,24,736
 ~ 6 Crore+",580226,1132,581358,32.19132798,59.1819595,1805946
Uttar Pradesh,KAISERGANJ,Chandradev Ram Yadav,0,BSP,Elephant,MALE,3,66,GENERAL,Post Graduate,"Rs 1,72,97,000
 ~ 1 Crore+","Rs 20,00,000
 ~ 20 Lacs+",319418,339,319757,17.70578965,32.5511059,1805946
Uttar Pradesh,KAISERGANJ,Vinay Kumar Pandey 'Vinnu',0,INC,Hand,MALE,Not Available,54,GENERAL,Not Available,Not Available,Not Available,37049,83,37132,2.056096915,3.780019403,1805946
Uttar Pradesh,KAISERGANJ,NOTA,0,NOTA,,,,,,,,,13157,11,13168,0.72914694,1.340495947,1805946
Uttar Pradesh,KANNAUJ,SUBRAT PATHAK,1,BJP,Lotus,MALE,11,39,GENERAL,Graduate,"Rs 5,42,87,991
 ~ 5 Crore+","Rs 2,89,93,930
 ~ 2 Crore+",561286,1801,563087,30.03412587,49.35095553,1874824
Uttar Pradesh,KANNAUJ,DIMPLE YADAV,0,SP,Bicycle,FEMALE,0,41,GENERAL,Graduate,"Rs 37,78,59,166
 ~ 37 Crore+","Rs 28,53,000
 ~ 28 Lacs+",549200,1534,550734,29.37523736,48.2682945,1874824
Uttar Pradesh,KANPUR,Satyadev Pachauri,1,BJP,Lotus,MALE,0,71,GENERAL,Post Graduate,"Rs 13,23,82,819
 ~ 13 Crore+","Rs 3,10,52,190
 ~ 3 Crore+",466442,2495,468937,28.71658799,55.59953001,1632983
Uttar Pradesh,KANPUR,Sriprakash Jaiswal,0,INC,Hand,MALE,0,74,GENERAL,12th Pass,"Rs 7,86,41,628
 ~ 7 Crore+","Rs 0
 ~",311409,1594,313003,19.16756023,37.11121044,1632983
Uttar Pradesh,KANPUR,Ram Kumar,0,SP,Bicycle,MALE,1,61,GENERAL,Post Graduate,"Rs 19,80,48,000
 ~ 19 Crore+","Rs 6,10,000
 ~ 6 Lacs+",47703,572,48275,2.95624633,5.723726878,1632983
Uttar Pradesh,KAUSHAMBI,VINOD KUMAR SONKAR,1,BJP,Lotus,MALE,4,49,SC,Graduate,"Rs 5,93,36,113
 ~ 5 Crore+","Rs 2,07,30,086
 ~ 2 Crore+",381517,1492,383009,21.43163302,39.28148368,1787120
Uttar Pradesh,KAUSHAMBI,INDRAJEET SAROJ,0,SP,Bicycle,MALE,2,57,SC,Graduate,"Rs 11,09,99,555
 ~ 11 Crore+","Rs 2,06,23,099
 ~ 2 Crore+",343274,1013,344287,19.26490667,35.3101472,1787120
Uttar Pradesh,KAUSHAMBI,SHAILENDRA KUMAR PASI,0,JDL,Football Player,MALE,3,61,SC,Graduate,"Rs 3,85,57,366
 ~ 3 Crore+","Rs 32,68,327
 ~ 32 Lacs+",156269,137,156406,8.751846546,16.04103229,1787120
Uttar Pradesh,KAUSHAMBI,SHAILENDRA KUMAR,0,IND,Football,MALE,Not Available,44,SC,Not Available,Not Available,Not Available,26954,13,26967,1.508964143,2.765741198,1787120
Uttar Pradesh,KAUSHAMBI,GIRISH PASI,0,INC,Hand,MALE,4,52,SC,12th Pass,"Rs 4,81,45,467
 ~ 4 Crore+","Rs 2,25,10,000
 ~ 2 Crore+",16384,58,16442,0.920027754,1.686294982,1787120
Uttar Pradesh,KAUSHAMBI,NOTA,0,NOTA,,,,,,,,,14751,18,14769,0.826413447,1.514711749,1787120
Uttar Pradesh,KHERI,Ajay Kumar,1,BJP,Lotus,MALE,1,60,GENERAL,Graduate Professional,"Rs 4,52,95,455
 ~ 4 Crore+","Rs 0
 ~",609285,304,609589,34.42646096,53.62456148,1770699
Uttar Pradesh,KHERI,Dr. Purvi Verma,0,SP,Bicycle,FEMALE,0,29,GENERAL,Post Graduate,"Rs 15,79,411
 ~ 15 Lacs+","Rs 0
 ~",390665,117,390782,22.06936357,34.37646247,1770699
Uttar Pradesh,KHERI,Zafar Ali Naqvi,0,INC,Hand,MALE,0,71,GENERAL,Graduate Professional,"Rs 89,36,547
 ~ 89 Lacs+","Rs 10,61,456
 ~ 10 Lacs+",92127,28,92155,5.204441862,8.106726767,1770699
Uttar Pradesh,KHERI,Vipnesh Shukla,0,CPI(M),Ears of Corn And Sickle,MALE,0,68,GENERAL,Graduate Professional,"Rs 94,70,000
 ~ 94 Lacs+","Rs 0
 ~",11857,0,11857,0.669622561,1.043041173,1770699
Uttar Pradesh,KUSHI NAGAR,VIJAY KUMAR DUBEY,1,BJP,Lotus,MALE,2,50,GENERAL,12th Pass,"Rs 2,18,60,780
 ~ 2 Crore+","Rs 3,16,847
 ~ 3 Lacs+",595508,1531,597039,33.8925523,56.68222715,1761564
Uttar Pradesh,KUSHI NAGAR,N.P. KUSHWAHA ALIAS NATHUNI PRASAD KUSHWAHA,0,SP,Bicycle,MALE,0,65,GENERAL,Post Graduate,"Rs 3,74,74,062
 ~ 3 Crore+","Rs 40,00,000
 ~ 40 Lacs+",257776,1703,259479,14.73003535,24.63465137,1761564
Uttar Pradesh,KUSHI NAGAR,KUNWER RATANJIT PRATAP NARAYAN SINGH,0,INC,Hand,MALE,0,55,GENERAL,Graduate,"Rs 29,54,74,005
 ~ 29 Crore+","Rs 0
 ~",145495,656,146151,8.296661376,13.87541548,1761564
Uttar Pradesh,LALGANJ,Sangeeta Azad,1,BSP,Elephant,FEMALE,0,44,SC,Graduate Professional,"Rs 8,84,51,770
 ~ 8 Crore+","Rs 0
 ~",517545,1275,518820,29.61335175,53.98391782,1751980
Uttar Pradesh,LALGANJ,Neelam Sonker,0,BJP,Lotus,FEMALE,1,43,SC,Post Graduate,"Rs 4,66,88,371
 ~ 4 Crore+","Rs 45,50,000
 ~ 45 Lacs+",356328,895,357223,20.3896734,37.16953293,1751980
Uttar Pradesh,LALGANJ,Dr. Deelip Kumar Saroj,0,SBSP,Walking Stick,MALE,0,45,SC,Doctorate,"Rs 1,77,000
 ~ 1 Lacs+","Rs 5,70,570
 ~ 5 Lacs+",17924,3,17927,1.023242274,1.865328428,1751980
Uttar Pradesh,LALGANJ,Pankaj Mohan Sonkar,0,INC,Hand,MALE,3,29,SC,Graduate,"Rs 46,15,570
 ~ 46 Lacs+","Rs 17,43,219
 ~ 17 Lacs+",17603,27,17630,1.006290026,1.834425179,1751980
Uttar Pradesh,LUCKNOW,Rajnath Singh,1,BJP,Lotus,MALE,0,67,GENERAL,Post Graduate,"Rs 5,14,92,709
 ~ 5 Crore+","Rs 0
 ~",627881,5145,633026,31.0251048,56.64003293,2040367
Uttar Pradesh,LUCKNOW,Poonam Shatrughan Sinha,0,SP,Bicycle,FEMALE,1,68,GENERAL,Graduate,"Rs 1,93,54,59,756
 ~ 193 Crore+","Rs 28,48,63,762
 ~ 28 Crore+",282858,2866,285724,14.00355916,25.56516915,2040367
Uttar Pradesh,LUCKNOW,Acharya Pramod Krishnam,0,INC,Hand,MALE,0,56,GENERAL,Post Graduate,"Rs 4,97,65,383
 ~ 4 Crore+","Rs 0
 ~",178904,1107,180011,8.822481446,16.1064932,2040367
Uttar Pradesh,MACHHLISHAHR,Bholanath (B.P. Saroj),1,BJP,Lotus,MALE,0,58,SC,Graduate,"Rs 25,90,27,394
 ~ 25 Crore+","Rs 1,11,94,163
 ~ 1 Crore+",487093,1304,488397,26.42403368,47.16943047,1848306
Uttar Pradesh,MACHHLISHAHR,Tribhuvan Ram (T.Ram),0,BSP,Elephant,MALE,1,70,SC,Graduate,"Rs 10,20,95,537
 ~ 10 Crore+","Rs 1,17,00,000
 ~ 1 Crore+",486763,1453,488216,26.41424093,47.15194947,1848306
Uttar Pradesh,MACHHLISHAHR,Raj Nath,0,SBSP,Walking Stick,MALE,0,70,SC,Post Graduate,"Rs 44,41,330
 ~ 44 Lacs+","Rs 0
 ~",11212,11,11223,0.607204651,1.083918448,1848306
Uttar Pradesh,MACHHLISHAHR,NOTA,0,NOTA,,,,,,,,,10812,18,10830,0.585941938,1.045962469,1848306
Uttar Pradesh,MAHARAJGANJ,PANKAJ CHOUDHARY,1,BJP,Lotus,MALE,5,54,GENERAL,12th Pass,"Rs 37,18,27,109
 ~ 37 Crore+","Rs 44,83,048
 ~ 44 Lacs+",725557,792,726349,37.92137237,59.18634251,1915408
Uttar Pradesh,MAHARAJGANJ,AKHILESH,0,SP,Bicycle,MALE,4,55,GENERAL,Graduate,"Rs 8,22,63,380
 ~ 8 Crore+","Rs 0
 ~",385592,333,385925,20.14844879,31.4469893,1915408
Uttar Pradesh,MAHARAJGANJ,SUPRIYA SHRINATE,0,INC,Hand,FEMALE,0,41,GENERAL,Post Graduate,"Rs 8,50,42,997
 ~ 8 Crore+","Rs 73,95,000
 ~ 73 Lacs+",72449,67,72516,3.785929682,5.908945718,1915408
Uttar Pradesh,MAINPURI,MULAYAM SINGH YADAV,1,SP,Bicycle,MALE,1,79,GENERAL,Post Graduate,"Rs 20,56,04,593
 ~ 20 Crore+","Rs 2,20,55,657
 ~ 2 Crore+",523145,1781,524926,30.46164309,53.65909507,1723236
Uttar Pradesh,MAINPURI,PREM SINGH SHAKYA,0,BJP,Lotus,MALE,0,60,GENERAL,Others,"Rs 2,61,46,972
 ~ 2 Crore+","Rs 0
 ~",428559,1978,430537,24.98421574,44.01044302,1723236
Uttar Pradesh,MATHURA,HEMA MALINI,1,BJP,Lotus,FEMALE,0,70,GENERAL,Doctorate,"Rs 2,50,82,70,292
 ~ 250 Crore+","Rs 13,12,88,062
 ~ 13 Crore+",667342,3951,671293,37.13123509,60.78763045,1807893
Uttar Pradesh,MATHURA,KUNWAR NARENDRA SINGH,0,RLD,Hand Pump,MALE,2,66,GENERAL,Graduate,"Rs 21,68,20,285
 ~ 21 Crore+","Rs 57,08,000
 ~ 57 Lacs+",377319,503,377822,20.89847131,34.2129355,1807893
Uttar Pradesh,MATHURA,MAHESH PATHAK,0,INC,Hand,MALE,0,63,GENERAL,Graduate,"Rs 35,69,53,188
 ~ 35 Crore+","Rs 0
 ~",27970,114,28084,1.553410517,2.543091934,1807893
Uttar Pradesh,MEERUT,RAJENDRA AGARWAL,1,BJP,Lotus,MALE,3,68,GENERAL,Post Graduate,"Rs 1,34,89,377
 ~ 1 Crore+","Rs 19,90,094
 ~ 19 Lacs+",582976,3208,586184,30.96700302,48.16868539,1892931
Uttar Pradesh,MEERUT,HAJI MOHAMMAD YAQOOB,0,BSP,Elephant,MALE,6,60,GENERAL,8th Pass,"Rs 8,97,93,968
 ~ 8 Crore+","Rs 0
 ~",580597,858,581455,30.71717881,47.78008776,1892931
Uttar Pradesh,MEERUT,HARENDRA AGARWAL,0,INC,Hand,MALE,1,68,GENERAL,Graduate,"Rs 11,58,01,988
 ~ 11 Crore+","Rs 36,86,064
 ~ 36 Lacs+",34301,178,34479,1.821461004,2.833253899,1892931
Uttar Pradesh,MIRZAPUR,Anupriya Singh Patel,1,ADAL,Cup & Saucer,FEMALE,2,37,GENERAL,Post Graduate,"Rs 2,69,00,662
 ~ 2 Crore+","Rs 18,05,603
 ~ 18 Lacs+",590867,697,591564,32.06048289,53.3392723,1845150
Uttar Pradesh,MIRZAPUR,Ramcharitra Nishad,0,SP,Bicycle,MALE,0,54,SC,12th Pass,"Rs 2,65,72,962
 ~ 2 Crore+","Rs 0
 ~",359208,348,359556,19.48654581,32.41991634,1845150
Uttar Pradesh,MIRZAPUR,Lalitesh Pati Tripathi,0,INC,Hand,MALE,3,41,GENERAL,Graduate,"Rs 7,91,95,975
 ~ 7 Crore+","Rs 27,23,790
 ~ 27 Lacs+",91392,109,91501,4.959000623,8.25032753,1845150
Uttar Pradesh,MIRZAPUR,NOTA,0,NOTA,,,,,,,,,15333,20,15353,0.832073273,1.384326713,1845150
Uttar Pradesh,MIRZAPUR,Radheshyam Inshan,0,BRPI,Glass Tumbler,MALE,0,64,SC,8th Pass,"Rs 5,86,200
 ~ 5 Lacs+","Rs 0
 ~",14136,6,14142,0.766441753,1.275135047,1845150
Uttar Pradesh,MISRIKH,Ashok Kumar Rawat,1,BJP,Lotus,MALE,0,52,SC,Post Graduate,"Rs 4,87,71,207
 ~ 4 Crore+","Rs 57,35,470
 ~ 57 Lacs+",533562,867,534429,29.74119221,52.01852865,1796932
Uttar Pradesh,MISRIKH,Dr Neelu Satyarthi,0,BSP,Elephant,FEMALE,0,44,SC,Doctorate,"Rs 3,99,28,000
 ~ 3 Crore+","Rs 3,00,000
 ~ 3 Lacs+",433110,647,433757,24.13875428,42.21964177,1796932
Uttar Pradesh,MISRIKH,Manjari Rahi,0,INC,Hand,FEMALE,1,53,SC,Post Graduate,"Rs 5,48,72,128
 ~ 5 Crore+","Rs 13,50,000
 ~ 13 Lacs+",26446,59,26505,1.47501408,2.579858319,1796932
Uttar Pradesh,MOHANLALGANJ,Kaushal Kishore,1,BJP,Lotus,MALE,1,59,SC,Graduate,"Rs 5,55,30,561
 ~ 5 Crore+","Rs 0
 ~",627223,2776,629999,31.13518573,49.583576,2023431
Uttar Pradesh,MOHANLALGANJ,C. L. Verma,0,BSP,Elephant,MALE,1,49,SC,Post Graduate,"Rs 8,34,07,710
 ~ 8 Crore+","Rs 68,08,934
 ~ 68 Lacs+",537448,2347,539795,26.67721311,42.4841411,2023431
Uttar Pradesh,MOHANLALGANJ,R. K. Chaudhary,0,INC,Hand,MALE,0,60,SC,Graduate Professional,"Rs 91,85,305
 ~ 91 Lacs+","Rs 0
 ~",59640,429,60069,2.96867054,4.72768342,2023431
Uttar Pradesh,MORADABAD,Dr. S.T. HASAN,1,SP,Bicycle,MALE,0,60,GENERAL,Post Graduate,"Rs 5,57,95,546
 ~ 5 Crore+","Rs 5,00,000
 ~ 5 Lacs+",648817,599,649416,33.15141513,50.64600531,1958939
Uttar Pradesh,MORADABAD,KUNWAR SARVESH KUMAR,0,BJP,Lotus,MALE,3,67,GENERAL,10th Pass,"Rs 10,29,03,614
 ~ 10 Crore+","Rs 6,00,000
 ~ 6 Lacs+",549729,1809,551538,28.15493489,43.01279377,1958939
Uttar Pradesh,MORADABAD,IMRAN PRATAPGARHI,0,INC,Hand,MALE,0,32,GENERAL,Post Graduate,"Rs 3,15,47,689
 ~ 3 Crore+","Rs 1,00,34,039
 ~ 1 Crore+",59117,81,59198,3.02194198,4.6166744,1958939
Uttar Pradesh,MUZAFFARNAGAR,Sanjeev Kumar Balyan,1,BJP,Lotus,MALE,1,46,GENERAL,Doctorate,"Rs 1,57,81,189
 ~ 1 Crore+","Rs 23,73,645
 ~ 23 Lacs+",569535,4245,573780,33.79145973,49.38826312,1698003
Uttar Pradesh,MUZAFFARNAGAR,Ajit Singh,0,RLD,Hand Pump,MALE,0,78,GENERAL,Post Graduate,"Rs 16,61,25,602
 ~ 16 Crore+","Rs 0
 ~",565753,1501,567254,33.4071259,48.82653597,1698003
Uttar Pradesh,NAGINA,GIRISH CHANDRA,1,BSP,Elephant,MALE,1,55,SC,12th Pass,"Rs 2,86,59,644
 ~ 2 Crore+","Rs 90,62,600
 ~ 90 Lacs+",567195,1183,568378,35.83455697,56.2870314,1586117
Uttar Pradesh,NAGINA,DR. YASHWANT SINGH,0,BJP,Lotus,MALE,0,56,SC,Post Graduate,"Rs 6,63,52,887
 ~ 6 Crore+","Rs 9,00,000
 ~ 9 Lacs+",399348,2198,401546,25.3162913,39.76549463,1586117
Uttar Pradesh,NAGINA,OMVATI DEVI,0,INC,Hand,FEMALE,0,69,SC,10th Pass,"Rs 3,71,58,570
 ~ 3 Crore+","Rs 0
 ~",19967,79,20046,1.263841192,1.985175062,1586117
Uttar Pradesh,PHULPUR,Keshari Devi Patel,1,BJP,Lotus,FEMALE,2,62,GENERAL,Post Graduate,"Rs 17,27,07,104
 ~ 17 Crore+","Rs 65,05,194
 ~ 65 Lacs+",542398,2303,544701,27.09312268,55.63413296,2010477
Uttar Pradesh,PHULPUR,Pandhari Yadav,0,SP,Bicycle,MALE,0,58,GENERAL,Graduate,"Rs 99,86,599
 ~ 99 Lacs+","Rs 0
 ~",371318,1415,372733,18.53953067,38.06983516,2010477
Uttar Pradesh,PHULPUR,Pankaj Patel,0,INC,Hand,MALE,1,38,GENERAL,Graduate,"Rs 3,82,23,599
 ~ 3 Crore+","Rs 0
 ~",32617,144,32761,1.629513792,3.346110674,2010477
Uttar Pradesh,PILIBHIT,Feroze Varun Gandhi,1,BJP,Lotus,MALE,0,39,GENERAL,Post Graduate,"Rs 60,32,00,539
 ~ 60 Crore+","Rs 2,89,52,800
 ~ 2 Crore+",702755,1794,704549,40.00375879,59.34418497,1761207
Uttar Pradesh,PILIBHIT,Hemraj Verma,0,SP,Bicycle,MALE,1,43,GENERAL,Graduate,"Rs 1,09,31,313
 ~ 1 Crore+","Rs 6,45,587
 ~ 6 Lacs+",447140,1782,448922,25.48945127,37.81271452,1761207
Uttar Pradesh,PRATAPGARH,SANGAM LAL GUPTA,1,BJP,Lotus,MALE,2,48,GENERAL,8th Pass,"Rs 24,87,89,514
 ~ 24 Crore+","Rs 88,95,225
 ~ 88 Lacs+",434222,2069,436291,25.53262338,47.66858343,1708759
Uttar Pradesh,PRATAPGARH,ASHOK TRIPATHI,0,BSP,Elephant,MALE,1,45,GENERAL,Graduate,"Rs 37,46,721
 ~ 37 Lacs+","Rs 72,60,000
 ~ 72 Lacs+",316633,1906,318539,18.64154044,34.80315408,1708759
Uttar Pradesh,PRATAPGARH,RAJKUMARI RATNA SINGH,0,INC,Hand,FEMALE,6,57,GENERAL,Graduate,"Rs 36,20,51,733
 ~ 36 Crore+","Rs 10,08,000
 ~ 10 Lacs+",76686,410,77096,4.511812374,8.423408019,1708759
Uttar Pradesh,PRATAPGARH,AKSHAY PRATAP SINGH ALIAS GOPAL JI,0,JDL,Football Player,MALE,4,51,GENERAL,8th Pass,"Rs 15,61,38,084
 ~ 15 Crore+","Rs 4,62,18,245
 ~ 4 Crore+",46766,197,46963,2.748368845,5.131115892,1708759
Uttar Pradesh,PRATAPGARH,NOTA,0,NOTA,,,,,,,,,12127,32,12159,0.711569039,1.32847642,1708759
Uttar Pradesh,RAE BARELI,SONIA GANDHI,1,INC,Hand,FEMALE,1,72,GENERAL,Others,"Rs 11,82,63,916
 ~ 11 Crore+","Rs 0
 ~",533687,1231,534918,31.42421081,55.77744828,1702248
Uttar Pradesh,RAE BARELI,DINESH PRATAP SINGH,0,BJP,Lotus,MALE,3,51,GENERAL,Graduate,"Rs 2,96,76,192
 ~ 2 Crore+","Rs 9,72,748
 ~ 9 Lacs+",365839,1901,367740,21.60319765,38.34531429,1702248
Uttar Pradesh,RAE BARELI,NOTA,0,NOTA,,,,,,,,,10225,27,10252,0.60226242,1.069005716,1702248
Uttar Pradesh,RAMPUR,Mohammad Azam Khan,1,SP,Bicycle,MALE,10,64,GENERAL,Graduate Professional,"Rs 4,61,24,814
 ~ 4 Crore+","Rs 0
 ~",559018,159,559177,33.2941353,52.69100805,1679506
Uttar Pradesh,RAMPUR,Jayaprada Nahata,0,BJP,Lotus,FEMALE,0,57,GENERAL,12th Pass,"Rs 27,92,73,009
 ~ 27 Crore+","Rs 1,62,04,374
 ~ 1 Crore+",448630,550,449180,26.744769,42.32603808,1679506
Uttar Pradesh,RAMPUR,Sanjay Kapoor,0,INC,Hand,MALE,0,56,GENERAL,Graduate Professional,"Rs 9,71,99,000
 ~ 9 Crore+","Rs 55,25,000
 ~ 55 Lacs+",34965,44,35009,2.084481985,3.298883003,1679506
Uttar Pradesh,ROBERTSGANJ,PAKAURI LAL KOL,1,ADAL,Cup & Saucer,MALE,0,66,SC,Literate,"Rs 2,30,48,078
 ~ 2 Crore+","Rs 6,84,133
 ~ 6 Lacs+",447691,223,447914,25.9880548,45.29856271,1723538
Uttar Pradesh,ROBERTSGANJ,BHAI LAL,0,SP,Bicycle,MALE,1,67,SC,10th Pass,"Rs 2,08,13,273
 ~ 2 Crore+","Rs 6,40,631
 ~ 6 Lacs+",393304,274,393578,22.83546983,39.80343931,1723538
Uttar Pradesh,ROBERTSGANJ,BHAGWATI PRASAD CHAUDHARI,0,INC,Hand,MALE,0,64,SC,Graduate Professional,"Rs 2,61,46,670
 ~ 2 Crore+","Rs 41,05,250
 ~ 41 Lacs+",35222,47,35269,2.046314035,3.566834277,1723538
Uttar Pradesh,ROBERTSGANJ,NOTA,0,NOTA,,,,,,,,,21103,15,21118,1.225270345,2.135711425,1723538
Uttar Pradesh,ROBERTSGANJ,ANUJ KUMAR KANAUJIA,0,BLRP,BUCKET,MALE,0,28,SC,Post Graduate,"Rs 16,96,772
 ~ 16 Lacs+","Rs 0
 ~",18333,5,18338,1.06397422,1.854563695,1723538
Uttar Pradesh,ROBERTSGANJ,ASHOK KUMAR KANAUJIYA,0,CPI(M),Ears of Corn And Sickle,MALE,0,55,SC,Graduate Professional,"Rs 29,25,000
 ~ 29 Lacs+","Rs 0
 ~",17445,21,17466,1.013380616,1.76637635,1723538
Uttar Pradesh,ROBERTSGANJ,S R DARAPURI,0,AIPF,Cot,MALE,0,64,SC,Graduate,"Rs 1,27,13,261
 ~ 1 Crore+","Rs 1,05,801
 ~ 1 Lacs+",11029,3,11032,0.640078722,1.11569128,1723538
Uttar Pradesh,SAHARANPUR,HAJI FAZLUR REHMAN,1,BSP,Elephant,MALE,0,67,GENERAL,Graduate,"Rs 4,61,46,135
 ~ 4 Crore+","Rs 60,000
 ~ 60 Thou+",513268,871,514139,29.56381585,41.7172304,1739082
Uttar Pradesh,SAHARANPUR,RAGHAV LAKHANPAL,0,BJP,Lotus,MALE,2,44,GENERAL,Post Graduate,"Rs 4,75,43,994
 ~ 4 Crore+","Rs 0
 ~",489942,1780,491722,28.27480245,39.89831537,1739082
Uttar Pradesh,SAHARANPUR,IMRAN MASOOD,0,INC,Hand,MALE,8,48,GENERAL,12th Pass,"Rs 5,05,97,337
 ~ 5 Crore+","Rs 0
 ~",206908,160,207068,11.9067416,16.80149427,1739082
Uttar Pradesh,SALEMPUR,RAVINDER,1,BJP,Lotus,MALE,0,55,GENERAL,12th Pass,"Rs 2,70,31,724
 ~ 2 Crore+","Rs 2,49,400
 ~ 2 Lacs+",464629,3311,467940,28.06603802,50.63732211,1667282
Uttar Pradesh,SALEMPUR,R S KUSHWAHA,0,BSP,Elephant,MALE,0,62,GENERAL,Others,"Rs 11,52,46,002
 ~ 11 Crore+","Rs 2,65,057
 ~ 2 Lacs+",352381,2944,355325,21.31163175,38.45088362,1667282
Uttar Pradesh,SALEMPUR,RAJARAM,0,SBSP,Walking Stick,MALE,0,54,GENERAL,10th Pass,"Rs 63,10,007
 ~ 63 Lacs+","Rs 0
 ~",33552,16,33568,2.013336676,3.632503374,1667282
Uttar Pradesh,SALEMPUR,RAJESH KUMAR MISHRA,0,INC,Hand,MALE,1,61,GENERAL,Doctorate,"Rs 1,30,88,751
 ~ 1 Crore+","Rs 9,03,849
 ~ 9 Lacs+",27045,318,27363,1.641174079,2.961039973,1667282
Uttar Pradesh,SAMBHAL,DR. SHAFIQUR REHMAN BARQ,1,SP,Bicycle,MALE,0,86,GENERAL,Graduate,"Rs 1,32,96,671
 ~ 1 Crore+","Rs 0
 ~",657505,501,658006,35.98091389,55.58478376,1828764
Uttar Pradesh,SAMBHAL,PARAMESHVAR LAL SAINI,0,BJP,Lotus,MALE,0,64,GENERAL,10th Pass,"Rs 11,00,88,877
 ~ 11 Crore+","Rs 49,43,218
 ~ 49 Lacs+",482466,714,483180,26.42112378,40.81642997,1828764
Uttar Pradesh,SAMBHAL,MAJOR JAGAT PAL SINGH,0,INC,Hand,MALE,0,78,GENERAL,Graduate,"Rs 2,71,37,444
 ~ 2 Crore+","Rs 0
 ~",12076,29,12105,0.661922479,1.022564851,1828764
Uttar Pradesh,SANT KABIR NAGAR,PRAVEEN KUMAR NISHAD,1,BJP,Lotus,MALE,0,30,ST,Graduate Professional,"Rs 43,00,614
 ~ 43 Lacs+","Rs 23,26,248
 ~ 23 Lacs+",466167,1376,467543,23.8189559,43.94510891,1962903
Uttar Pradesh,SANT KABIR NAGAR,BHEESHMA SHANKAR,0,BSP,Elephant,MALE,0,54,GENERAL,12th Pass,"Rs 14,25,35,633
 ~ 14 Crore+","Rs 0
 ~",430899,895,431794,21.9977248,40.58500364,1962903
Uttar Pradesh,SANT KABIR NAGAR,BHAL CHANDRA YADAV,0,INC,Hand,MALE,2,60,GENERAL,Graduate,"Rs 1,53,41,651
 ~ 1 Crore+","Rs 1,00,68,345
 ~ 1 Crore+",128242,264,128506,6.54673206,12.07848298,1962903
Uttar Pradesh,SANT KABIR NAGAR,NOTA,0,NOTA,,,,,,,,,12614,17,12631,0.643485694,1.187207745,1962903
Uttar Pradesh,SHAHJAHANPUR,Arun Kumar Sagar,1,BJP,Lotus,MALE,1,42,SC,12th Pass,"Rs 4,34,48,049
 ~ 4 Crore+","Rs 11,79,697
 ~ 11 Lacs+",686352,2638,688990,32.58867061,58.03814737,2114201
Uttar Pradesh,SHAHJAHANPUR,Amar Chandra Jauhar,0,BSP,Elephant,MALE,5,48,SC,Post Graduate,"Rs 1,57,55,445
 ~ 1 Crore+","Rs 12,00,128
 ~ 12 Lacs+",417337,3235,420572,19.89271597,35.42753845,2114201
Uttar Pradesh,SHAHJAHANPUR,Brahm Swaroop Sagar,0,INC,Hand,MALE,0,47,SC,Graduate,"Rs 5,22,49,560
 ~ 5 Crore+","Rs 21,59,156
 ~ 21 Lacs+",35055,228,35283,1.668857408,2.972118541,2114201
Uttar Pradesh,SHRAWASTI,RAM SHIROMANI,1,BSP,Elephant,MALE,0,49,GENERAL,Graduate Professional,"Rs 1,91,08,216
 ~ 1 Crore+","Rs 3,50,000
 ~ 3 Lacs+",441505,266,441771,23.07212628,44.30385332,1914739
Uttar Pradesh,SHRAWASTI,DADDAN MISHRA,0,BJP,Lotus,MALE,0,52,GENERAL,Post Graduate,"Rs 2,87,88,083
 ~ 2 Crore+","Rs 1,55,755
 ~ 1 Lacs+",436228,223,436451,22.79428162,43.77032691,1914739
Uttar Pradesh,SHRAWASTI,DHIRENDRA PRATAP SINGH,0,INC,Hand,MALE,8,54,GENERAL,Post Graduate,"Rs 11,04,55,296
 ~ 11 Crore+","Rs 16,71,408
 ~ 16 Lacs+",58014,28,58042,3.031326985,5.820853462,1914739
Uttar Pradesh,SHRAWASTI,NOTA,0,NOTA,,,,,,,,,17104,4,17108,0.893489922,1.715708642,1914739
Uttar Pradesh,SHRAWASTI,NABBAN KHAN,0,CPI(M),Ears of Corn And Sickle,MALE,0,63,GENERAL,Literate,"Rs 23,95,000
 ~ 23 Lacs+","Rs 0
 ~",12662,0,12662,0.661291173,1.269832992,1914739
Uttar Pradesh,SITAPUR,Rajesh Verma,1,BJP,Lotus,MALE,1,58,GENERAL,Post Graduate,"Rs 7,31,29,716
 ~ 7 Crore+","Rs 1,08,148
 ~ 1 Lacs+",513984,544,514528,30.88169802,48.30241959,1666126
Uttar Pradesh,SITAPUR,Nakul Dubey,0,BSP,Elephant,MALE,1,53,GENERAL,Graduate Professional,"Rs 3,42,86,356
 ~ 3 Crore+","Rs 0
 ~",413173,522,413695,24.82975477,38.83650544,1666126
Uttar Pradesh,SITAPUR,Qaiser Jahan,0,INC,Hand,FEMALE,1,45,GENERAL,8th Pass,"Rs 1,25,60,808
 ~ 1 Crore+","Rs 42,84,514
 ~ 42 Lacs+",95958,60,96018,5.762949501,9.013895695,1666126
Uttar Pradesh,SULTANPUR,MANEKA SANJAI GANDHI,1,BJP,Lotus,FEMALE,0,62,GENERAL,12th Pass,"Rs 55,69,26,451
 ~ 55 Crore+","Rs 1,19,35,800
 ~ 1 Crore+",458281,915,459196,25.86734085,45.88454421,1775196
Uttar Pradesh,SULTANPUR,CHANDRA BHADRA SINGH "SSONU",0,BSP,Elephant,MALE,6,43,GENERAL,Post Graduate,"Rs 10,60,96,052
 ~ 10 Crore+","Rs 0
 ~",444422,248,444670,25.049065,44.43305315,1775196
Uttar Pradesh,SULTANPUR,Dr. SANJAY SINH,0,INC,Hand,MALE,0,67,GENERAL,Doctorate,"Rs 41,11,99,451
 ~ 41 Crore+","Rs 0
 ~",41588,93,41681,2.347966084,4.164918003,1775196
Uttar Pradesh,SULTANPUR,KAMLA DEVI,0,PSPL,Key,FEMALE,5,42,GENERAL,12th Pass,"Rs 1,82,51,000
 ~ 1 Crore+","Rs 6,76,000
 ~ 6 Lacs+",11484,10,11494,0.6474778,1.148522529,1775196
Uttar Pradesh,UNNAO,Swami Sakshi Ji Maharaj,1,BJP,Lotus,MALE,4,63,GENERAL,Doctorate,"Rs 4,08,86,941
 ~ 4 Crore+","Rs 6,99,025
 ~ 6 Lacs+",702441,1066,703507,32.10213259,56.84670773,2191465
Uttar Pradesh,UNNAO,Arun Shanker Shukla,0,SP,Bicycle,MALE,2,61,GENERAL,10th Pass,"Rs 45,83,67,272
 ~ 45 Crore+","Rs 20,74,764
 ~ 20 Lacs+",302263,288,302551,13.80587872,24.44755812,2191465
Uttar Pradesh,UNNAO,Annu Tandon,0,INC,Hand,FEMALE,1,61,GENERAL,Graduate,"Rs 81,60,46,184
 ~ 81 Crore+","Rs 9,66,75,048
 ~ 9 Crore+",185468,166,185634,8.470771835,15.00010909,2191465
Uttar Pradesh,VARANASI,NARENDRA MODI,1,BJP,Lotus,MALE,0,68,GENERAL,Post Graduate,"Rs 2,51,36,119
 ~ 2 Crore+","Rs 0
 ~",673453,1211,674664,36.33494561,63.59780888,1856791
Uttar Pradesh,VARANASI,SHALINI YADAV,0,SP,Bicycle,FEMALE,0,47,GENERAL,Graduate,"Rs 1,26,00,000
 ~ 1 Crore+","Rs 7,88,131
 ~ 7 Lacs+",194763,396,195159,10.51055288,18.3968387,1856791
Uttar Pradesh,VARANASI,AJAY RAI,0,INC,Hand,MALE,8,49,GENERAL,Graduate,"Rs 1,39,70,015
 ~ 1 Crore+","Rs 0
 ~",152456,92,152548,8.215679632,14.38007445,1856791
