STATE,CONSTITUENCY,NAME,WINNER,PARTY,SYMBOL,GENDER,"CRIMINAL
CASES",AGE,CATEGORY,EDUCATION,ASSETS,LIABILITIES,"GENERAL
VOTES","POSTAL
VOTES","TOTAL
VOTES","OVER TOTAL ELECTORS 
IN CONSTITUENCY","OVER TOTAL VOTES POLLED 
IN CONSTITUENCY",TOTAL ELECTORS
Uttarakhand,ALMORA,Ajay Tamta,1,BJP,Lotus,MALE,0,46,SC,12th Pass,"Rs 99,10,448
 ~ 99 Lacs+","Rs 55,845
 ~ 55 Thou+",430455,14196,444651,33.23728069,63.53909006,1337808
Uttarakhand,ALMORA,Pradeep Tamta,0,INC,Hand,MALE,1,60,SC,Post Graduate,"Rs 1,32,93,598
 ~ 1 Crore+","Rs 25,00,000
 ~ 25 Lacs+",209836,1829,211665,15.82177712,30.24619645,1337808
Uttarakhand,ALMORA,NOTA,0,NOTA,,,,,,,,,15311,194,15505,1.158985445,2.215610876,1337808
Uttarakhand,ALMORA,Sunder Dhoni (Advocate),0,BSP,Elephant,MALE,0,41,SC,Post Graduate,"Rs 28,70,000
 ~ 28 Lacs+","Rs 15,00,000
 ~ 15 Lacs+",10059,131,10190,0.761693756,1.456115758,1337808
Uttarakhand,GARHWAL,Tirath Singh Rawat,1,BJP,Lotus,MALE,0,55,GENERAL,Post Graduate,"Rs 1,50,32,657
 ~ 1 Crore+","Rs 35,00,000
 ~ 35 Lacs+",487613,19367,506980,37.39353118,67.77608145,1355796
Uttarakhand,GARHWAL,Manish Khanduri,0,INC,Hand,MALE,0,50,GENERAL,Post Graduate,"Rs 7,94,62,193
 ~ 7 Crore+","Rs 55,60,112
 ~ 55 Lacs+",202610,1701,204311,15.06944998,27.31350147,1355796
Uttarakhand,GARHWAL,NOTA,0,NOTA,,,,,,,,,12181,95,12276,0.905445952,1.641128202,1355796
Uttarakhand,HARDWAR,Ramesh Pokhriyal 'Nishank',1,BJP,Lotus,MALE,0,59,GENERAL,Doctorate,"Rs 2,87,39,888
 ~ 2 Crore+","Rs 16,444
 ~ 16 Thou+",661050,4624,665674,36.1634301,52.27561326,1840738
Uttarakhand,HARDWAR,Ambrish Kumar,0,INC,Hand,MALE,0,70,GENERAL,Post Graduate,"Rs 85,48,506
 ~ 85 Lacs+","Rs 0
 ~",406264,681,406945,22.10770897,31.95753393,1840738
Uttarakhand,HARDWAR,Dr. Antriksh Saini,0,BSP,Elephant,MALE,0,60,GENERAL,Graduate Professional,"Rs 86,90,94,791
 ~ 86 Crore+","Rs 27,88,77,123
 ~ 27 Crore+",173169,359,173528,9.427088483,13.62721485,1840738
Uttarakhand,NAINITAL-UDHAMSINGH NAGAR,Ajay Bhatt,1,BJP,Lotus,MALE,0,57,GENERAL,Graduate Professional,"Rs 1,96,99,529
 ~ 1 Crore+","Rs 0
 ~",765173,7022,772195,42.2326112,61.23623127,1828433
Uttarakhand,NAINITAL-UDHAMSINGH NAGAR,Harish Rawat,0,INC,Hand,MALE,1,71,GENERAL,Graduate Professional,"Rs 5,67,35,244
 ~ 5 Crore+","Rs 1,07,12,888
 ~ 1 Crore+",431101,1998,433099,23.68689473,34.34540567,1828433
Uttarakhand,NAINITAL-UDHAMSINGH NAGAR,Er. Navneet Agarwal,0,BSP,Elephant,MALE,0,46,GENERAL,Graduate Professional,`,"Rs 3,53,52,263
 ~ 3 Crore+",28271,184,28455,1.556250626,2.256524532,1828433
Uttarakhand,TEHRI GARHWAL,MALA RAJYA LAXMI SHAH,1,BJP,Lotus,FEMALE,0,68,GENERAL,12th Pass,"Rs 1,84,66,40,100
 ~ 184 Crore+","Rs 1,35,00,00,000
 ~ 135 Crore+",556120,9213,565333,37.85180607,64.302085,1493543
Uttarakhand,TEHRI GARHWAL,PRITAM SINGH,0,INC,Hand,MALE,1,60,ST,Graduate Professional,"Rs 9,42,52,961
 ~ 9 Crore+","Rs 92,78,744
 ~ 92 Lacs+",262171,2576,264747,17.72610497,30.1128434,1493543
Uttarakhand,TEHRI GARHWAL,GOPAL MANI,0,IND,Man Blowing Turha,MALE,0,59,GENERAL,Post Graduate,"Rs 1,80,29,611
 ~ 1 Crore+","Rs 0
 ~",10540,146,10686,0.715479902,1.215446614,1493543
