STATE,CONSTITUENCY,NAME,WINNER,PARTY,SYMBOL,GENDER,"CRIMINAL
CASES",AGE,CATEGORY,EDUCATION,ASSETS,LIABILITIES,"GENERAL
VOTES","POSTAL
VOTES","TOTAL
VOTES","OVER TOTAL ELECTORS 
IN CONSTITUENCY","OVER TOTAL VOTES POLLED 
IN CONSTITUENCY",TOTAL ELECTORS
West Bengal,ALIPURDUARS,JOHN BARLA,1,BJP,Lotus,MALE,9,43,ST,8th Pass,"Rs 14,18,730
 ~ 14 Lacs+","Rs 0
 ~",747788,3016,750804,45.54790968,54.35976298,1648383
West Bengal,ALIPURDUARS,DASRATH TIRKEY,0,AITC,Flowers and Grass,MALE,0,52,ST,Graduate,"Rs 90,39,609
 ~ 90 Lacs+","Rs 5,81,713
 ~ 5 Lacs+",505885,930,506815,30.74619187,36.69445458,1648383
West Bengal,ALIPURDUARS,MILI ORAON,0,RSP,Spade & Stoker,FEMALE,0,42,ST,Post Graduate,"Rs 28,04,955
 ~ 28 Lacs+","Rs 3,04,672
 ~ 3 Lacs+",53859,151,54010,3.276544347,3.910435745,1648383
West Bengal,ALIPURDUARS,MOHANLAL BASUMATA,0,INC,Hand,MALE,0,44,ST,Graduate Professional,"Rs 23,20,328
 ~ 23 Lacs+","Rs 6,59,760
 ~ 6 Lacs+",27279,148,27427,1.66387302,1.985771545,1648383
West Bengal,ALIPURDUARS,NOTA,0,NOTA,,,,,,,,,21147,28,21175,1.284592234,1.53311381,1648383
West Bengal,ARAMBAGH,APARUPA PODDAR (AFRIN ALI),1,AITC,Flowers and Grass,FEMALE,1,33,SC,Post Graduate,"Rs 1,25,27,597
 ~ 1 Crore+","Rs 42,44,000
 ~ 42 Lacs+",649613,316,649929,36.82889015,44.13893194,1764726
West Bengal,ARAMBAGH,TAPAN KUMAR RAY,0,BJP,Lotus,MALE,1,55,SC,Post Graduate,"Rs 20,14,593
 ~ 20 Lacs+","Rs 18,75,000
 ~ 18 Lacs+",647755,1032,648787,36.76417756,44.06137476,1764726
West Bengal,ARAMBAGH,SAKTI MOHAN MALIK,0,CPI(M),"Hammer, Sickle and Star",MALE,2,59,SC,Post Graduate,"Rs 1,04,48,352
 ~ 1 Crore+","Rs 17,324
 ~ 17 Thou+",100373,147,100520,5.696068398,6.826661741,1764726
West Bengal,ARAMBAGH,JYOTI KUMARI DAS,0,INC,Hand,FEMALE,0,41,SC,Graduate,"Rs 1,20,69,004
 ~ 1 Crore+","Rs 29,96,520
 ~ 29 Lacs+",25094,34,25128,1.423903767,1.706529608,1764726
West Bengal,ARAMBAGH,NOTA,0,NOTA,,,,,,,,,20484,11,20495,1.161370094,1.391886514,1764726
West Bengal,ASANSOL,BABUL SUPRIYO,1,BJP,Lotus,MALE,4,48,GENERAL,Graduate,"Rs 5,92,34,826
 ~ 5 Crore+","Rs 57,22,184
 ~ 57 Lacs+",632727,651,633378,39.19745771,51.1551499,1615865
West Bengal,ASANSOL,MOON MOON SEN,0,AITC,Flowers and Grass,FEMALE,0,65,GENERAL,Post Graduate,"Rs 10,15,82,564
 ~ 10 Crore+","Rs 0
 ~",435584,157,435741,26.96642356,35.19288035,1615865
West Bengal,ASANSOL,GOURANGA CHATTERJEE,0,CPI(M),"Hammer, Sickle and Star",MALE,3,59,GENERAL,Post Graduate,"Rs 16,18,401
 ~ 16 Lacs+","Rs 0
 ~",87553,55,87608,5.421740059,7.07571209,1615865
West Bengal,ASANSOL,BISWARUP MONDAL,0,INC,Hand,MALE,0,37,GENERAL,10th Pass,"Rs 1,01,63,408
 ~ 1 Crore+","Rs 26,29,771
 ~ 26 Lacs+",21019,19,21038,1.301965201,1.69914655,1615865
West Bengal,ASANSOL,NOTA,0,NOTA,,,,,,,,,14432,15,14447,0.894072215,1.166820525,1615865
West Bengal,ASANSOL,MD. ZAHIR ALAM,0,BMUP,Cot,MALE,0,62,GENERAL,Post Graduate,"Rs 1,748
 ~ 1 Thou+","Rs 0
 ~",12677,0,12677,0.784533361,1.023865425,1615865
West Bengal,BAHARAMPUR,ADHIR RANJAN CHOWDHURY,1,INC,Hand,MALE,7,63,GENERAL,10th Pass,"Rs 10,13,15,437
 ~ 10 Crore+","Rs 85,06,984
 ~ 85 Lacs+",589580,1526,591106,36.07873153,45.43359008,1638378
West Bengal,BAHARAMPUR,APURBA SARKAR (DAVID),0,AITC,Flowers and Grass,MALE,9,55,GENERAL,12th Pass,"Rs 4,79,30,322
 ~ 4 Crore+","Rs 21,19,820
 ~ 21 Lacs+",509886,524,510410,31.15337242,39.23113403,1638378
West Bengal,BAHARAMPUR,KRISHNA JOYARDAR,0,BJP,Lotus,MALE,0,55,GENERAL,Graduate,"Rs 6,200
 ~ 6 Thou+","Rs 0
 ~",141231,1807,143038,8.73046391,10.99418693,1638378
West Bengal,BAHARAMPUR,NOTA,0,NOTA,,,,,,,,,14072,14,14086,0.859752755,1.082678149,1638378
West Bengal,BAHARAMPUR,SAMIR BISWAS,0,IND,Bead Necklace,MALE,0,38,SC,8th Pass,"Rs 10,200
 ~ 10 Thou+","Rs 0
 ~",13681,1,13682,0.835094221,1.0516259,1638378
West Bengal,BAHARAMPUR,ID MOHAMMAD,0,RSP,Spade & Stoker,MALE,0,66,GENERAL,Graduate,"Rs 39,68,029
 ~ 39 Lacs+","Rs 3,22,779
 ~ 3 Lacs+",13342,20,13362,0.815562709,1.02703006,1638378
West Bengal,BALURGHAT,Sukanta Majumdar,1,BJP,Lotus,MALE,0,39,GENERAL,Doctorate,"Rs 58,25,866
 ~ 58 Lacs+","Rs 21,68,170
 ~ 21 Lacs+",537577,1740,539317,37.66958813,45.00920936,1431704
West Bengal,BALURGHAT,Arpita Ghosh,0,AITC,Flowers and Grass,FEMALE,0,52,GENERAL,Graduate,"Rs 28,24,728
 ~ 28 Lacs+","Rs 0
 ~",505463,561,506024,35.34417729,42.23071062,1431704
West Bengal,BALURGHAT,Ranen Barman,0,RSP,Spade & Stoker,MALE,0,50,SC,10th Pass,"Rs 46,32,504
 ~ 46 Lacs+","Rs 0
 ~",72917,73,72990,5.098120841,6.091449354,1431704
West Bengal,BALURGHAT,Abdus Sadek Sarkar,0,INC,Hand,MALE,4,40,GENERAL,Graduate Professional,"Rs 2,18,68,500
 ~ 2 Crore+","Rs 98,84,000
 ~ 98 Lacs+",36698,85,36783,2.56917631,3.069759989,1431704
West Bengal,BALURGHAT,NOTA,0,NOTA,,,,,,,,,13403,11,13414,0.93692551,1.119478033,1431704
West Bengal,BANGAON,SHANTANU THAKUR,1,BJP,Lotus,MALE,8,37,SC,Graduate,"Rs 52,65,388
 ~ 52 Lacs+","Rs 0
 ~",685237,2385,687622,40.33844255,48.81415082,1704632
West Bengal,BANGAON,MAMATA THAKUR,0,AITC,Flowers and Grass,FEMALE,4,51,SC,5th Pass,"Rs 2,20,42,316
 ~ 2 Crore+","Rs 0
 ~",575382,646,576028,33.79192694,40.89211467,1704632
West Bengal,BANGAON,ALAKESH DAS,0,CPI(M),"Hammer, Sickle and Star",MALE,1,55,SC,Graduate Professional,"Rs 55,56,977
 ~ 55 Lacs+","Rs 5,24,879
 ~ 5 Lacs+",89996,126,90122,5.2868889,6.397743092,1704632
West Bengal,BANGAON,SOURAV PROSAD,0,INC,Hand,MALE,3,28,SC,Post Graduate,"Rs 30,26,068
 ~ 30 Lacs+","Rs 39,999
 ~ 39 Thou+",22552,66,22618,1.326855298,1.605647381,1704632
West Bengal,BANKURA,DR. SUBHAS SARKAR,1,BJP,Lotus,MALE,1,65,GENERAL,Graduate Professional,"Rs 1,97,99,440
 ~ 1 Crore+","Rs 32,61,495
 ~ 32 Lacs+",672202,3117,675319,40.95557903,49.19837249,1648906
West Bengal,BANKURA,SUBRATA MUKHERJEE,0,AITC,Flowers and Grass,MALE,2,72,GENERAL,Post Graduate,"Rs 1,22,35,759
 ~ 1 Crore+","Rs 0
 ~",500122,864,500986,30.38293268,36.49785633,1648906
West Bengal,BANKURA,AMIYA PATRA,0,CPI(M),"Hammer, Sickle and Star",MALE,1,67,GENERAL,Graduate,"Rs 75,21,446
 ~ 75 Lacs+","Rs 0
 ~",100014,268,100282,6.081729341,7.305749119,1648906
West Bengal,BANKURA,MILAN MANDI,0,IND,Cot,MALE,5,40,ST,12th Pass,"Rs 2,90,750
 ~ 2 Lacs+","Rs 0
 ~",14937,5,14942,0.90617658,1.088555307,1648906
West Bengal,BANKURA,NOTA,0,NOTA,,,,,,,,,13987,32,14019,0.850200072,1.021312867,1648906
West Bengal,BARASAT,Dr. Kakoli Ghoshdastidar,1,AITC,Flowers and Grass,FEMALE,2,60,GENERAL,Post Graduate,"Rs 4,05,31,018
 ~ 4 Crore+","Rs 14,96,059
 ~ 14 Lacs+",647819,625,648444,37.73858549,46.44368906,1718252
West Bengal,BARASAT,Mrinal Kanti Debnath,0,BJP,Lotus,MALE,0,68,GENERAL,Graduate Professional,"Rs 49,49,682
 ~ 49 Lacs+","Rs 33,70,182
 ~ 33 Lacs+",537095,1180,538275,31.32689501,38.55302343,1718252
West Bengal,BARASAT,Haripada Biswas,0,AIFB,Lion,MALE,0,61,SC,12th Pass,"Rs 1,18,90,602
 ~ 1 Crore+","Rs 0
 ~",123817,251,124068,7.220593952,8.886157654,1718252
West Bengal,BARASAT,Subrata Dutta,0,INC,Hand,FEMALE,0,57,GENERAL,Graduate,"Rs 3,36,01,000
 ~ 3 Crore+","Rs 0
 ~",37236,41,37277,2.169472231,2.669901174,1718252
West Bengal,BARASAT,NOTA,0,NOTA,,,,,,,,,17747,32,17779,1.034714349,1.273390374,1718252
West Bengal,BARDHAMAN DURGAPUR,S.S AHLUWALIA,1,BJP,Lotus,MALE,0,67,GENERAL,Graduate Professional,"Rs 2,65,21,750
 ~ 2 Crore+","Rs 7,44,076
 ~ 7 Lacs+",597450,926,598376,34.51682013,41.75136706,1733578
West Bengal,BARDHAMAN DURGAPUR,DR. MAMTAZ SANGHAMITA,0,AITC,Flowers and Grass,FEMALE,0,73,GENERAL,Post Graduate,"Rs 13,66,80,993
 ~ 13 Crore+","Rs 0
 ~",595611,326,595937,34.37612845,41.58118713,1733578
West Bengal,BARDHAMAN DURGAPUR,ABHAS RAY CHAUDHURI,0,CPI(M),"Hammer, Sickle and Star",MALE,2,50,GENERAL,Post Graduate,"Rs 42,67,888
 ~ 42 Lacs+","Rs 0
 ~",161103,226,161329,9.306128712,11.25664515,1733578
West Bengal,BARDHAMAN DURGAPUR,RANAJIT MUKHERJEE,0,INC,Hand,MALE,0,39,GENERAL,Others,"Rs 1,66,62,068
 ~ 1 Crore+","Rs 89,517
 ~ 89 Thou+",38481,35,38516,2.221763313,2.687433409,1733578
West Bengal,BARDHAMAN DURGAPUR,NOTA,0,NOTA,,,,,,,,,18526,14,18540,1.069464426,1.293618636,1733578
West Bengal,BARDHAMAN PURBA,SUNIL KUMAR MONDAL,1,AITC,Flowers and Grass,MALE,0,61,SC,Graduate Professional,"Rs 2,03,71,283
 ~ 2 Crore+","Rs 1,48,598
 ~ 1 Lacs+",640490,344,640834,37.73854021,44.51463355,1698089
West Bengal,BARDHAMAN PURBA,PARESH CHANDRA DAS,0,BJP,Lotus,MALE,1,61,SC,Post Graduate,"Rs 3,04,01,786
 ~ 3 Crore+","Rs 0
 ~",550671,852,551523,32.47903967,38.3107704,1698089
West Bengal,BARDHAMAN PURBA,ISWAR CHANDRA DAS,0,CPI(M),"Hammer, Sickle and Star",MALE,2,58,SC,Post Graduate,"Rs 58,92,873
 ~ 58 Lacs+","Rs 28,11,235
 ~ 28 Lacs+",175768,152,175920,10.35988102,12.22003566,1698089
West Bengal,BARDHAMAN PURBA,SIDDHARTHA MAJUMDAR,0,INC,Hand,MALE,0,37,SC,Post Graduate,"Rs 24,37,669
 ~ 24 Lacs+","Rs 5,13,425
 ~ 5 Lacs+",38426,46,38472,2.265605631,2.672403433,1698089
West Bengal,BARRACKPORE,ARJUN SINGH,1,BJP,Lotus,MALE,24,57,GENERAL,10th Pass,"Rs 80,55,691
 ~ 80 Lacs+","Rs 11,00,000
 ~ 11 Lacs+",471490,1504,472994,32.92841772,42.81655003,1436431
West Bengal,BARRACKPORE,DINESH TRIVEDI,0,AITC,Flowers and Grass,MALE,0,68,GENERAL,Post Graduate,"Rs 6,62,07,289
 ~ 6 Crore+","Rs 1,59,25,213
 ~ 1 Crore+",457870,267,458137,31.89411813,41.4716588,1436431
West Bengal,BARRACKPORE,GARGI CHATTERJEE,0,CPI(M),"Hammer, Sickle and Star",FEMALE,0,47,GENERAL,Graduate,"Rs 57,140
 ~ 57 Thou+","Rs 0
 ~",117354,102,117456,8.176932968,10.63239851,1436431
West Bengal,BARRACKPORE,MD. ALAM,0,INC,Hand,MALE,0,44,GENERAL,8th Pass,"Rs 28,09,421
 ~ 28 Lacs+","Rs 0
 ~",15784,32,15816,1.101062286,1.43170221,1436431
West Bengal,BARRACKPORE,NOTA,0,NOTA,,,,,,,,,12711,20,12731,0.886293877,1.15244062,1436431
West Bengal,BASIRHAT,Nusrat Jahan Ruhi,1,AITC,Flowers and Grass,FEMALE,0,28,GENERAL,12th Pass,"Rs 2,90,88,391
 ~ 2 Crore+","Rs 1,68,81,608
 ~ 1 Crore+",781920,158,782078,46.59783348,54.54700164,1678357
West Bengal,BASIRHAT,Sayantan Basu,0,BJP,Lotus,MALE,14,42,GENERAL,Post Graduate,"Rs 53,99,604
 ~ 53 Lacs+","Rs 0
 ~",431105,604,431709,25.72211991,30.11008049,1678357
West Bengal,BASIRHAT,Quazi Abdur Rahim,0,INC,Hand,MALE,1,51,GENERAL,Post Graduate,"Rs 22,94,651
 ~ 22 Lacs+","Rs 0
 ~",104137,46,104183,6.207439776,7.266372756,1678357
West Bengal,BASIRHAT,Pallab Sengupta,0,CPI(M),Ears of Corn And Sickle,MALE,0,70,GENERAL,Graduate,"Rs 60,37,297
 ~ 60 Lacs+","Rs 0
 ~",68278,38,68316,4.070409335,4.764784285,1678357
West Bengal,BIRBHUM,SATABDI ROY,1,AITC,Flowers and Grass,FEMALE,0,49,GENERAL,Graduate,"Rs 4,86,52,722
 ~ 4 Crore+","Rs 1,86,04,443
 ~ 1 Crore+",653426,651,654077,38.49280169,45.10539905,1699219
West Bengal,BIRBHUM,DUDH KUMAR MONDAL,0,BJP,Lotus,MALE,7,63,GENERAL,Graduate,"Rs 65,59,932
 ~ 65 Lacs+","Rs 1,00,000
 ~ 1 Lacs+",563715,1438,565153,33.25957396,38.97316614,1699219
West Bengal,BIRBHUM,KARIM REZAUL,0,CPI(M),"Hammer, Sickle and Star",MALE,0,54,GENERAL,Doctorate,"Rs 1,18,77,651
 ~ 1 Crore+","Rs 15,95,184
 ~ 15 Lacs+",96673,90,96763,5.694557323,6.672813335,1699219
West Bengal,BIRBHUM,IMAM HOSSAIN,0,INC,Hand,MALE,0,51,GENERAL,12th Pass,"Rs 1,23,69,362
 ~ 1 Crore+","Rs 0
 ~",75451,95,75546,4.445924863,5.209680934,1699219
West Bengal,BIRBHUM,AHAMED FARUK,0,RVNP,Tractor Chalata Kisan,MALE,0,49,GENERAL,10th Pass,"Rs 32,94,000
 ~ 32 Lacs+","Rs 1,20,000
 ~ 1 Lacs+",15171,0,15171,0.892821938,1.046197938,1699219
West Bengal,BISHNUPUR,KHAN SAUMITRA,1,BJP,Lotus,MALE,6,38,SC,12th Pass,"Rs 86,56,777
 ~ 86 Lacs+","Rs 10,77,120
 ~ 10 Lacs+",654904,2115,657019,40.37729866,46.23016892,1627199
West Bengal,BISHNUPUR,SHYAMAL SANTRA,0,AITC,Flowers and Grass,MALE,0,39,SC,Post Graduate,"Rs 46,42,924
 ~ 46 Lacs+","Rs 6,50,000
 ~ 6 Lacs+",578560,412,578972,35.58089699,40.73850735,1627199
West Bengal,BISHNUPUR,KHAN SUNIL,0,CPI(M),"Hammer, Sickle and Star",MALE,0,72,SC,Graduate,"Rs 2,02,99,997
 ~ 2 Crore+","Rs 0
 ~",102498,117,102615,6.306235439,7.220352507,1627199
West Bengal,BISHNUPUR,KHAN NARAYAN CHANDRA,0,INC,Hand,MALE,0,67,SC,Graduate Professional,"Rs 32,47,596
 ~ 32 Lacs+","Rs 0
 ~",17860,72,17932,1.10201641,1.261758624,1627199
West Bengal,BISHNUPUR,NOTA,0,NOTA,,,,,,,,,14414,22,14436,0.887168687,1.015767761,1627199
West Bengal,BOLPUR,ASIT KUMAR MAL,1,AITC,Flowers and Grass,MALE,0,63,SC,10th Pass,"Rs 13,10,691
 ~ 13 Lacs+","Rs 0
 ~",698441,730,699171,41.00534112,47.82523638,1705073
West Bengal,BOLPUR,DAS RAMPRASAD,0,BJP,Lotus,MALE,0,53,SC,Post Graduate,"Rs 1,15,01,067
 ~ 1 Crore+","Rs 49,05,000
 ~ 49 Lacs+",591445,1324,592769,34.76502179,40.54704435,1705073
West Bengal,BOLPUR,RAM CHANDRA DOME,0,CPI(M),"Hammer, Sickle and Star",MALE,3,61,SC,Graduate Professional,"Rs 23,20,217
 ~ 23 Lacs+","Rs 0
 ~",91831,133,91964,5.393552065,6.290592772,1705073
West Bengal,BOLPUR,ABHIJIT SAHA,0,INC,Hand,MALE,0,47,SC,Graduate,"Rs 41,95,922
 ~ 41 Lacs+","Rs 1,13,600
 ~ 1 Lacs+",30005,107,30112,1.766024094,2.059744351,1705073
West Bengal,BOLPUR,SIMANTA MONDAL,0,RVNP,Tractor Chalata Kisan,MALE,0,44,SC,Graduate,"Rs 11,26,000
 ~ 11 Lacs+","Rs 0
 ~",17010,3,17013,0.997787192,1.163736406,1705073
West Bengal,COOCH BEHAR,NISITH PRAMANIK,1,BJP,Lotus,MALE,11,33,SC,8th Pass,"Rs 96,29,810
 ~ 96 Lacs+","Rs 0
 ~",728634,2960,731594,40.3259839,47.9593509,1814200
West Bengal,COOCH BEHAR,ADHIKARY PARESH CHANDRA,0,AITC,Flowers and Grass,MALE,0,66,SC,12th Pass,"Rs 4,17,75,148
 ~ 4 Crore+","Rs 41,20,964
 ~ 41 Lacs+",676339,1024,677363,37.33673244,44.40425948,1814200
West Bengal,COOCH BEHAR,GOBINDA CHANDRA ROY,0,AIFB,Lion,MALE,2,61,SC,Post Graduate,"Rs 46,44,800
 ~ 46 Lacs+","Rs 4,00,000
 ~ 4 Lacs+",46648,162,46810,2.580200639,3.068610754,1814200
West Bengal,COOCH BEHAR,PIYA ROY CHOWDHURY,0,INC,Hand,FEMALE,0,38,SC,Post Graduate,"Rs 72,63,933
 ~ 72 Lacs+","Rs 5,47,297
 ~ 5 Lacs+",28087,128,28215,1.555230956,1.849622996,1814200
West Bengal,DARJEELING,RAJU BISTA,1,BJP,Lotus,MALE,0,33,GENERAL,Graduate,"Rs 15,11,06,062
 ~ 15 Crore+","Rs 2,74,28,941
 ~ 2 Crore+",744657,5410,750067,46.549934,59.07593021,1611317
West Bengal,DARJEELING,AMAR SINGH RAI,0,AITC,Flowers and Grass,MALE,2,71,GENERAL,Post Graduate,"Rs 1,70,51,116
 ~ 1 Crore+","Rs 1,20,000
 ~ 1 Lacs+",335793,831,336624,20.89123369,26.51279943,1611317
West Bengal,DARJEELING,Sankar Malakar,0,INC,Hand,MALE,2,65,SC,Graduate,"Rs 3,65,63,205
 ~ 3 Crore+","Rs 0
 ~",64744,442,65186,4.045510598,5.134106135,1611317
West Bengal,DARJEELING,SAMAN PATHAK,0,CPI(M),"Hammer, Sickle and Star",MALE,7,46,GENERAL,Graduate,"Rs 29,94,408
 ~ 29 Lacs+","Rs 0
 ~",50446,78,50524,3.135571709,3.979314245,1611317
West Bengal,DARJEELING,RAJESH SINGH,0,IND,Pen Nib with Seven Rays,MALE,0,49,GENERAL,12th Pass,"Rs 37,75,000
 ~ 37 Lacs+","Rs 0
 ~",15972,1,15973,0.991300905,1.258047392,1611317
West Bengal,DIAMOND HARBOUR,ABHISHEK BANERJEE,1,AITC,Flowers and Grass,MALE,0,31,GENERAL,Graduate,"Rs 1,37,94,320
 ~ 1 Crore+","Rs 0
 ~",790725,402,791127,46.01742681,56.13325926,1719190
West Bengal,DIAMOND HARBOUR,NILANJAN ROY,0,BJP,Lotus,MALE,4,43,GENERAL,Post Graduate,"Rs 45,59,455
 ~ 45 Lacs+","Rs 9,35,601
 ~ 9 Lacs+",470047,486,470533,27.36945887,33.38598086,1719190
West Bengal,DIAMOND HARBOUR,Dr. FUAD HALIM,0,CPI(M),"Hammer, Sickle and Star",MALE,0,48,GENERAL,Graduate Professional,"Rs 3,60,20,256
 ~ 3 Crore+","Rs 0
 ~",93833,108,93941,5.464259331,6.665446266,1719190
West Bengal,DIAMOND HARBOUR,SOUMYA AICH ROY,0,INC,Hand,MALE,0,49,GENERAL,Post Graduate,"Rs 1,25,34,000
 ~ 1 Crore+","Rs 5,00,000
 ~ 5 Lacs+",19819,9,19828,1.153333837,1.406866741,1719190
West Bengal,DIAMOND HARBOUR,NOTA,0,NOTA,,,,,,,,,16242,5,16247,0.94503807,1.152782124,1719190
West Bengal,DUM DUM,SOUGATA RAY,1,AITC,Flowers and Grass,MALE,1,71,GENERAL,Post Graduate,"Rs 4,25,18,790
 ~ 4 Crore+","Rs 0
 ~",511707,355,512062,32.69463081,42.50553045,1566196
West Bengal,DUM DUM,SAMIK BHATTACHARYA,0,BJP,Lotus,MALE,2,53,SC,Graduate,"Rs 7,06,493
 ~ 7 Lacs+","Rs 0
 ~",458270,790,459060,29.31050775,38.10591062,1566196
West Bengal,DUM DUM,NEPALDEB BHATTACHARYA,0,CPI(M),"Hammer, Sickle and Star",MALE,2,67,GENERAL,Graduate,"Rs 77,43,732
 ~ 77 Lacs+","Rs 0
 ~",167249,341,167590,10.70044873,13.91140496,1566196
West Bengal,DUM DUM,SAURAV SAHA,0,INC,Hand,MALE,1,37,GENERAL,Graduate Professional,"Rs 1,23,67,000
 ~ 1 Crore+","Rs 52,96,000
 ~ 52 Lacs+",29066,31,29097,1.857813454,2.415300138,1566196
West Bengal,DUM DUM,NOTA,0,NOTA,,,,,,,,,14466,25,14491,0.925235411,1.202877077,1566196
West Bengal,GHATAL,ADHIKARI DEEPAK (DEV),1,AITC,Flowers and Grass,MALE,0,36,GENERAL,Others,"Rs 31,73,20,579
 ~ 31 Crore+","Rs 78,79,681
 ~ 78 Lacs+",717407,552,717959,39.88656679,48.20658574,1800002
West Bengal,GHATAL,BHARATI GHOSH,0,BJP,Lotus,FEMALE,11,56,GENERAL,Post Graduate,"Rs 18,01,38,687
 ~ 18 Crore+","Rs 73,39,380
 ~ 73 Lacs+",608523,1463,609986,33.88807346,40.95685466,1800002
West Bengal,GHATAL,TAPAN GANGULI,0,CPI(M),Ears of Corn And Sickle,MALE,0,63,GENERAL,12th Pass,"Rs 27,54,951
 ~ 27 Lacs+","Rs 0
 ~",96943,117,97060,5.392216231,6.516989428,1800002
West Bengal,GHATAL,KHANDAKAR MD. SAIFULLAH (SAIFUL),0,INC,Hand,MALE,0,33,GENERAL,Post Graduate,"Rs 1,14,46,716
 ~ 1 Crore+","Rs 0
 ~",32793,46,32839,1.824386862,2.204939376,1800002
West Bengal,HOOGHLY,LOCKET CHATTERJEE,1,BJP,Lotus,FEMALE,14,45,GENERAL,Graduate,"Rs 3,56,55,698
 ~ 3 Crore+","Rs 0
 ~",670031,1417,671448,38.00790331,46.03265795,1766601
West Bengal,HOOGHLY,DR. RATNA DE (NAG),0,AITC,Flowers and Grass,FEMALE,0,70,GENERAL,Graduate Professional,"Rs 3,47,79,481
 ~ 3 Crore+","Rs 0
 ~",597482,604,598086,33.85518292,41.00315775,1766601
West Bengal,HOOGHLY,PRADIP SAHA,0,CPI(M),"Hammer, Sickle and Star",MALE,1,54,SC,12th Pass,"Rs 16,75,744
 ~ 16 Lacs+","Rs 0
 ~",121329,259,121588,6.882595447,8.335744265,1766601
West Bengal,HOOGHLY,PRATUL CHANDRA SAHA,0,INC,Hand,MALE,1,57,SC,12th Pass,"Rs 17,89,324
 ~ 17 Lacs+","Rs 0
 ~",25329,45,25374,1.436317539,1.739572778,1766601
West Bengal,HOWRAH,Prasun Banerjee,1,AITC,Flowers and Grass,MALE,1,64,GENERAL,Graduate,"Rs 1,32,16,066
 ~ 1 Crore+","Rs 0
 ~",576499,212,576711,35.29605092,47.16669884,1633925
West Bengal,HOWRAH,Rantidev Sengupta,0,BJP,Lotus,MALE,0,60,GENERAL,Post Graduate,"Rs 56,04,890
 ~ 56 Lacs+","Rs 0
 ~",472456,560,473016,28.94967639,38.68593319,1633925
West Bengal,HOWRAH,Sumitro Adhikary,0,CPI(M),"Hammer, Sickle and Star",MALE,0,44,GENERAL,Graduate Professional,"Rs 19,45,900
 ~ 19 Lacs+","Rs 0
 ~",105421,126,105547,6.459721223,8.632232716,1633925
West Bengal,HOWRAH,SUVRA GHOSH,0,INC,Hand,FEMALE,0,61,GENERAL,Graduate,"Rs 47,06,143
 ~ 47 Lacs+","Rs 0
 ~",32088,19,32107,1.965022874,2.625892691,1633925
West Bengal,JADAVPUR,MIMI CHAKRABORTY,1,AITC,Flowers and Grass,FEMALE,0,30,GENERAL,Graduate,"Rs 2,43,98,786
 ~ 2 Crore+","Rs 19,00,788
 ~ 19 Lacs+",687773,699,688472,37.89357115,47.90093531,1816857
West Bengal,JADAVPUR,ANUPAM HAZRA,0,BJP,Lotus,MALE,0,37,GENERAL,Doctorate,"Rs 1,34,31,986
 ~ 1 Crore+","Rs 0
 ~",392610,623,393233,21.6435856,27.35946922,1816857
West Bengal,JADAVPUR,BIKASH RANJAN BHATTACHARYYA,0,CPI(M),"Hammer, Sickle and Star",MALE,0,68,GENERAL,Graduate Professional,"Rs 12,00,34,163
 ~ 12 Crore+","Rs 2,43,58,926
 ~ 2 Crore+",301560,704,302264,16.63664229,21.03023552,1816857
West Bengal,JADAVPUR,NOTA,0,NOTA,,,,,,,,,15516,25,15541,0.855378271,1.081276269,1816857
West Bengal,JALPAIGURI,Dr. JAYANTA KUMAR ROY,1,BJP,Lotus,MALE,0,51,SC,Graduate Professional,"Rs 1,16,25,047
 ~ 1 Crore+","Rs 13,52,581
 ~ 13 Lacs+",757806,2339,760145,43.80067809,50.62978768,1735464
West Bengal,JALPAIGURI,BIJOY CHANDRA BARMAN,0,AITC,Flowers and Grass,MALE,0,62,SC,Post Graduate,"Rs 1,46,12,159
 ~ 1 Crore+","Rs 0
 ~",575547,594,576141,33.19809573,38.37412139,1735464
West Bengal,JALPAIGURI,BHAGIRATH CHANDRA ROY,0,CPI(M),"Hammer, Sickle and Star",MALE,0,62,SC,Post Graduate,"Rs 3,08,18,307
 ~ 3 Crore+","Rs 0
 ~",76054,112,76166,4.388797463,5.073069491,1735464
West Bengal,JALPAIGURI,MANI KUMAR DARNAL,0,INC,Hand,MALE,0,61,SC,12th Pass,"Rs 70,11,294
 ~ 70 Lacs+","Rs 3,00,000
 ~ 3 Lacs+",28488,74,28562,1.645784643,1.902384408,1735464
West Bengal,JALPAIGURI,NOTA,0,NOTA,,,,,,,,,19909,19,19928,1.148280806,1.32731309,1735464
West Bengal,JANGIPUR,KHALILUR RAHAMAN,1,AITC,Flowers and Grass,MALE,0,58,GENERAL,Graduate,"Rs 36,83,06,705
 ~ 36 Crore+","Rs 22,48,968
 ~ 22 Lacs+",562518,320,562838,34.82449405,43.14161344,1616213
West Bengal,JANGIPUR,MAFUJA KHATUN,0,BJP,Lotus,FEMALE,2,48,GENERAL,Graduate,"Rs 24,08,235
 ~ 24 Lacs+","Rs 0
 ~",316147,909,317056,19.6172163,24.30238788,1616213
West Bengal,JANGIPUR,ABHIJIT MUKHERJEE,0,INC,Hand,MALE,0,59,GENERAL,Graduate Professional,"Rs 14,33,50,474
 ~ 14 Crore+","Rs 3,04,21,037
 ~ 3 Crore+",255554,282,255836,15.82934923,19.6098661,1616213
West Bengal,JANGIPUR,MD. ZULFIKAR ALI,0,CPI(M),"Hammer, Sickle and Star",MALE,0,53,GENERAL,Post Graduate,"Rs 86,64,555
 ~ 86 Lacs+","Rs 13,00,000
 ~ 13 Lacs+",95450,51,95501,5.908936508,7.32016535,1616213
West Bengal,JANGIPUR,DR. S.Q.R. ILYAS,0,WPOI,Battery Torch,MALE,0,65,GENERAL,Doctorate,"Rs 97,70,000
 ~ 97 Lacs+","Rs 0
 ~",21292,10,21302,1.318019345,1.632801356,1616213
West Bengal,JAYNAGAR,PRATIMA MONDAL,1,AITC,Flowers and Grass,FEMALE,0,53,SC,Post Graduate,"Rs 2,74,71,675
 ~ 2 Crore+","Rs 0
 ~",760934,268,761202,46.1794941,56.11986558,1648355
West Bengal,JAYNAGAR,DR. ASHOK KANDARY,0,BJP,Lotus,MALE,0,43,SC,Graduate Professional,"Rs 2,84,92,070
 ~ 2 Crore+","Rs 20,81,000
 ~ 20 Lacs+",444040,387,444427,26.96184984,32.76552545,1648355
West Bengal,JAYNAGAR,SUBHAS NASKAR,0,RSP,Spade & Stoker,MALE,0,67,SC,Graduate,"Rs 40,45,301
 ~ 40 Lacs+","Rs 0
 ~",67880,33,67913,4.120046956,5.006908063,1648355
West Bengal,JAYNAGAR,JAYKRISHNA HALDAR,0,SUCI(C),Battery torch,MALE,2,64,SC,8th Pass,"Rs 1,55,500
 ~ 1 Lacs+","Rs 0
 ~",38258,3,38261,2.321162614,2.820804697,1648355
West Bengal,JAYNAGAR,TAPAN MONDAL,0,INC,Hand,MALE,0,50,SC,Post Graduate,"Rs 36,62,000
 ~ 36 Lacs+","Rs 60,000
 ~ 60 Thou+",18746,12,18758,1.137983019,1.382939665,1648355
West Bengal,JHARGRAM,Kunar Hembram,1,BJP,Lotus,MALE,0,56,ST,Graduate Professional,"Rs 1,03,87,498
 ~ 1 Crore+","Rs 5,65,000
 ~ 5 Lacs+",623373,3210,626583,38.16281211,44.52595203,1641868
West Bengal,JHARGRAM,Birbaha Saren,0,AITC,Flowers and Grass,FEMALE,1,48,ST,Post Graduate,"Rs 67,02,555
 ~ 67 Lacs+","Rs 0
 ~",613566,1250,614816,37.44612843,43.6897709,1641868
West Bengal,JHARGRAM,Deblina Hembram,0,CPI(M),"Hammer, Sickle and Star",FEMALE,1,48,ST,10th Pass,"Rs 17,51,916
 ~ 17 Lacs+","Rs 44,439
 ~ 44 Thou+",75379,301,75680,4.609383946,5.37793724,1641868
West Bengal,JHARGRAM,Jageswar Hembram,0,INC,Hand,MALE,1,54,ST,8th Pass,"Rs 2,29,925
 ~ 2 Lacs+","Rs 0
 ~",20712,42,20754,1.264048023,1.474811172,1641868
West Bengal,JHARGRAM,NOTA,0,NOTA,,,,,,,,,17664,28,17692,1.077553129,1.257220741,1641868
West Bengal,KANTHI,Adhikari Sisir,1,AITC,Flowers and Grass,MALE,3,77,GENERAL,12th Pass,"Rs 3,39,79,650
 ~ 3 Crore+","Rs 0
 ~",711233,639,711872,42.88005821,49.95712178,1660147
West Bengal,KANTHI,Dr. Debasis Samanta,0,BJP,Lotus,MALE,0,46,GENERAL,Post Graduate,"Rs 1,92,92,281
 ~ 1 Crore+","Rs 60,00,000
 ~ 60 Lacs+",598616,1588,600204,36.15366591,42.12058393,1660147
West Bengal,KANTHI,Paritosh Pattanayak,0,CPI(M),"Hammer, Sickle and Star",MALE,3,38,GENERAL,Post Graduate,"Rs 8,88,311
 ~ 8 Lacs+","Rs 0
 ~",76002,183,76185,4.589051451,5.346443354,1660147
West Bengal,KANTHI,Dipak Kumar Das,0,INC,Hand,MALE,0,65,GENERAL,Post Graduate,"Rs 94,44,884
 ~ 94 Lacs+","Rs 2,32,960
 ~ 2 Lacs+",16789,62,16851,1.015030597,1.182554531,1660147
West Bengal,KOLKATA DAKSHIN,Mala Roy,1,AITC,Flowers and Grass,FEMALE,3,61,GENERAL,Graduate,"Rs 1,03,08,401
 ~ 1 Crore+","Rs 0
 ~",572188,931,573119,33.15028305,47.47994327,1728851
West Bengal,KOLKATA DAKSHIN,Chandra Kumar Bose,0,BJP,Lotus,MALE,1,58,GENERAL,Post Graduate,"Rs 1,35,91,332
 ~ 1 Crore+","Rs 8,31,824
 ~ 8 Lacs+",417086,841,417927,24.1736853,34.62308918,1728851
West Bengal,KOLKATA DAKSHIN,Nandini Mukherjee,0,CPI(M),"Hammer, Sickle and Star",FEMALE,0,53,GENERAL,Graduate Professional,"Rs 1,25,30,997
 ~ 1 Crore+","Rs 38,62,405
 ~ 38 Lacs+",139770,505,140275,8.11377036,11.62105783,1728851
West Bengal,KOLKATA DAKSHIN,Mita Chakraborty,0,INC,Hand,FEMALE,0,44,GENERAL,Graduate Professional,"Rs 44,75,11,958
 ~ 44 Crore+","Rs 18,78,53,701
 ~ 18 Crore+",42536,82,42618,2.465105437,3.530680752,1728851
West Bengal,KOLKATA DAKSHIN,NOTA,0,NOTA,,,,,,,,,14780,44,14824,0.857448097,1.228091686,1728851
West Bengal,KOLKATA UTTAR,BANDYOPADHYAY SUDIP,1,AITC,Flowers and Grass,MALE,2,70,GENERAL,Graduate Professional,"Rs 6,11,76,355
 ~ 6 Crore+","Rs 0
 ~",474490,401,474891,32.88532092,49.95492506,1444082
West Bengal,KOLKATA UTTAR,RAHUL (BISWAJIT) SINHA,0,BJP,Lotus,MALE,7,55,GENERAL,Graduate,"Rs 2,45,20,871
 ~ 2 Crore+","Rs 20,57,496
 ~ 20 Lacs+",347307,489,347796,24.0842279,36.5854967,1444082
West Bengal,KOLKATA UTTAR,KANINIKA BOSE (GHOSH),0,CPI(M),"Hammer, Sickle and Star",FEMALE,1,50,GENERAL,Post Graduate,"Rs 74,77,775
 ~ 74 Lacs+","Rs 12,00,000
 ~ 12 Lacs+",70848,232,71080,4.92215816,7.477075946,1444082
West Bengal,KOLKATA UTTAR,SYED SHAHID IMAM,0,INC,Hand,MALE,0,57,GENERAL,Graduate Professional,"Rs 7,56,91,151
 ~ 7 Crore+","Rs 0
 ~",26072,21,26093,1.806891852,2.74478535,1444082
West Bengal,KRISHNANAGAR,MAHUA MOITRA,1,AITC,Flowers and Grass,FEMALE,0,44,GENERAL,Graduate,"Rs 2,64,95,250
 ~ 2 Crore+","Rs 6,71,138
 ~ 6 Lacs+",613652,1220,614872,37.68295359,44.992796,1631698
West Bengal,KRISHNANAGAR,KALYAN CHAUBEY,0,BJP,Lotus,MALE,0,40,GENERAL,10th Pass,"Rs 2,20,72,625
 ~ 2 Crore+","Rs 16,03,339
 ~ 16 Lacs+",548248,3406,551654,33.80858468,40.36686641,1631698
West Bengal,KRISHNANAGAR,JHA SHANTANU,0,CPI(M),"Hammer, Sickle and Star",MALE,1,57,GENERAL,Doctorate,"Rs 1,48,39,130
 ~ 1 Crore+","Rs 2,90,686
 ~ 2 Lacs+",120016,206,120222,7.367907542,8.7971544,1631698
West Bengal,KRISHNANAGAR,INTAJ ALI SHAH,0,INC,Hand,MALE,0,70,GENERAL,Post Graduate,"Rs 1,00,54,478
 ~ 1 Crore+","Rs 0
 ~",38116,189,38305,2.347554511,2.802939556,1631698
West Bengal,MALDAHA DAKSHIN,ABU HASEM KHAN CHOWDHURY (DALU),1,INC,Hand,MALE,0,72,GENERAL,Doctorate,"Rs 27,09,59,520
 ~ 27 Crore+","Rs 7,28,107
 ~ 7 Lacs+",443540,730,444270,28.19705634,34.70921743,1575590
West Bengal,MALDAHA DAKSHIN,SREERUPA MITRA CHAUDHURY,0,BJP,Lotus,FEMALE,1,54,GENERAL,Post Graduate,"Rs 1,01,32,939
 ~ 1 Crore+","Rs 28,40,000
 ~ 28 Lacs+",434003,2045,436048,27.67522008,34.06686214,1575590
West Bengal,MALDAHA DAKSHIN,MD. MOAZZEM HOSSAIN,0,AITC,Flowers and Grass,MALE,0,63,GENERAL,Graduate Professional,"Rs 1,35,73,609
 ~ 1 Crore+","Rs 0
 ~",350374,979,351353,22.29977342,27.44994637,1575590
West Bengal,MALDAHA UTTAR,KHAGEN MURMU,1,BJP,Lotus,MALE,4,59,ST,Graduate,"Rs 1,02,32,439
 ~ 1 Crore+","Rs 10,70,914
 ~ 10 Lacs+",507798,1726,509524,30.22168445,37.5930652,1685955
West Bengal,MALDAHA UTTAR,MAUSAM NOOR,0,AITC,Flowers and Grass,FEMALE,2,39,GENERAL,Graduate Professional,"Rs 1,47,86,683
 ~ 1 Crore+","Rs 3,86,896
 ~ 3 Lacs+",424517,719,425236,25.22226275,31.37423296,1685955
West Bengal,MALDAHA UTTAR,ISHA KHAN CHOUDHURY,0,INC,Hand,MALE,0,47,GENERAL,Graduate,"Rs 86,13,504
 ~ 86 Lacs+","Rs 3,54,254
 ~ 3 Lacs+",304964,306,305270,18.10665172,22.52305095,1685955
West Bengal,MALDAHA UTTAR,BISWANATH GHOSH,0,CPI(M),"Hammer, Sickle and Star",MALE,1,69,GENERAL,Graduate,"Rs 1,09,78,779
 ~ 1 Crore+","Rs 0
 ~",50315,86,50401,2.989462945,3.718623812,1685955
West Bengal,MATHURAPUR,CHOUDHURY MOHAN JATUA,1,AITC,Flowers and Grass,MALE,0,80,SC,Post Graduate,"Rs 1,06,67,304
 ~ 1 Crore+","Rs 0
 ~",726463,365,726828,43.99429573,51.84152283,1652096
West Bengal,MATHURAPUR,SHYAMAPRASAD HALDER,0,BJP,Lotus,MALE,0,46,SC,Post Graduate,"Rs 35,92,432
 ~ 35 Lacs+","Rs 4,00,000
 ~ 4 Lacs+",522267,587,522854,31.64791877,37.29293255,1652096
West Bengal,MATHURAPUR,DR. SARAT CHANDRA HALDAR,0,CPI(M),"Hammer, Sickle and Star",MALE,0,42,SC,Graduate Professional,"Rs 68,53,079
 ~ 68 Lacs+","Rs 0
 ~",92372,45,92417,5.593924324,6.591708101,1652096
West Bengal,MATHURAPUR,KRITTIBAS SARDAR,0,INC,Hand,MALE,0,63,SC,10th Pass,"Rs 8,44,789
 ~ 8 Lacs+","Rs 2,58,300
 ~ 2 Lacs+",32299,25,32324,1.956544898,2.305532236,1652096
West Bengal,MEDINIPUR,Dilip Ghosh,1,BJP,Lotus,MALE,14,54,GENERAL,10th Pass,"Rs 45,36,462
 ~ 45 Lacs+","Rs 0
 ~",683285,2148,685433,40.94004668,48.60120497,1674236
West Bengal,MEDINIPUR,Manas Ranjan Bhunia,0,AITC,Flowers and Grass,MALE,0,67,GENERAL,Graduate Professional,"Rs 6,76,63,831
 ~ 6 Crore+","Rs 26,00,000
 ~ 26 Lacs+",595972,509,596481,35.62705616,42.29398839,1674236
West Bengal,MEDINIPUR,Biplab Bhatta,0,CPI(M),Ears of Corn And Sickle,MALE,3,50,GENERAL,8th Pass,"Rs 53,06,513
 ~ 53 Lacs+","Rs 7,75,323
 ~ 7 Lacs+",62232,87,62319,3.722235097,4.418781256,1674236
West Bengal,MEDINIPUR,Sambhunath Chattapadhyay,0,INC,Hand,MALE,2,64,GENERAL,Graduate,"Rs 35,48,014
 ~ 35 Lacs+","Rs 0
 ~",20769,38,20807,1.242775809,1.475337884,1674236
West Bengal,MEDINIPUR,NOTA,0,NOTA,,,,,,,,,14729,29,14758,0.881476685,1.046428437,1674236
West Bengal,MURSHIDABAD,ABU TAHER KHAN,1,AITC,Flowers and Grass,MALE,3,57,GENERAL,8th Pass,"Rs 89,26,616
 ~ 89 Lacs+","Rs 13,50,000
 ~ 13 Lacs+",604024,322,604346,35.03075319,41.55888631,1725187
West Bengal,MURSHIDABAD,"ABU HENA, S/O - LATE ABDUS SATTAR",0,INC,Hand,MALE,0,69,GENERAL,Post Graduate,"Rs 80,21,988
 ~ 80 Lacs+","Rs 0
 ~",377721,208,377929,21.90655274,25.98893406,1725187
West Bengal,MURSHIDABAD,HUMAYUN KABIR,0,BJP,Lotus,MALE,10,56,GENERAL,12th Pass,"Rs 3,63,08,374
 ~ 3 Crore+","Rs 49,00,000
 ~ 49 Lacs+",246745,1064,247809,14.36418197,17.04100972,1725187
West Bengal,MURSHIDABAD,BADARUDDOZA KHAN,0,CPI(M),"Hammer, Sickle and Star",MALE,0,64,GENERAL,Graduate,"Rs 48,93,387
 ~ 48 Lacs+","Rs 42,492
 ~ 42 Thou+",180662,131,180793,10.47961757,12.43253986,1725187
West Bengal,MURSHIDABAD,NOTA,0,NOTA,,,,,,,,,15012,13,15025,0.87092008,1.033219822,1725187
West Bengal,PURULIA,JYOTIRMAY SINGH MAHATO,1,BJP,Lotus,MALE,2,34,GENERAL,Graduate Professional,"Rs 22,50,540
 ~ 22 Lacs+","Rs 4,56,100
 ~ 4 Lacs+",666016,2091,668107,40.5925934,49.27547883,1645884
West Bengal,PURULIA,Dr. MRIGANKA MAHATO,0,AITC,Flowers and Grass,MALE,0,56,GENERAL,Graduate Professional,"Rs 1,70,24,599
 ~ 1 Crore+","Rs 17,16,993
 ~ 17 Lacs+",462785,590,463375,28.15356368,34.1757009,1645884
West Bengal,PURULIA,NEPAL MAHATA,0,INC,Hand,MALE,8,58,GENERAL,Post Graduate,"Rs 53,30,178
 ~ 53 Lacs+","Rs 6,09,500
 ~ 6 Lacs+",84366,111,84477,5.13262174,6.230505929,1645884
West Bengal,PURULIA,BIR SINGH MAHATO,0,AIFB,Lion,MALE,1,73,GENERAL,Post Graduate,"Rs 1,79,09,890
 ~ 1 Crore+","Rs 0
 ~",68293,141,68434,4.15788719,5.047272545,1645884
West Bengal,RAIGANJ,DEBASREE CHAUDHURI,1,BJP,Lotus,FEMALE,2,48,GENERAL,Post Graduate,"Rs 61,39,123
 ~ 61 Lacs+","Rs 8,23,416
 ~ 8 Lacs+",509862,1790,511652,31.95388516,40.03298708,1601220
West Bengal,RAIGANJ,AGARWAL KANAIALAL,0,AITC,Flowers and Grass,MALE,4,64,GENERAL,Post Graduate,"Rs 2,06,95,117
 ~ 2 Crore+","Rs 0
 ~",449269,1809,451078,28.17089469,35.29351932,1601220
West Bengal,RAIGANJ,MD. SALIM,0,CPI(M),"Hammer, Sickle and Star",MALE,1,61,GENERAL,Post Graduate,"Rs 96,90,051
 ~ 96 Lacs+","Rs 6,19,755
 ~ 6 Lacs+",181310,725,182035,11.368519,14.24289322,1601220
West Bengal,RAIGANJ,DEEPA DASMUNSI,0,INC,Hand,FEMALE,4,58,GENERAL,Post Graduate,"Rs 1,56,15,375
 ~ 1 Crore+","Rs 0
 ~",83460,202,83662,5.224891021,6.545933106,1601220
West Bengal,RAIGANJ,NOTA,0,NOTA,,,,,,,,,13747,2,13749,0.858657773,1.075757623,1601220
West Bengal,RANAGHAT,JAGANNATH SARKAR,1,BJP,Lotus,MALE,1,56,SC,Graduate Professional,"Rs 1,76,22,476
 ~ 1 Crore+","Rs 0
 ~",779767,3486,783253,44.44614051,52.75152091,1762252
West Bengal,RANAGHAT,RUPALI BISWAS,0,AITC,Flowers and Grass,FEMALE,0,25,SC,Graduate,"Rs 73,70,951
 ~ 73 Lacs+","Rs 17,27,897
 ~ 17 Lacs+",548736,1089,549825,31.20013483,37.03031458,1762252
West Bengal,RANAGHAT,BISWAS RAMA,0,CPI(M),"Hammer, Sickle and Star",FEMALE,1,56,SC,Post Graduate,"Rs 32,11,830
 ~ 32 Lacs+","Rs 0
 ~",97462,309,97771,5.548071445,6.584805869,1762252
West Bengal,RANAGHAT,MINATI BISWAS,0,INC,Hand,FEMALE,0,56,SC,Graduate,"Rs 31,97,168
 ~ 31 Lacs+","Rs 7,77,679
 ~ 7 Lacs+",23178,119,23297,1.322001621,1.569036037,1762252
West Bengal,SRERAMPUR,KALYAN BANERJEE,1,AITC,Flowers and Grass,MALE,0,62,GENERAL,Graduate Professional,"Rs 17,59,68,902
 ~ 17 Crore+","Rs 55,22,403
 ~ 55 Lacs+",637231,476,637707,35.71643801,45.47711942,1785472
West Bengal,SRERAMPUR,DEBJIT SARKAR,0,BJP,Lotus,MALE,9,42,GENERAL,Graduate Professional,"Rs 35,23,068
 ~ 35 Lacs+","Rs 0
 ~",538273,898,539171,30.19767322,38.45017219,1785472
West Bengal,SRERAMPUR,TIRTHANKAR RAY,0,CPI(M),"Hammer, Sickle and Star",MALE,0,44,GENERAL,Graduate,"Rs 2,89,956
 ~ 2 Lacs+","Rs 28,000
 ~ 28 Thou+",152050,231,152281,8.5288932,10.8596914,1785472
West Bengal,SRERAMPUR,DEBABRATA BISWAS,0,INC,Hand,MALE,0,60,GENERAL,Graduate,"Rs 2,16,40,220
 ~ 2 Crore+","Rs 0
 ~",32474,35,32509,1.82075104,2.318330636,1785472
West Bengal,SRERAMPUR,NOTA,0,NOTA,,,,,,,,,20486,15,20501,1.148211789,1.461998104,1785472
West Bengal,TAMLUK,Adhikari Dibyendu,1,AITC,Flowers and Grass,MALE,1,42,GENERAL,Graduate,"Rs 3,76,87,867
 ~ 3 Crore+","Rs 83,97,501
 ~ 83 Lacs+",723641,792,724433,42.748338,50.06655425,1694646
West Bengal,TAMLUK,Sidharthashankar Naskar,0,BJP,Lotus,MALE,1,50,SC,8th Pass,"Rs 19,03,590
 ~ 19 Lacs+","Rs 0
 ~",532844,1424,534268,31.52682035,36.92399132,1694646
West Bengal,TAMLUK,Sk Ibrahim Ali,0,CPI(M),"Hammer, Sickle and Star",MALE,4,31,GENERAL,Graduate,"Rs 4,12,438
 ~ 4 Lacs+","Rs 0
 ~",135862,267,136129,8.032887104,9.40806115,1694646
West Bengal,TAMLUK,Lakshman Chandra Seth,0,INC,Hand,MALE,5,73,SC,Doctorate,"Rs 20,45,953
 ~ 20 Lacs+","Rs 0
 ~",15954,47,16001,0.944208997,1.105850968,1694646
West Bengal,ULUBERIA,SAJDA AHMED,1,AITC,Flowers and Grass,FEMALE,0,57,GENERAL,Graduate,"Rs 2,83,51,569
 ~ 2 Crore+","Rs 53,22,615
 ~ 53 Lacs+",694617,328,694945,43.03096989,53.00392031,1614988
West Bengal,ULUBERIA,JOY BANERJEE,0,BJP,Lotus,MALE,2,56,GENERAL,Graduate,"Rs 2,46,933
 ~ 2 Lacs+","Rs 0
 ~",479016,570,479586,29.69594821,36.57834523,1614988
West Bengal,ULUBERIA,MAKSUDA KHATUN,0,CPI(M),"Hammer, Sickle and Star",FEMALE,0,58,GENERAL,Doctorate,"Rs 1,25,78,736
 ~ 1 Crore+","Rs 28,76,353
 ~ 28 Lacs+",81149,165,81314,5.034960012,6.201873208,1614988
West Bengal,ULUBERIA,Shoma Ranisree Roy,0,INC,Hand,FEMALE,0,40,GENERAL,Post Graduate,"Rs 54,00,000
 ~ 54 Lacs+","Rs 0
 ~",27555,13,27568,1.707009588,2.102629813,1614988
